index	dtw_type	subject_1	subject_2	condition_1	condition_2	obstacles_1	obstacles_2	dtw_distance	distance_matrix_key
0	within	33	33	h	k	0	0	104.69524278953946	s33-s33_ch-ck_o0-o0
1	within	33	33	h	s	0	0	86.02111192861483	s33-s33_ch-cs_o0-o0
2	within	33	33	k	s	0	0	87.90824547258592	s33-s33_ck-cs_o0-o0
3	within	33	33	h	k	1	1	91.61647028863321	s33-s33_ch-ck_o1-o1
4	within	33	33	h	s	1	1	112.99572050233107	s33-s33_ch-cs_o1-o1
5	within	33	33	k	s	1	1	100.36611778653158	s33-s33_ck-cs_o1-o1
6	within	33	33	h	h	0	1	92.58462286679233	s33-s33_ch-ch_o0-o1
7	within	33	33	k	k	0	1	88.75296607360106	s33-s33_ck-ck_o0-o1
8	within	33	33	s	s	0	1	113.45261788480869	s33-s33_cs-cs_o0-o1
9	within	34	34	h	k	0	0	127.19252410481474	s34-s34_ch-ck_o0-o0
10	within	34	34	h	s	0	0	134.7794541680264	s34-s34_ch-cs_o0-o0
11	within	34	34	k	s	0	0	135.74373556974342	s34-s34_ck-cs_o0-o0
12	within	34	34	h	k	1	1	138.10492142944045	s34-s34_ch-ck_o1-o1
13	within	34	34	h	s	1	1	171.7699631455526	s34-s34_ch-cs_o1-o1
14	within	34	34	k	s	1	1	155.84564533297566	s34-s34_ck-cs_o1-o1
15	within	34	34	h	h	0	1	124.94633648708614	s34-s34_ch-ch_o0-o1
16	within	34	34	k	k	0	1	130.25938183587937	s34-s34_ck-ck_o0-o1
17	within	34	34	s	s	0	1	157.36279534153928	s34-s34_cs-cs_o0-o1
18	within	35	35	h	k	0	0	100.58836929144445	s35-s35_ch-ck_o0-o0
19	within	35	35	h	s	0	0	110.20345248872563	s35-s35_ch-cs_o0-o0
20	within	35	35	k	s	0	0	105.7927095775036	s35-s35_ck-cs_o0-o0
21	within	35	35	h	k	1	1	109.6050998114241	s35-s35_ch-ck_o1-o1
22	within	35	35	h	s	1	1	103.30932690564607	s35-s35_ch-cs_o1-o1
23	within	35	35	k	s	1	1	103.28805441691044	s35-s35_ck-cs_o1-o1
24	within	35	35	h	h	0	1	107.29600937861377	s35-s35_ch-ch_o0-o1
25	within	35	35	k	k	0	1	93.78660856405314	s35-s35_ck-ck_o0-o1
26	within	35	35	s	s	0	1	106.64465763155802	s35-s35_cs-cs_o0-o1
27	within	38	38	h	k	0	0	84.10294016984042	s38-s38_ch-ck_o0-o0
28	within	38	38	h	s	0	0	113.19005799827427	s38-s38_ch-cs_o0-o0
29	within	38	38	k	s	0	0	109.08053674621478	s38-s38_ck-cs_o0-o0
30	within	38	38	h	k	1	1	115.38599942164103	s38-s38_ch-ck_o1-o1
31	within	38	38	h	s	1	1	93.75342539347126	s38-s38_ch-cs_o1-o1
32	within	38	38	k	s	1	1	108.20419287093019	s38-s38_ck-cs_o1-o1
33	within	38	38	h	h	0	1	76.0226145686811	s38-s38_ch-ch_o0-o1
34	within	38	38	k	k	0	1	99.01480741158238	s38-s38_ck-ck_o0-o1
35	within	38	38	s	s	0	1	121.79403993298178	s38-s38_cs-cs_o0-o1
36	within	39	39	h	k	0	0	80.3386923327216	s39-s39_ch-ck_o0-o0
37	within	39	39	h	s	0	0	92.15935234821477	s39-s39_ch-cs_o0-o0
38	within	39	39	k	s	0	0	88.20533866914651	s39-s39_ck-cs_o0-o0
39	within	39	39	h	k	1	1	122.19729496831452	s39-s39_ch-ck_o1-o1
40	within	39	39	h	s	1	1	115.11498654708774	s39-s39_ch-cs_o1-o1
41	within	39	39	k	s	1	1	91.73331516236745	s39-s39_ck-cs_o1-o1
42	within	39	39	h	h	0	1	119.93035297194123	s39-s39_ch-ch_o0-o1
43	within	39	39	k	k	0	1	94.29321830631476	s39-s39_ck-ck_o0-o1
44	within	39	39	s	s	0	1	109.43892167387517	s39-s39_cs-cs_o0-o1
45	within	40	40	h	k	0	0	64.27944151653318	s40-s40_ch-ck_o0-o0
46	within	40	40	h	s	0	0	82.96032363241113	s40-s40_ch-cs_o0-o0
47	within	40	40	k	s	0	0	86.36760811023625	s40-s40_ck-cs_o0-o0
48	within	40	40	h	k	1	1	132.5212302107703	s40-s40_ch-ck_o1-o1
49	within	40	40	h	s	1	1	124.32714929716307	s40-s40_ch-cs_o1-o1
50	within	40	40	k	s	1	1	112.59710528590551	s40-s40_ck-cs_o1-o1
51	within	40	40	h	h	0	1	100.31727035809399	s40-s40_ch-ch_o0-o1
52	within	40	40	k	k	0	1	101.93869939568496	s40-s40_ck-ck_o0-o1
53	within	40	40	s	s	0	1	111.50419230036357	s40-s40_cs-cs_o0-o1
54	within	43	43	h	k	0	0	145.75877896929623	s43-s43_ch-ck_o0-o0
55	within	43	43	h	s	0	0	128.15125533325005	s43-s43_ch-cs_o0-o0
56	within	43	43	k	s	0	0	120.89926042939919	s43-s43_ck-cs_o0-o0
57	within	43	43	h	k	1	1	95.59229427051939	s43-s43_ch-ck_o1-o1
58	within	43	43	h	s	1	1	105.21846970200124	s43-s43_ch-cs_o1-o1
59	within	43	43	k	s	1	1	103.73660069943536	s43-s43_ck-cs_o1-o1
60	within	43	43	h	h	0	1	125.84915688456786	s43-s43_ch-ch_o0-o1
61	within	43	43	k	k	0	1	109.78348155235125	s43-s43_ck-ck_o0-o1
62	within	43	43	s	s	0	1	101.90106790685891	s43-s43_cs-cs_o0-o1
63	within	46	46	h	k	0	0	93.305866398222	s46-s46_ch-ck_o0-o0
64	within	46	46	h	s	0	0	131.2723190392905	s46-s46_ch-cs_o0-o0
65	within	46	46	k	s	0	0	154.46822091644506	s46-s46_ck-cs_o0-o0
66	within	46	46	h	k	1	1	101.10842147855307	s46-s46_ch-ck_o1-o1
67	within	46	46	h	s	1	1	160.13971726755292	s46-s46_ch-cs_o1-o1
68	within	46	46	k	s	1	1	151.25307200612684	s46-s46_ck-cs_o1-o1
69	within	46	46	h	h	0	1	98.43154479146621	s46-s46_ch-ch_o0-o1
70	within	46	46	k	k	0	1	95.33141563127289	s46-s46_ck-ck_o0-o1
71	within	46	46	s	s	0	1	115.66739156343775	s46-s46_cs-cs_o0-o1
72	within	47	47	h	k	0	0	77.50437661919605	s47-s47_ch-ck_o0-o0
73	within	47	47	h	s	0	0	73.55664950360423	s47-s47_ch-cs_o0-o0
74	within	47	47	k	s	0	0	74.66358370656707	s47-s47_ck-cs_o0-o0
75	within	47	47	h	k	1	1	81.39204330651206	s47-s47_ch-ck_o1-o1
76	within	47	47	h	s	1	1	82.51685190204105	s47-s47_ch-cs_o1-o1
77	within	47	47	k	s	1	1	84.81742448292964	s47-s47_ck-cs_o1-o1
78	within	47	47	h	h	0	1	74.73324768543759	s47-s47_ch-ch_o0-o1
79	within	47	47	k	k	0	1	79.63072321381283	s47-s47_ck-ck_o0-o1
80	within	47	47	s	s	0	1	77.49692065187146	s47-s47_cs-cs_o0-o1
81	within	53	53	h	k	0	0	73.31556222837119	s53-s53_ch-ck_o0-o0
82	within	53	53	h	s	0	0	80.89384731372193	s53-s53_ch-cs_o0-o0
83	within	53	53	k	s	0	0	66.20995484934943	s53-s53_ck-cs_o0-o0
84	within	53	53	h	k	1	1	93.03031110135483	s53-s53_ch-ck_o1-o1
85	within	53	53	h	s	1	1	70.06731284402807	s53-s53_ch-cs_o1-o1
86	within	53	53	k	s	1	1	89.24601921163735	s53-s53_ck-cs_o1-o1
87	within	53	53	h	h	0	1	68.84948247387717	s53-s53_ch-ch_o0-o1
88	within	53	53	k	k	0	1	75.38086182773898	s53-s53_ck-ck_o0-o1
89	within	53	53	s	s	0	1	63.348738210953336	s53-s53_cs-cs_o0-o1
90	within	57	57	h	k	0	0	107.04407750217068	s57-s57_ch-ck_o0-o0
91	within	57	57	h	s	0	0	126.06517462133087	s57-s57_ch-cs_o0-o0
92	within	57	57	k	s	0	0	136.41307602908367	s57-s57_ck-cs_o0-o0
93	within	57	57	h	k	1	1	155.73961745472545	s57-s57_ch-ck_o1-o1
94	within	57	57	h	s	1	1	116.32132064980239	s57-s57_ch-cs_o1-o1
95	within	57	57	k	s	1	1	153.31359460505212	s57-s57_ck-cs_o1-o1
96	within	57	57	h	h	0	1	127.11164627520805	s57-s57_ch-ch_o0-o1
97	within	57	57	k	k	0	1	148.71363627064136	s57-s57_ck-ck_o0-o1
98	within	57	57	s	s	0	1	116.44997442880882	s57-s57_cs-cs_o0-o1
99	within	58	58	h	k	0	0	99.72759042171774	s58-s58_ch-ck_o0-o0
100	within	58	58	h	s	0	0	147.79756082229443	s58-s58_ch-cs_o0-o0
101	within	58	58	k	s	0	0	155.6621254114243	s58-s58_ck-cs_o0-o0
102	within	58	58	h	k	1	1	107.1788287958332	s58-s58_ch-ck_o1-o1
103	within	58	58	h	s	1	1	131.83965055253935	s58-s58_ch-cs_o1-o1
104	within	58	58	k	s	1	1	144.6834643136164	s58-s58_ck-cs_o1-o1
105	within	58	58	h	h	0	1	110.83357984801414	s58-s58_ch-ch_o0-o1
106	within	58	58	k	k	0	1	93.14398624146922	s58-s58_ck-ck_o0-o1
107	within	58	58	s	s	0	1	159.96152838927242	s58-s58_cs-cs_o0-o1
108	within	59	59	h	k	0	0	96.78764877069986	s59-s59_ch-ck_o0-o0
109	within	59	59	h	s	0	0	81.49572198194275	s59-s59_ch-cs_o0-o0
110	within	59	59	k	s	0	0	78.8765189385833	s59-s59_ck-cs_o0-o0
111	within	59	59	h	k	1	1	89.78588567167799	s59-s59_ch-ck_o1-o1
112	within	59	59	h	s	1	1	83.43081294880727	s59-s59_ch-cs_o1-o1
113	within	59	59	k	s	1	1	88.75348584185703	s59-s59_ck-cs_o1-o1
114	within	59	59	h	h	0	1	92.0006678112534	s59-s59_ch-ch_o0-o1
115	within	59	59	k	k	0	1	96.27641511262152	s59-s59_ck-ck_o0-o1
116	within	59	59	s	s	0	1	94.01925004675077	s59-s59_cs-cs_o0-o1
117	within	60	60	h	k	0	0	141.2258530232531	s60-s60_ch-ck_o0-o0
118	within	60	60	h	s	0	0	113.38535261035622	s60-s60_ch-cs_o0-o0
119	within	60	60	k	s	0	0	139.92580080694626	s60-s60_ck-cs_o0-o0
121	within	60	60	h	s	1	1	101.49711606135064	s60-s60_ch-cs_o1-o1
123	within	60	60	h	h	0	1	102.60342326149708	s60-s60_ch-ch_o0-o1
125	within	60	60	s	s	0	1	92.64841658262672	s60-s60_cs-cs_o0-o1
126	within	61	61	h	k	0	0	91.54615436415347	s61-s61_ch-ck_o0-o0
127	within	61	61	h	s	0	0	118.23348875668071	s61-s61_ch-cs_o0-o0
128	within	61	61	k	s	0	0	116.85187203211505	s61-s61_ck-cs_o0-o0
129	within	61	61	h	k	1	1	120.13923334109998	s61-s61_ch-ck_o1-o1
130	within	61	61	h	s	1	1	114.43315535535162	s61-s61_ch-cs_o1-o1
131	within	61	61	k	s	1	1	131.21438393986244	s61-s61_ck-cs_o1-o1
132	within	61	61	h	h	0	1	97.03199915820143	s61-s61_ch-ch_o0-o1
133	within	61	61	k	k	0	1	101.05035870660805	s61-s61_ck-ck_o0-o1
134	within	61	61	s	s	0	1	126.21583553100182	s61-s61_cs-cs_o0-o1
135	within	65	65	h	k	0	0	73.89397150405975	s65-s65_ch-ck_o0-o0
136	within	65	65	h	s	0	0	77.78651379913245	s65-s65_ch-cs_o0-o0
137	within	65	65	k	s	0	0	75.84523808327154	s65-s65_ck-cs_o0-o0
138	within	65	65	h	k	1	1	87.47433250973513	s65-s65_ch-ck_o1-o1
139	within	65	65	h	s	1	1	89.44782333085612	s65-s65_ch-cs_o1-o1
140	within	65	65	k	s	1	1	95.38871275942698	s65-s65_ck-cs_o1-o1
141	within	65	65	h	h	0	1	69.15895772935073	s65-s65_ch-ch_o0-o1
142	within	65	65	k	k	0	1	98.69705807513041	s65-s65_ck-ck_o0-o1
143	within	65	65	s	s	0	1	92.22431319157931	s65-s65_cs-cs_o0-o1
144	within	67	67	h	k	0	0	59.72053026188234	s67-s67_ch-ck_o0-o0
145	within	67	67	h	s	0	0	104.53786626000844	s67-s67_ch-cs_o0-o0
146	within	67	67	k	s	0	0	134.15922272654834	s67-s67_ck-cs_o0-o0
147	within	67	67	h	k	1	1	75.42003934326497	s67-s67_ch-ck_o1-o1
148	within	67	67	h	s	1	1	105.6210039304057	s67-s67_ch-cs_o1-o1
149	within	67	67	k	s	1	1	120.44141134968893	s67-s67_ck-cs_o1-o1
150	within	67	67	h	h	0	1	65.73009749891155	s67-s67_ch-ch_o0-o1
151	within	67	67	k	k	0	1	80.67643740819489	s67-s67_ck-ck_o0-o1
152	within	67	67	s	s	0	1	123.46164497584701	s67-s67_cs-cs_o0-o1
153	within	74	74	h	k	0	0	83.3111674744431	s74-s74_ch-ck_o0-o0
154	within	74	74	h	s	0	0	157.6800733695852	s74-s74_ch-cs_o0-o0
155	within	74	74	k	s	0	0	172.04869602520088	s74-s74_ck-cs_o0-o0
157	within	74	74	h	s	1	1	138.9421293586515	s74-s74_ch-cs_o1-o1
159	within	74	74	h	h	0	1	82.05013555957464	s74-s74_ch-ch_o0-o1
161	within	74	74	s	s	0	1	133.19768004203937	s74-s74_cs-cs_o0-o1
162	within	76	76	h	k	0	0	149.41980440962996	s76-s76_ch-ck_o0-o0
163	within	76	76	h	s	0	0	167.78565174842825	s76-s76_ch-cs_o0-o0
164	within	76	76	k	s	0	0	130.60710918865186	s76-s76_ck-cs_o0-o0
166	within	76	76	h	s	1	1	113.40172134620725	s76-s76_ch-cs_o1-o1
168	within	76	76	h	h	0	1	140.79315532248975	s76-s76_ch-ch_o0-o1
170	within	76	76	s	s	0	1	147.82083214008478	s76-s76_cs-cs_o0-o1
171	within	79	79	h	k	0	0	64.34613264771976	s79-s79_ch-ck_o0-o0
172	within	79	79	h	s	0	0	106.8065895907106	s79-s79_ch-cs_o0-o0
173	within	79	79	k	s	0	0	111.11107257984094	s79-s79_ck-cs_o0-o0
174	within	79	79	h	k	1	1	96.54463364430349	s79-s79_ch-ck_o1-o1
175	within	79	79	h	s	1	1	99.8133863457833	s79-s79_ch-cs_o1-o1
176	within	79	79	k	s	1	1	111.91737656070259	s79-s79_ck-cs_o1-o1
177	within	79	79	h	h	0	1	88.4319909085996	s79-s79_ch-ch_o0-o1
178	within	79	79	k	k	0	1	79.4506392753741	s79-s79_ck-ck_o0-o1
179	within	79	79	s	s	0	1	104.51024611277039	s79-s79_cs-cs_o0-o1
180	within	80	80	h	k	0	0	97.1963224572694	s80-s80_ch-ck_o0-o0
181	within	80	80	h	s	0	0	107.9049614289858	s80-s80_ch-cs_o0-o0
182	within	80	80	k	s	0	0	119.11730246197088	s80-s80_ck-cs_o0-o0
183	within	80	80	h	k	1	1	123.32834235223025	s80-s80_ch-ck_o1-o1
184	within	80	80	h	s	1	1	105.51674111307838	s80-s80_ch-cs_o1-o1
185	within	80	80	k	s	1	1	115.43793612743782	s80-s80_ck-cs_o1-o1
186	within	80	80	h	h	0	1	101.46523506148759	s80-s80_ch-ch_o0-o1
187	within	80	80	k	k	0	1	138.71857005134413	s80-s80_ck-ck_o0-o1
188	within	80	80	s	s	0	1	109.33945523426877	s80-s80_cs-cs_o0-o1
189	within	81	81	h	k	0	0	106.85108448290742	s81-s81_ch-ck_o0-o0
190	within	81	81	h	s	0	0	150.12992695534584	s81-s81_ch-cs_o0-o0
191	within	81	81	k	s	0	0	172.2754474730451	s81-s81_ck-cs_o0-o0
192	within	81	81	h	k	1	1	136.60597870202986	s81-s81_ch-ck_o1-o1
193	within	81	81	h	s	1	1	163.76162001453082	s81-s81_ch-cs_o1-o1
194	within	81	81	k	s	1	1	210.38231057716885	s81-s81_ck-cs_o1-o1
195	within	81	81	h	h	0	1	74.54423218781359	s81-s81_ch-ch_o0-o1
196	within	81	81	k	k	0	1	128.0452719981595	s81-s81_ck-ck_o0-o1
197	within	81	81	s	s	0	1	89.68463907496054	s81-s81_cs-cs_o0-o1
198	within	87	87	h	k	0	0	103.32943736814977	s87-s87_ch-ck_o0-o0
199	within	87	87	h	s	0	0	167.4562914367469	s87-s87_ch-cs_o0-o0
200	within	87	87	k	s	0	0	147.87255847503175	s87-s87_ck-cs_o0-o0
201	within	87	87	h	k	1	1	80.16740295148522	s87-s87_ch-ck_o1-o1
202	within	87	87	h	s	1	1	169.50849322146388	s87-s87_ch-cs_o1-o1
203	within	87	87	k	s	1	1	171.73536599857863	s87-s87_ck-cs_o1-o1
204	within	87	87	h	h	0	1	99.6694584720199	s87-s87_ch-ch_o0-o1
205	within	87	87	k	k	0	1	92.8321507694467	s87-s87_ck-ck_o0-o1
206	within	87	87	s	s	0	1	219.61121214469387	s87-s87_cs-cs_o0-o1
207	within	88	88	h	k	0	0	130.40774900777683	s88-s88_ch-ck_o0-o0
208	within	88	88	h	s	0	0	175.74230287817912	s88-s88_ch-cs_o0-o0
209	within	88	88	k	s	0	0	155.28472252413178	s88-s88_ck-cs_o0-o0
210	within	88	88	h	k	1	1	137.67436766653788	s88-s88_ch-ck_o1-o1
211	within	88	88	h	s	1	1	153.69706401268527	s88-s88_ch-cs_o1-o1
212	within	88	88	k	s	1	1	164.85711286841138	s88-s88_ck-cs_o1-o1
213	within	88	88	h	h	0	1	123.4234903013529	s88-s88_ch-ch_o0-o1
214	within	88	88	k	k	0	1	134.13245441316198	s88-s88_ck-ck_o0-o1
215	within	88	88	s	s	0	1	193.44015579855727	s88-s88_cs-cs_o0-o1
216	within	89	89	h	k	0	0	51.12572568228823	s89-s89_ch-ck_o0-o0
217	within	89	89	h	s	0	0	145.0294192892024	s89-s89_ch-cs_o0-o0
218	within	89	89	k	s	0	0	145.45249898513197	s89-s89_ck-cs_o0-o0
219	within	89	89	h	k	1	1	77.71375087197094	s89-s89_ch-ck_o1-o1
220	within	89	89	h	s	1	1	88.65929608456719	s89-s89_ch-cs_o1-o1
221	within	89	89	k	s	1	1	77.06420436221727	s89-s89_ck-cs_o1-o1
222	within	89	89	h	h	0	1	67.22151429847023	s89-s89_ch-ch_o0-o1
223	within	89	89	k	k	0	1	72.51653235325134	s89-s89_ck-ck_o0-o1
224	within	89	89	s	s	0	1	93.2291860883012	s89-s89_cs-cs_o0-o1
225	within	90	90	h	k	0	0	109.77717264002504	s90-s90_ch-ck_o0-o0
226	within	90	90	h	s	0	0	131.428010240197	s90-s90_ch-cs_o0-o0
227	within	90	90	k	s	0	0	147.19588429916368	s90-s90_ck-cs_o0-o0
228	within	90	90	h	k	1	1	138.02186439289315	s90-s90_ch-ck_o1-o1
229	within	90	90	h	s	1	1	145.86592662070544	s90-s90_ch-cs_o1-o1
230	within	90	90	k	s	1	1	173.73440901532095	s90-s90_ck-cs_o1-o1
231	within	90	90	h	h	0	1	119.4080575954049	s90-s90_ch-ch_o0-o1
232	within	90	90	k	k	0	1	125.69897920093933	s90-s90_ck-ck_o0-o1
233	within	90	90	s	s	0	1	133.2017525629364	s90-s90_cs-cs_o0-o1
234	within	91	91	h	k	0	0	78.92493163043714	s91-s91_ch-ck_o0-o0
235	within	91	91	h	s	0	0	174.46253138277456	s91-s91_ch-cs_o0-o0
236	within	91	91	k	s	0	0	178.2796750851309	s91-s91_ck-cs_o0-o0
237	within	91	91	h	k	1	1	109.30404283584805	s91-s91_ch-ck_o1-o1
238	within	91	91	h	s	1	1	170.10669557364656	s91-s91_ch-cs_o1-o1
239	within	91	91	k	s	1	1	182.2344894263144	s91-s91_ck-cs_o1-o1
240	within	91	91	h	h	0	1	77.60068330200407	s91-s91_ch-ch_o0-o1
241	within	91	91	k	k	0	1	107.52559408636992	s91-s91_ck-ck_o0-o1
242	within	91	91	s	s	0	1	213.55782874769278	s91-s91_cs-cs_o0-o1
243	within	92	92	h	k	0	0	119.42412987349026	s92-s92_ch-ck_o0-o0
244	within	92	92	h	s	0	0	224.6840597629888	s92-s92_ch-cs_o0-o0
245	within	92	92	k	s	0	0	220.28289796503583	s92-s92_ck-cs_o0-o0
248	within	92	92	k	s	1	1	105.70970843546151	s92-s92_ck-cs_o1-o1
250	within	92	92	k	k	0	1	104.12885040757624	s92-s92_ck-ck_o0-o1
251	within	92	92	s	s	0	1	203.71749676286413	s92-s92_cs-cs_o0-o1
252	within	94	94	h	k	0	0	82.52127157194352	s94-s94_ch-ck_o0-o0
253	within	94	94	h	s	0	0	279.642642533415	s94-s94_ch-cs_o0-o0
254	within	94	94	k	s	0	0	289.6402884280572	s94-s94_ck-cs_o0-o0
255	within	94	94	h	k	1	1	115.54478777003102	s94-s94_ch-ck_o1-o1
256	within	94	94	h	s	1	1	228.3257766316216	s94-s94_ch-cs_o1-o1
257	within	94	94	k	s	1	1	231.2420552277009	s94-s94_ck-cs_o1-o1
258	within	94	94	h	h	0	1	107.64064710271252	s94-s94_ch-ch_o0-o1
259	within	94	94	k	k	0	1	98.84143898284434	s94-s94_ck-ck_o0-o1
260	within	94	94	s	s	0	1	346.29303188062886	s94-s94_cs-cs_o0-o1
261	within	95	95	h	k	0	0	83.2824970439994	s95-s95_ch-ck_o0-o0
262	within	95	95	h	s	0	0	107.85550329721089	s95-s95_ch-cs_o0-o0
263	within	95	95	k	s	0	0	84.13706163733241	s95-s95_ck-cs_o0-o0
264	within	95	95	h	k	1	1	64.5149610674764	s95-s95_ch-ck_o1-o1
265	within	95	95	h	s	1	1	96.87036366721672	s95-s95_ch-cs_o1-o1
266	within	95	95	k	s	1	1	94.23511596282566	s95-s95_ck-cs_o1-o1
267	within	95	95	h	h	0	1	75.01697688340103	s95-s95_ch-ch_o0-o1
268	within	95	95	k	k	0	1	74.49724940511719	s95-s95_ck-ck_o0-o1
269	within	95	95	s	s	0	1	115.57223089985602	s95-s95_cs-cs_o0-o1
270	within	97	97	h	k	0	0	71.32214130933899	s97-s97_ch-ck_o0-o0
271	within	97	97	h	s	0	0	104.81104757581214	s97-s97_ch-cs_o0-o0
272	within	97	97	k	s	0	0	103.59778647209595	s97-s97_ck-cs_o0-o0
273	within	97	97	h	k	1	1	106.30090153916565	s97-s97_ch-ck_o1-o1
274	within	97	97	h	s	1	1	86.34244234200946	s97-s97_ch-cs_o1-o1
275	within	97	97	k	s	1	1	105.34294846980836	s97-s97_ck-cs_o1-o1
276	within	97	97	h	h	0	1	95.5120836212276	s97-s97_ch-ch_o0-o1
277	within	97	97	k	k	0	1	107.14702765648714	s97-s97_ck-ck_o0-o1
278	within	97	97	s	s	0	1	105.28360544553291	s97-s97_cs-cs_o0-o1
279	within	99	99	h	k	0	0	50.023880843776176	s99-s99_ch-ck_o0-o0
280	within	99	99	h	s	0	0	102.51875132345823	s99-s99_ch-cs_o0-o0
281	within	99	99	k	s	0	0	119.69565363299265	s99-s99_ck-cs_o0-o0
282	within	99	99	h	k	1	1	116.2963019032222	s99-s99_ch-ck_o1-o1
283	within	99	99	h	s	1	1	108.37951713174418	s99-s99_ch-cs_o1-o1
284	within	99	99	k	s	1	1	132.97287053829626	s99-s99_ck-cs_o1-o1
285	within	99	99	h	h	0	1	89.31228851180049	s99-s99_ch-ch_o0-o1
286	within	99	99	k	k	0	1	132.27906093110153	s99-s99_ck-ck_o0-o1
287	within	99	99	s	s	0	1	115.72797221966061	s99-s99_cs-cs_o0-o1
288	between	33	34	h	h	0	0	118.1215584154918	s33-s34_ch-ch_o0-o0
289	between	33	34	h	h	1	1	124.05546786937242	s33-s34_ch-ch_o1-o1
290	between	33	34	k	k	0	0	134.08432785951723	s33-s34_ck-ck_o0-o0
291	between	33	34	k	k	1	1	117.95778626617856	s33-s34_ck-ck_o1-o1
292	between	33	34	s	s	0	0	149.11360966382836	s33-s34_cs-cs_o0-o0
293	between	33	34	s	s	1	1	181.57874807804077	s33-s34_cs-cs_o1-o1
294	between	33	35	h	h	0	0	103.07019761354273	s33-s35_ch-ch_o0-o0
295	between	33	35	h	h	1	1	112.74083245424892	s33-s35_ch-ch_o1-o1
296	between	33	35	k	k	0	0	124.93548567729778	s33-s35_ck-ck_o0-o0
297	between	33	35	k	k	1	1	116.35812686324176	s33-s35_ck-ck_o1-o1
298	between	33	35	s	s	0	0	116.28648122991783	s33-s35_cs-cs_o0-o0
299	between	33	35	s	s	1	1	125.70650693393752	s33-s35_cs-cs_o1-o1
300	between	33	38	h	h	0	0	111.44986330953884	s33-s38_ch-ch_o0-o0
301	between	33	38	h	h	1	1	115.94035760573354	s33-s38_ch-ch_o1-o1
302	between	33	38	k	k	0	0	141.96461457844734	s33-s38_ck-ck_o0-o0
303	between	33	38	k	k	1	1	125.27417160598316	s33-s38_ck-ck_o1-o1
304	between	33	38	s	s	0	0	151.47187377840947	s33-s38_cs-cs_o0-o0
305	between	33	38	s	s	1	1	135.61027806055102	s33-s38_cs-cs_o1-o1
306	between	33	39	h	h	0	0	108.83574639089602	s33-s39_ch-ch_o0-o0
307	between	33	39	h	h	1	1	144.5330552390641	s33-s39_ch-ch_o1-o1
308	between	33	39	k	k	0	0	130.5023241030044	s33-s39_ck-ck_o0-o0
309	between	33	39	k	k	1	1	121.3962365914578	s33-s39_ck-ck_o1-o1
310	between	33	39	s	s	0	0	133.46953849682237	s33-s39_cs-cs_o0-o0
311	between	33	39	s	s	1	1	120.94819997814896	s33-s39_cs-cs_o1-o1
312	between	33	40	h	h	0	0	109.61341142523698	s33-s40_ch-ch_o0-o0
313	between	33	40	h	h	1	1	137.7477575183952	s33-s40_ch-ch_o1-o1
314	between	33	40	k	k	0	0	126.27542565148647	s33-s40_ck-ck_o0-o0
315	between	33	40	k	k	1	1	122.14675130893801	s33-s40_ck-ck_o1-o1
316	between	33	40	s	s	0	0	134.60962386213367	s33-s40_cs-cs_o0-o0
317	between	33	40	s	s	1	1	125.08469061038379	s33-s40_cs-cs_o1-o1
318	between	33	43	h	h	0	0	143.50596542070673	s33-s43_ch-ch_o0-o0
319	between	33	43	h	h	1	1	119.04730521235965	s33-s43_ch-ch_o1-o1
320	between	33	43	k	k	0	0	130.45317455743782	s33-s43_ck-ck_o0-o0
321	between	33	43	k	k	1	1	120.14163078429908	s33-s43_ck-ck_o1-o1
322	between	33	43	s	s	0	0	127.09357467483285	s33-s43_cs-cs_o0-o0
323	between	33	43	s	s	1	1	118.39647288773185	s33-s43_cs-cs_o1-o1
324	between	33	46	h	h	0	0	109.92808808773565	s33-s46_ch-ch_o0-o0
325	between	33	46	h	h	1	1	123.9524535022883	s33-s46_ch-ch_o1-o1
326	between	33	46	k	k	0	0	132.18115308085387	s33-s46_ck-ck_o0-o0
327	between	33	46	k	k	1	1	109.94833643430607	s33-s46_ck-ck_o1-o1
328	between	33	46	s	s	0	0	152.7833972654859	s33-s46_cs-cs_o0-o0
329	between	33	46	s	s	1	1	164.58055629005622	s33-s46_cs-cs_o1-o1
330	between	33	47	h	h	0	0	119.81789618902886	s33-s47_ch-ch_o0-o0
331	between	33	47	h	h	1	1	116.65693885778303	s33-s47_ch-ch_o1-o1
332	between	33	47	k	k	0	0	143.96311007127233	s33-s47_ck-ck_o0-o0
333	between	33	47	k	k	1	1	138.8243888009896	s33-s47_ck-ck_o1-o1
334	between	33	47	s	s	0	0	134.26009601122817	s33-s47_cs-cs_o0-o0
335	between	33	47	s	s	1	1	148.3188440644665	s33-s47_cs-cs_o1-o1
336	between	33	53	h	h	0	0	106.36461279294784	s33-s53_ch-ch_o0-o0
337	between	33	53	h	h	1	1	116.35052835850252	s33-s53_ch-ch_o1-o1
338	between	33	53	k	k	0	0	138.2618031362268	s33-s53_ck-ck_o0-o0
339	between	33	53	k	k	1	1	130.9144277673071	s33-s53_ck-ck_o1-o1
340	between	33	53	s	s	0	0	142.85646652050877	s33-s53_cs-cs_o0-o0
341	between	33	53	s	s	1	1	155.7551037828756	s33-s53_cs-cs_o1-o1
342	between	33	57	h	h	0	0	128.27735964937065	s33-s57_ch-ch_o0-o0
343	between	33	57	h	h	1	1	136.21953706066654	s33-s57_ch-ch_o1-o1
344	between	33	57	k	k	0	0	158.89962853703668	s33-s57_ck-ck_o0-o0
345	between	33	57	k	k	1	1	168.23201446616565	s33-s57_ck-ck_o1-o1
346	between	33	57	s	s	0	0	153.98521676484367	s33-s57_cs-cs_o0-o0
347	between	33	57	s	s	1	1	146.1180996570909	s33-s57_cs-cs_o1-o1
348	between	33	58	h	h	0	0	109.72071791363422	s33-s58_ch-ch_o0-o0
349	between	33	58	h	h	1	1	124.31992581644812	s33-s58_ch-ch_o1-o1
350	between	33	58	k	k	0	0	129.133423201773	s33-s58_ck-ck_o0-o0
351	between	33	58	k	k	1	1	113.80509340666842	s33-s58_ck-ck_o1-o1
352	between	33	58	s	s	0	0	173.45519282329323	s33-s58_cs-cs_o0-o0
353	between	33	58	s	s	1	1	162.70347303292658	s33-s58_cs-cs_o1-o1
354	between	33	59	h	h	0	0	106.35968774367417	s33-s59_ch-ch_o0-o0
355	between	33	59	h	h	1	1	104.05213590773293	s33-s59_ch-ch_o1-o1
356	between	33	59	k	k	0	0	116.60893653054687	s33-s59_ck-ck_o0-o0
357	between	33	59	k	k	1	1	105.3115761266231	s33-s59_ck-ck_o1-o1
358	between	33	59	s	s	0	0	119.70078620257547	s33-s59_cs-cs_o0-o0
359	between	33	59	s	s	1	1	106.18809183787543	s33-s59_cs-cs_o1-o1
360	between	33	60	h	h	0	0	120.16436740368165	s33-s60_ch-ch_o0-o0
361	between	33	60	h	h	1	1	123.2355586182796	s33-s60_ch-ch_o1-o1
362	between	33	60	k	k	0	0	163.017832100364	s33-s60_ck-ck_o0-o0
364	between	33	60	s	s	0	0	137.074021249684	s33-s60_cs-cs_o0-o0
365	between	33	60	s	s	1	1	121.79507365631257	s33-s60_cs-cs_o1-o1
366	between	33	61	h	h	0	0	107.19572844262868	s33-s61_ch-ch_o0-o0
367	between	33	61	h	h	1	1	115.9078715658707	s33-s61_ch-ch_o1-o1
368	between	33	61	k	k	0	0	144.98753110275536	s33-s61_ck-ck_o0-o0
369	between	33	61	k	k	1	1	146.27277108227952	s33-s61_ck-ck_o1-o1
370	between	33	61	s	s	0	0	145.80866695367183	s33-s61_cs-cs_o0-o0
371	between	33	61	s	s	1	1	145.2069578281473	s33-s61_cs-cs_o1-o1
372	between	33	65	h	h	0	0	102.12864455084775	s33-s65_ch-ch_o0-o0
373	between	33	65	h	h	1	1	110.18300836291336	s33-s65_ch-ch_o1-o1
374	between	33	65	k	k	0	0	119.61824980978054	s33-s65_ck-ck_o0-o0
375	between	33	65	k	k	1	1	107.62586656103792	s33-s65_ck-ck_o1-o1
376	between	33	65	s	s	0	0	131.72595462182286	s33-s65_cs-cs_o0-o0
377	between	33	65	s	s	1	1	123.97779103201411	s33-s65_cs-cs_o1-o1
378	between	33	67	h	h	0	0	92.73909257496604	s33-s67_ch-ch_o0-o0
379	between	33	67	h	h	1	1	105.7748225380012	s33-s67_ch-ch_o1-o1
380	between	33	67	k	k	0	0	119.353543023351	s33-s67_ck-ck_o0-o0
381	between	33	67	k	k	1	1	113.44559391352611	s33-s67_ck-ck_o1-o1
382	between	33	67	s	s	0	0	150.37146678276525	s33-s67_cs-cs_o0-o0
383	between	33	67	s	s	1	1	148.17182432581546	s33-s67_cs-cs_o1-o1
384	between	33	74	h	h	0	0	121.38903323743114	s33-s74_ch-ch_o0-o0
385	between	33	74	h	h	1	1	127.56223578216215	s33-s74_ch-ch_o1-o1
386	between	33	74	k	k	0	0	128.20860470487077	s33-s74_ck-ck_o0-o0
388	between	33	74	s	s	0	0	184.11614418078057	s33-s74_cs-cs_o0-o0
389	between	33	74	s	s	1	1	166.35321507409856	s33-s74_cs-cs_o1-o1
390	between	33	76	h	h	0	0	148.2973989086195	s33-s76_ch-ch_o0-o0
391	between	33	76	h	h	1	1	96.64828418819036	s33-s76_ch-ch_o1-o1
392	between	33	76	k	k	0	0	121.35302601034988	s33-s76_ck-ck_o0-o0
394	between	33	76	s	s	0	0	127.30908469818667	s33-s76_cs-cs_o0-o0
395	between	33	76	s	s	1	1	146.58763923095478	s33-s76_cs-cs_o1-o1
396	between	33	79	h	h	0	0	124.06314294135375	s33-s79_ch-ch_o0-o0
397	between	33	79	h	h	1	1	120.04917411995697	s33-s79_ch-ch_o1-o1
398	between	33	79	k	k	0	0	108.65982329818839	s33-s79_ck-ck_o0-o0
399	between	33	79	k	k	1	1	117.96523575333325	s33-s79_ck-ck_o1-o1
400	between	33	79	s	s	0	0	146.60734651663557	s33-s79_cs-cs_o0-o0
401	between	33	79	s	s	1	1	134.98332196940368	s33-s79_cs-cs_o1-o1
402	between	33	80	h	h	0	0	147.15387309574945	s33-s80_ch-ch_o0-o0
403	between	33	80	h	h	1	1	132.64945619958448	s33-s80_ch-ch_o1-o1
404	between	33	80	k	k	0	0	137.7925650561604	s33-s80_ck-ck_o0-o0
405	between	33	80	k	k	1	1	153.66990820527852	s33-s80_ck-ck_o1-o1
406	between	33	80	s	s	0	0	139.79958318496782	s33-s80_cs-cs_o0-o0
407	between	33	80	s	s	1	1	139.07218787050388	s33-s80_cs-cs_o1-o1
408	between	33	81	h	h	0	0	122.10119259396012	s33-s81_ch-ch_o0-o0
409	between	33	81	h	h	1	1	112.70823381933765	s33-s81_ch-ch_o1-o1
410	between	33	81	k	k	0	0	125.17173321577295	s33-s81_ck-ck_o0-o0
411	between	33	81	k	k	1	1	154.7283422137684	s33-s81_ck-ck_o1-o1
412	between	33	81	s	s	0	0	149.09624354434627	s33-s81_cs-cs_o0-o0
413	between	33	81	s	s	1	1	166.6290799116376	s33-s81_cs-cs_o1-o1
414	between	33	87	h	h	0	0	126.15845859637646	s33-s87_ch-ch_o0-o0
415	between	33	87	h	h	1	1	105.22279252007421	s33-s87_ch-ch_o1-o1
416	between	33	87	k	k	0	0	134.48863782364714	s33-s87_ck-ck_o0-o0
417	between	33	87	k	k	1	1	123.9541620692666	s33-s87_ck-ck_o1-o1
418	between	33	87	s	s	0	0	166.050057632133	s33-s87_cs-cs_o0-o0
419	between	33	87	s	s	1	1	191.9335704647452	s33-s87_cs-cs_o1-o1
420	between	33	88	h	h	0	0	135.82272759716795	s33-s88_ch-ch_o0-o0
421	between	33	88	h	h	1	1	130.90971567027918	s33-s88_ch-ch_o1-o1
422	between	33	88	k	k	0	0	160.54992728299115	s33-s88_ck-ck_o0-o0
423	between	33	88	k	k	1	1	137.4904896933533	s33-s88_ck-ck_o1-o1
424	between	33	88	s	s	0	0	197.0853966526327	s33-s88_cs-cs_o0-o0
425	between	33	88	s	s	1	1	172.2122262754217	s33-s88_cs-cs_o1-o1
426	between	33	89	h	h	0	0	101.34168021770755	s33-s89_ch-ch_o0-o0
427	between	33	89	h	h	1	1	103.56436204635094	s33-s89_ch-ch_o1-o1
428	between	33	89	k	k	0	0	127.17776057529215	s33-s89_ck-ck_o0-o0
429	between	33	89	k	k	1	1	90.75914752231652	s33-s89_ck-ck_o1-o1
430	between	33	89	s	s	0	0	126.26420187602884	s33-s89_cs-cs_o0-o0
431	between	33	89	s	s	1	1	102.85926179257646	s33-s89_cs-cs_o1-o1
432	between	33	90	h	h	0	0	129.78003855036977	s33-s90_ch-ch_o0-o0
433	between	33	90	h	h	1	1	118.90379413330285	s33-s90_ch-ch_o1-o1
434	between	33	90	k	k	0	0	137.55466068526616	s33-s90_ck-ck_o0-o0
435	between	33	90	k	k	1	1	153.35364934870987	s33-s90_ck-ck_o1-o1
436	between	33	90	s	s	0	0	151.62082784128407	s33-s90_cs-cs_o0-o0
437	between	33	90	s	s	1	1	162.9354450634283	s33-s90_cs-cs_o1-o1
438	between	33	91	h	h	0	0	119.43352647894328	s33-s91_ch-ch_o0-o0
439	between	33	91	h	h	1	1	109.40996788170794	s33-s91_ch-ch_o1-o1
440	between	33	91	k	k	0	0	139.7074007430985	s33-s91_ck-ck_o0-o0
441	between	33	91	k	k	1	1	137.0605909606935	s33-s91_ck-ck_o1-o1
442	between	33	91	s	s	0	0	198.65623940553968	s33-s91_cs-cs_o0-o0
443	between	33	91	s	s	1	1	192.01974190571804	s33-s91_cs-cs_o1-o1
444	between	33	92	h	h	0	0	103.88285785931119	s33-s92_ch-ch_o0-o0
446	between	33	92	k	k	0	0	131.32444531493155	s33-s92_ck-ck_o0-o0
447	between	33	92	k	k	1	1	120.60408401581094	s33-s92_ck-ck_o1-o1
448	between	33	92	s	s	0	0	222.44146182513038	s33-s92_cs-cs_o0-o0
449	between	33	92	s	s	1	1	122.39045474570236	s33-s92_cs-cs_o1-o1
450	between	33	94	h	h	0	0	116.95561416995132	s33-s94_ch-ch_o0-o0
451	between	33	94	h	h	1	1	119.47091699770115	s33-s94_ch-ch_o1-o1
452	between	33	94	k	k	0	0	157.70211138291796	s33-s94_ck-ck_o0-o0
453	between	33	94	k	k	1	1	138.43729254630026	s33-s94_ck-ck_o1-o1
454	between	33	94	s	s	0	0	255.24630099506444	s33-s94_cs-cs_o0-o0
455	between	33	94	s	s	1	1	223.0235601206215	s33-s94_cs-cs_o1-o1
456	between	33	95	h	h	0	0	104.66390188104077	s33-s95_ch-ch_o0-o0
457	between	33	95	h	h	1	1	108.72040680073502	s33-s95_ch-ch_o1-o1
458	between	33	95	k	k	0	0	128.8922589620366	s33-s95_ck-ck_o0-o0
459	between	33	95	k	k	1	1	105.869241271344	s33-s95_ck-ck_o1-o1
460	between	33	95	s	s	0	0	142.8908575024035	s33-s95_cs-cs_o0-o0
461	between	33	95	s	s	1	1	137.83076971102886	s33-s95_cs-cs_o1-o1
462	between	33	97	h	h	0	0	110.11891980746788	s33-s97_ch-ch_o0-o0
463	between	33	97	h	h	1	1	126.48513512255985	s33-s97_ch-ch_o1-o1
464	between	33	97	k	k	0	0	141.8985331595661	s33-s97_ck-ck_o0-o0
465	between	33	97	k	k	1	1	133.05419181914365	s33-s97_ck-ck_o1-o1
466	between	33	97	s	s	0	0	125.13353747965277	s33-s97_cs-cs_o0-o0
467	between	33	97	s	s	1	1	110.84705462926345	s33-s97_cs-cs_o1-o1
468	between	33	99	h	h	0	0	105.63608518610137	s33-s99_ch-ch_o0-o0
469	between	33	99	h	h	1	1	115.56417306963371	s33-s99_ch-ch_o1-o1
470	between	33	99	k	k	0	0	124.37705077933283	s33-s99_ck-ck_o0-o0
471	between	33	99	k	k	1	1	141.0767113649454	s33-s99_ck-ck_o1-o1
472	between	33	99	s	s	0	0	122.76729993014182	s33-s99_cs-cs_o0-o0
473	between	33	99	s	s	1	1	136.9088533223728	s33-s99_cs-cs_o1-o1
474	between	34	35	h	h	0	0	121.65168285883519	s34-s35_ch-ch_o0-o0
475	between	34	35	h	h	1	1	135.55193957828286	s34-s35_ch-ch_o1-o1
476	between	34	35	k	k	0	0	135.3088471781591	s34-s35_ck-ck_o0-o0
477	between	34	35	k	k	1	1	132.76284509104295	s34-s35_ck-ck_o1-o1
478	between	34	35	s	s	0	0	137.44367992682635	s34-s35_cs-cs_o0-o0
479	between	34	35	s	s	1	1	184.93422343123444	s34-s35_cs-cs_o1-o1
480	between	34	38	h	h	0	0	121.5691888012602	s34-s38_ch-ch_o0-o0
481	between	34	38	h	h	1	1	125.24807045445799	s34-s38_ch-ch_o1-o1
482	between	34	38	k	k	0	0	141.9094478626243	s34-s38_ck-ck_o0-o0
483	between	34	38	k	k	1	1	129.12938379787178	s34-s38_ck-ck_o1-o1
484	between	34	38	s	s	0	0	143.30209840007205	s34-s38_cs-cs_o0-o0
485	between	34	38	s	s	1	1	171.50550741568034	s34-s38_cs-cs_o1-o1
486	between	34	39	h	h	0	0	118.8919560750958	s34-s39_ch-ch_o0-o0
487	between	34	39	h	h	1	1	171.06360157194663	s34-s39_ch-ch_o1-o1
488	between	34	39	k	k	0	0	144.37021002596347	s34-s39_ck-ck_o0-o0
489	between	34	39	k	k	1	1	139.54050019864488	s34-s39_ck-ck_o1-o1
490	between	34	39	s	s	0	0	175.45598808348984	s34-s39_cs-cs_o0-o0
491	between	34	39	s	s	1	1	188.72582746524373	s34-s39_cs-cs_o1-o1
492	between	34	40	h	h	0	0	123.02131641659446	s34-s40_ch-ch_o0-o0
493	between	34	40	h	h	1	1	162.6113166748318	s34-s40_ch-ch_o1-o1
494	between	34	40	k	k	0	0	136.72155645114742	s34-s40_ck-ck_o0-o0
495	between	34	40	k	k	1	1	149.82390609341067	s34-s40_ck-ck_o1-o1
496	between	34	40	s	s	0	0	164.37059415116082	s34-s40_cs-cs_o0-o0
497	between	34	40	s	s	1	1	204.77905016511886	s34-s40_cs-cs_o1-o1
498	between	34	43	h	h	0	0	154.59328022678827	s34-s43_ch-ch_o0-o0
499	between	34	43	h	h	1	1	125.42476243218138	s34-s43_ch-ch_o1-o1
500	between	34	43	k	k	0	0	170.5152298431443	s34-s43_ck-ck_o0-o0
501	between	34	43	k	k	1	1	145.15218283099765	s34-s43_ck-ck_o1-o1
502	between	34	43	s	s	0	0	143.4711100883172	s34-s43_cs-cs_o0-o0
503	between	34	43	s	s	1	1	169.71465284160084	s34-s43_cs-cs_o1-o1
504	between	34	46	h	h	0	0	126.32626586853232	s34-s46_ch-ch_o0-o0
505	between	34	46	h	h	1	1	143.18738240720066	s34-s46_ch-ch_o1-o1
506	between	34	46	k	k	0	0	148.95765927310117	s34-s46_ck-ck_o0-o0
507	between	34	46	k	k	1	1	147.34396818091633	s34-s46_ck-ck_o1-o1
508	between	34	46	s	s	0	0	181.1851420919071	s34-s46_cs-cs_o0-o0
509	between	34	46	s	s	1	1	209.24812859959448	s34-s46_cs-cs_o1-o1
510	between	34	47	h	h	0	0	135.2046136172944	s34-s47_ch-ch_o0-o0
511	between	34	47	h	h	1	1	139.9329818042172	s34-s47_ch-ch_o1-o1
512	between	34	47	k	k	0	0	164.84467924640137	s34-s47_ck-ck_o0-o0
513	between	34	47	k	k	1	1	155.5374365228233	s34-s47_ck-ck_o1-o1
514	between	34	47	s	s	0	0	151.89040813481623	s34-s47_cs-cs_o0-o0
515	between	34	47	s	s	1	1	201.0740593381279	s34-s47_cs-cs_o1-o1
516	between	34	53	h	h	0	0	116.62618886055488	s34-s53_ch-ch_o0-o0
517	between	34	53	h	h	1	1	141.06683363036203	s34-s53_ch-ch_o1-o1
518	between	34	53	k	k	0	0	170.44488596989868	s34-s53_ck-ck_o0-o0
519	between	34	53	k	k	1	1	157.7255683555609	s34-s53_ck-ck_o1-o1
520	between	34	53	s	s	0	0	178.49750487138135	s34-s53_cs-cs_o0-o0
521	between	34	53	s	s	1	1	194.6519828096909	s34-s53_cs-cs_o1-o1
522	between	34	57	h	h	0	0	145.0786061405179	s34-s57_ch-ch_o0-o0
523	between	34	57	h	h	1	1	169.05589514574294	s34-s57_ch-ch_o1-o1
524	between	34	57	k	k	0	0	172.42876749515975	s34-s57_ck-ck_o0-o0
525	between	34	57	k	k	1	1	173.05341057477145	s34-s57_ck-ck_o1-o1
526	between	34	57	s	s	0	0	174.54887018356595	s34-s57_cs-cs_o0-o0
527	between	34	57	s	s	1	1	196.51317951351345	s34-s57_cs-cs_o1-o1
528	between	34	58	h	h	0	0	120.0258477149952	s34-s58_ch-ch_o0-o0
529	between	34	58	h	h	1	1	139.8298613232222	s34-s58_ch-ch_o1-o1
530	between	34	58	k	k	0	0	153.79767454238447	s34-s58_ck-ck_o0-o0
531	between	34	58	k	k	1	1	133.18645712809956	s34-s58_ck-ck_o1-o1
532	between	34	58	s	s	0	0	166.69919961918728	s34-s58_cs-cs_o0-o0
533	between	34	58	s	s	1	1	186.61702168828833	s34-s58_cs-cs_o1-o1
534	between	34	59	h	h	0	0	117.6405632279057	s34-s59_ch-ch_o0-o0
535	between	34	59	h	h	1	1	113.57624992394535	s34-s59_ch-ch_o1-o1
536	between	34	59	k	k	0	0	138.10127564372672	s34-s59_ck-ck_o0-o0
537	between	34	59	k	k	1	1	133.68304928351375	s34-s59_ck-ck_o1-o1
538	between	34	59	s	s	0	0	137.26916094093576	s34-s59_cs-cs_o0-o0
539	between	34	59	s	s	1	1	160.33601711124953	s34-s59_cs-cs_o1-o1
540	between	34	60	h	h	0	0	137.88881944007622	s34-s60_ch-ch_o0-o0
541	between	34	60	h	h	1	1	137.06039744459267	s34-s60_ch-ch_o1-o1
542	between	34	60	k	k	0	0	173.867916814804	s34-s60_ck-ck_o0-o0
544	between	34	60	s	s	0	0	143.50276688316805	s34-s60_cs-cs_o0-o0
545	between	34	60	s	s	1	1	172.71084548108206	s34-s60_cs-cs_o1-o1
546	between	34	61	h	h	0	0	139.5287505452569	s34-s61_ch-ch_o0-o0
547	between	34	61	h	h	1	1	144.75252931562207	s34-s61_ch-ch_o1-o1
548	between	34	61	k	k	0	0	174.654344908385	s34-s61_ck-ck_o0-o0
549	between	34	61	k	k	1	1	168.35741840392316	s34-s61_ck-ck_o1-o1
550	between	34	61	s	s	0	0	168.65856805120103	s34-s61_cs-cs_o0-o0
551	between	34	61	s	s	1	1	215.0383641803406	s34-s61_cs-cs_o1-o1
552	between	34	65	h	h	0	0	134.94776555184538	s34-s65_ch-ch_o0-o0
553	between	34	65	h	h	1	1	139.32370328994364	s34-s65_ch-ch_o1-o1
554	between	34	65	k	k	0	0	153.30760283398547	s34-s65_ck-ck_o0-o0
555	between	34	65	k	k	1	1	130.28082776342904	s34-s65_ck-ck_o1-o1
556	between	34	65	s	s	0	0	178.5518577796284	s34-s65_cs-cs_o0-o0
557	between	34	65	s	s	1	1	181.33374158694483	s34-s65_cs-cs_o1-o1
558	between	34	67	h	h	0	0	112.24797621488892	s34-s67_ch-ch_o0-o0
559	between	34	67	h	h	1	1	114.36130585927538	s34-s67_ch-ch_o1-o1
560	between	34	67	k	k	0	0	131.99319390714447	s34-s67_ck-ck_o0-o0
561	between	34	67	k	k	1	1	144.56570183088215	s34-s67_ck-ck_o1-o1
562	between	34	67	s	s	0	0	160.64064333266944	s34-s67_cs-cs_o0-o0
563	between	34	67	s	s	1	1	177.76610697442794	s34-s67_cs-cs_o1-o1
564	between	34	74	h	h	0	0	145.66706318627706	s34-s74_ch-ch_o0-o0
565	between	34	74	h	h	1	1	135.97343115215034	s34-s74_ch-ch_o1-o1
566	between	34	74	k	k	0	0	161.29124996213307	s34-s74_ck-ck_o0-o0
568	between	34	74	s	s	0	0	208.86461348218026	s34-s74_cs-cs_o0-o0
569	between	34	74	s	s	1	1	214.1762961233989	s34-s74_cs-cs_o1-o1
570	between	34	76	h	h	0	0	155.9845309325228	s34-s76_ch-ch_o0-o0
571	between	34	76	h	h	1	1	120.3798534929182	s34-s76_ch-ch_o1-o1
572	between	34	76	k	k	0	0	152.31730593744024	s34-s76_ck-ck_o0-o0
574	between	34	76	s	s	0	0	155.92649082769032	s34-s76_cs-cs_o0-o0
575	between	34	76	s	s	1	1	181.56930426236556	s34-s76_cs-cs_o1-o1
576	between	34	79	h	h	0	0	125.95747563925254	s34-s79_ch-ch_o0-o0
577	between	34	79	h	h	1	1	118.48015107954315	s34-s79_ch-ch_o1-o1
578	between	34	79	k	k	0	0	134.15026111711822	s34-s79_ck-ck_o0-o0
579	between	34	79	k	k	1	1	147.93718042914605	s34-s79_ck-ck_o1-o1
580	between	34	79	s	s	0	0	144.8303702022677	s34-s79_cs-cs_o0-o0
581	between	34	79	s	s	1	1	158.7851834172699	s34-s79_cs-cs_o1-o1
582	between	34	80	h	h	0	0	143.6286824009957	s34-s80_ch-ch_o0-o0
583	between	34	80	h	h	1	1	124.57464399977836	s34-s80_ch-ch_o1-o1
584	between	34	80	k	k	0	0	159.52724799296058	s34-s80_ck-ck_o0-o0
585	between	34	80	k	k	1	1	158.1004807971003	s34-s80_ck-ck_o1-o1
586	between	34	80	s	s	0	0	145.04023793108385	s34-s80_cs-cs_o0-o0
587	between	34	80	s	s	1	1	174.5956853067944	s34-s80_cs-cs_o1-o1
588	between	34	81	h	h	0	0	126.17914064983313	s34-s81_ch-ch_o0-o0
589	between	34	81	h	h	1	1	125.38456972679359	s34-s81_ch-ch_o1-o1
590	between	34	81	k	k	0	0	146.59439899243839	s34-s81_ck-ck_o0-o0
591	between	34	81	k	k	1	1	187.9636926688955	s34-s81_ck-ck_o1-o1
592	between	34	81	s	s	0	0	232.62629707491863	s34-s81_cs-cs_o0-o0
593	between	34	81	s	s	1	1	248.13489244206625	s34-s81_cs-cs_o1-o1
594	between	34	87	h	h	0	0	144.3179713289332	s34-s87_ch-ch_o0-o0
595	between	34	87	h	h	1	1	152.04614335615182	s34-s87_ch-ch_o1-o1
596	between	34	87	k	k	0	0	158.321377216611	s34-s87_ck-ck_o0-o0
597	between	34	87	k	k	1	1	146.66378028643712	s34-s87_ck-ck_o1-o1
598	between	34	87	s	s	0	0	208.27478591379432	s34-s87_cs-cs_o0-o0
599	between	34	87	s	s	1	1	256.91522969098156	s34-s87_cs-cs_o1-o1
600	between	34	88	h	h	0	0	133.47985073704223	s34-s88_ch-ch_o0-o0
601	between	34	88	h	h	1	1	134.64586356111684	s34-s88_ch-ch_o1-o1
602	between	34	88	k	k	0	0	162.6994333749053	s34-s88_ck-ck_o0-o0
603	between	34	88	k	k	1	1	145.11715589646042	s34-s88_ck-ck_o1-o1
604	between	34	88	s	s	0	0	200.14266096494114	s34-s88_cs-cs_o0-o0
605	between	34	88	s	s	1	1	191.5567029351078	s34-s88_cs-cs_o1-o1
606	between	34	89	h	h	0	0	128.05024352072772	s34-s89_ch-ch_o0-o0
607	between	34	89	h	h	1	1	151.04180373260715	s34-s89_ch-ch_o1-o1
608	between	34	89	k	k	0	0	133.5868665593516	s34-s89_ck-ck_o0-o0
609	between	34	89	k	k	1	1	111.59715076689046	s34-s89_ck-ck_o1-o1
610	between	34	89	s	s	0	0	168.76024059123006	s34-s89_cs-cs_o0-o0
611	between	34	89	s	s	1	1	162.8948804708516	s34-s89_cs-cs_o1-o1
612	between	34	90	h	h	0	0	135.0144000490014	s34-s90_ch-ch_o0-o0
613	between	34	90	h	h	1	1	135.25495309550067	s34-s90_ch-ch_o1-o1
614	between	34	90	k	k	0	0	155.94128628503572	s34-s90_ck-ck_o0-o0
615	between	34	90	k	k	1	1	157.15542398936046	s34-s90_ck-ck_o1-o1
616	between	34	90	s	s	0	0	173.35529593447063	s34-s90_cs-cs_o0-o0
617	between	34	90	s	s	1	1	203.23678528749167	s34-s90_cs-cs_o1-o1
618	between	34	91	h	h	0	0	135.73513937050697	s34-s91_ch-ch_o0-o0
619	between	34	91	h	h	1	1	133.55387049697777	s34-s91_ch-ch_o1-o1
620	between	34	91	k	k	0	0	147.78485731628203	s34-s91_ck-ck_o0-o0
621	between	34	91	k	k	1	1	154.4361184826323	s34-s91_ck-ck_o1-o1
622	between	34	91	s	s	0	0	216.17648290527964	s34-s91_cs-cs_o0-o0
623	between	34	91	s	s	1	1	230.6889140504505	s34-s91_cs-cs_o1-o1
624	between	34	92	h	h	0	0	120.71425826202398	s34-s92_ch-ch_o0-o0
626	between	34	92	k	k	0	0	153.77044914191544	s34-s92_ck-ck_o0-o0
627	between	34	92	k	k	1	1	148.0690923792707	s34-s92_ck-ck_o1-o1
628	between	34	92	s	s	0	0	244.1994837172617	s34-s92_cs-cs_o0-o0
629	between	34	92	s	s	1	1	182.60429674349527	s34-s92_cs-cs_o1-o1
630	between	34	94	h	h	0	0	134.39657065315558	s34-s94_ch-ch_o0-o0
631	between	34	94	h	h	1	1	150.26017506111015	s34-s94_ch-ch_o1-o1
632	between	34	94	k	k	0	0	167.3443936306911	s34-s94_ck-ck_o0-o0
633	between	34	94	k	k	1	1	167.3964685603736	s34-s94_ck-ck_o1-o1
634	between	34	94	s	s	0	0	301.5243906013822	s34-s94_cs-cs_o0-o0
635	between	34	94	s	s	1	1	240.47863453779772	s34-s94_cs-cs_o1-o1
636	between	34	95	h	h	0	0	121.54659414613641	s34-s95_ch-ch_o0-o0
637	between	34	95	h	h	1	1	125.35471928506536	s34-s95_ch-ch_o1-o1
638	between	34	95	k	k	0	0	154.1687890136555	s34-s95_ck-ck_o0-o0
639	between	34	95	k	k	1	1	132.79446811005388	s34-s95_ck-ck_o1-o1
640	between	34	95	s	s	0	0	159.557814645543	s34-s95_cs-cs_o0-o0
641	between	34	95	s	s	1	1	185.78099748832483	s34-s95_cs-cs_o1-o1
642	between	34	97	h	h	0	0	121.66266899544294	s34-s97_ch-ch_o0-o0
643	between	34	97	h	h	1	1	143.29206678505605	s34-s97_ch-ch_o1-o1
644	between	34	97	k	k	0	0	152.92467159490351	s34-s97_ck-ck_o0-o0
645	between	34	97	k	k	1	1	153.49391107826932	s34-s97_ck-ck_o1-o1
646	between	34	97	s	s	0	0	144.97252602488916	s34-s97_cs-cs_o0-o0
647	between	34	97	s	s	1	1	184.13128837211605	s34-s97_cs-cs_o1-o1
648	between	34	99	h	h	0	0	118.47804416753377	s34-s99_ch-ch_o0-o0
649	between	34	99	h	h	1	1	119.53371140937048	s34-s99_ch-ch_o1-o1
650	between	34	99	k	k	0	0	148.99204060139013	s34-s99_ck-ck_o0-o0
651	between	34	99	k	k	1	1	170.17571589938842	s34-s99_ck-ck_o1-o1
652	between	34	99	s	s	0	0	157.5641710322923	s34-s99_cs-cs_o0-o0
653	between	34	99	s	s	1	1	174.92721975324457	s34-s99_cs-cs_o1-o1
654	between	35	38	h	h	0	0	113.09673869655467	s35-s38_ch-ch_o0-o0
655	between	35	38	h	h	1	1	127.82336671411225	s35-s38_ch-ch_o1-o1
656	between	35	38	k	k	0	0	129.4545662911066	s35-s38_ck-ck_o0-o0
657	between	35	38	k	k	1	1	120.64709427608814	s35-s38_ck-ck_o1-o1
658	between	35	38	s	s	0	0	127.55899102598903	s35-s38_cs-cs_o0-o0
659	between	35	38	s	s	1	1	151.25579705798367	s35-s38_cs-cs_o1-o1
660	between	35	39	h	h	0	0	106.69659320880179	s35-s39_ch-ch_o0-o0
661	between	35	39	h	h	1	1	177.76511951885323	s35-s39_ch-ch_o1-o1
662	between	35	39	k	k	0	0	134.30663870856813	s35-s39_ck-ck_o0-o0
663	between	35	39	k	k	1	1	129.3777907827994	s35-s39_ck-ck_o1-o1
664	between	35	39	s	s	0	0	135.07940452297933	s35-s39_cs-cs_o0-o0
665	between	35	39	s	s	1	1	133.73452412911192	s35-s39_cs-cs_o1-o1
666	between	35	40	h	h	0	0	105.71410016349857	s35-s40_ch-ch_o0-o0
667	between	35	40	h	h	1	1	143.55021205768534	s35-s40_ch-ch_o1-o1
668	between	35	40	k	k	0	0	106.54398073607145	s35-s40_ck-ck_o0-o0
669	between	35	40	k	k	1	1	142.81085281603345	s35-s40_ck-ck_o1-o1
670	between	35	40	s	s	0	0	125.48697287429704	s35-s40_cs-cs_o0-o0
671	between	35	40	s	s	1	1	135.514650669228	s35-s40_cs-cs_o1-o1
672	between	35	43	h	h	0	0	143.71685064816177	s35-s43_ch-ch_o0-o0
673	between	35	43	h	h	1	1	138.82870435214232	s35-s43_ch-ch_o1-o1
674	between	35	43	k	k	0	0	156.67580669663658	s35-s43_ck-ck_o0-o0
675	between	35	43	k	k	1	1	130.46911579988685	s35-s43_ck-ck_o1-o1
676	between	35	43	s	s	0	0	126.26705905234112	s35-s43_cs-cs_o0-o0
677	between	35	43	s	s	1	1	126.47698210331708	s35-s43_cs-cs_o1-o1
678	between	35	46	h	h	0	0	126.3497444205462	s35-s46_ch-ch_o0-o0
679	between	35	46	h	h	1	1	119.14891184127751	s35-s46_ch-ch_o1-o1
680	between	35	46	k	k	0	0	108.00256860060988	s35-s46_ck-ck_o0-o0
681	between	35	46	k	k	1	1	125.68945457423395	s35-s46_ck-ck_o1-o1
682	between	35	46	s	s	0	0	156.93247545609555	s35-s46_cs-cs_o0-o0
683	between	35	46	s	s	1	1	192.92524160286644	s35-s46_cs-cs_o1-o1
684	between	35	47	h	h	0	0	113.37782223969394	s35-s47_ch-ch_o0-o0
685	between	35	47	h	h	1	1	122.21428828963992	s35-s47_ch-ch_o1-o1
686	between	35	47	k	k	0	0	127.05206883756878	s35-s47_ck-ck_o0-o0
687	between	35	47	k	k	1	1	121.6748025064178	s35-s47_ck-ck_o1-o1
688	between	35	47	s	s	0	0	116.91434741817254	s35-s47_cs-cs_o0-o0
689	between	35	47	s	s	1	1	139.01013942673708	s35-s47_cs-cs_o1-o1
690	between	35	53	h	h	0	0	104.25420137766987	s35-s53_ch-ch_o0-o0
691	between	35	53	h	h	1	1	134.14854231961792	s35-s53_ch-ch_o1-o1
692	between	35	53	k	k	0	0	128.83691395102935	s35-s53_ck-ck_o0-o0
693	between	35	53	k	k	1	1	125.72068330622405	s35-s53_ck-ck_o1-o1
694	between	35	53	s	s	0	0	147.76970071681095	s35-s53_cs-cs_o0-o0
695	between	35	53	s	s	1	1	155.74617361787222	s35-s53_cs-cs_o1-o1
696	between	35	57	h	h	0	0	122.23489991917401	s35-s57_ch-ch_o0-o0
697	between	35	57	h	h	1	1	146.0401225737862	s35-s57_ch-ch_o1-o1
698	between	35	57	k	k	0	0	157.63447093803904	s35-s57_ck-ck_o0-o0
699	between	35	57	k	k	1	1	151.31839970992684	s35-s57_ck-ck_o1-o1
700	between	35	57	s	s	0	0	145.371663980243	s35-s57_cs-cs_o0-o0
701	between	35	57	s	s	1	1	132.23898190580098	s35-s57_cs-cs_o1-o1
702	between	35	58	h	h	0	0	108.47637247755905	s35-s58_ch-ch_o0-o0
703	between	35	58	h	h	1	1	134.39539358826548	s35-s58_ch-ch_o1-o1
704	between	35	58	k	k	0	0	135.0977316761422	s35-s58_ck-ck_o0-o0
705	between	35	58	k	k	1	1	122.20514311855709	s35-s58_ck-ck_o1-o1
706	between	35	58	s	s	0	0	169.56023419736954	s35-s58_cs-cs_o0-o0
707	between	35	58	s	s	1	1	179.65536357465817	s35-s58_cs-cs_o1-o1
708	between	35	59	h	h	0	0	105.79475788005352	s35-s59_ch-ch_o0-o0
709	between	35	59	h	h	1	1	105.07505052513328	s35-s59_ch-ch_o1-o1
710	between	35	59	k	k	0	0	121.92775336353341	s35-s59_ck-ck_o0-o0
711	between	35	59	k	k	1	1	106.4628193236865	s35-s59_ck-ck_o1-o1
712	between	35	59	s	s	0	0	117.62038042059362	s35-s59_cs-cs_o0-o0
713	between	35	59	s	s	1	1	115.1089823686687	s35-s59_cs-cs_o1-o1
714	between	35	60	h	h	0	0	122.61686643099607	s35-s60_ch-ch_o0-o0
715	between	35	60	h	h	1	1	132.31729533883427	s35-s60_ch-ch_o1-o1
716	between	35	60	k	k	0	0	156.55615517077504	s35-s60_ck-ck_o0-o0
718	between	35	60	s	s	0	0	126.51588868415722	s35-s60_cs-cs_o0-o0
719	between	35	60	s	s	1	1	125.28411045752678	s35-s60_cs-cs_o1-o1
720	between	35	61	h	h	0	0	108.49899232482603	s35-s61_ch-ch_o0-o0
721	between	35	61	h	h	1	1	140.58664489620037	s35-s61_ch-ch_o1-o1
722	between	35	61	k	k	0	0	137.127692614813	s35-s61_ck-ck_o0-o0
723	between	35	61	k	k	1	1	157.77401752486568	s35-s61_ck-ck_o1-o1
724	between	35	61	s	s	0	0	141.53566687006858	s35-s61_cs-cs_o0-o0
725	between	35	61	s	s	1	1	161.08674711603035	s35-s61_cs-cs_o1-o1
726	between	35	65	h	h	0	0	105.95416791041491	s35-s65_ch-ch_o0-o0
727	between	35	65	h	h	1	1	134.21402119492674	s35-s65_ch-ch_o1-o1
728	between	35	65	k	k	0	0	137.83291085485175	s35-s65_ck-ck_o0-o0
729	between	35	65	k	k	1	1	125.92150550064984	s35-s65_ck-ck_o1-o1
730	between	35	65	s	s	0	0	153.61506192656302	s35-s65_cs-cs_o0-o0
731	between	35	65	s	s	1	1	148.61413418958062	s35-s65_cs-cs_o1-o1
732	between	35	67	h	h	0	0	104.3061504627949	s35-s67_ch-ch_o0-o0
733	between	35	67	h	h	1	1	100.80348704114843	s35-s67_ch-ch_o1-o1
734	between	35	67	k	k	0	0	91.12236308089479	s35-s67_ck-ck_o0-o0
735	between	35	67	k	k	1	1	114.81883510890917	s35-s67_ck-ck_o1-o1
736	between	35	67	s	s	0	0	129.13355530780902	s35-s67_cs-cs_o0-o0
737	between	35	67	s	s	1	1	138.53429577467247	s35-s67_cs-cs_o1-o1
738	between	35	74	h	h	0	0	119.39092486853153	s35-s74_ch-ch_o0-o0
739	between	35	74	h	h	1	1	150.76840115833932	s35-s74_ch-ch_o1-o1
740	between	35	74	k	k	0	0	137.2168584682154	s35-s74_ck-ck_o0-o0
742	between	35	74	s	s	0	0	194.1756460623919	s35-s74_cs-cs_o0-o0
743	between	35	74	s	s	1	1	185.7845197759647	s35-s74_cs-cs_o1-o1
744	between	35	76	h	h	0	0	153.04705875726543	s35-s76_ch-ch_o0-o0
745	between	35	76	h	h	1	1	115.47763043756258	s35-s76_ch-ch_o1-o1
746	between	35	76	k	k	0	0	133.19195246169323	s35-s76_ck-ck_o0-o0
748	between	35	76	s	s	0	0	129.83764404796497	s35-s76_cs-cs_o0-o0
749	between	35	76	s	s	1	1	132.2000016309241	s35-s76_cs-cs_o1-o1
750	between	35	79	h	h	0	0	120.65614520201507	s35-s79_ch-ch_o0-o0
751	between	35	79	h	h	1	1	127.52112052104539	s35-s79_ch-ch_o1-o1
752	between	35	79	k	k	0	0	134.75875773497202	s35-s79_ck-ck_o0-o0
753	between	35	79	k	k	1	1	144.30251085253374	s35-s79_ck-ck_o1-o1
754	between	35	79	s	s	0	0	151.78056179584124	s35-s79_cs-cs_o0-o0
755	between	35	79	s	s	1	1	137.47833277998055	s35-s79_cs-cs_o1-o1
756	between	35	80	h	h	0	0	129.87160819574635	s35-s80_ch-ch_o0-o0
757	between	35	80	h	h	1	1	121.47801808886271	s35-s80_ch-ch_o1-o1
758	between	35	80	k	k	0	0	148.64588319896654	s35-s80_ck-ck_o0-o0
759	between	35	80	k	k	1	1	156.02741469794776	s35-s80_ck-ck_o1-o1
760	between	35	80	s	s	0	0	138.87811303822735	s35-s80_cs-cs_o0-o0
761	between	35	80	s	s	1	1	133.35215174337418	s35-s80_cs-cs_o1-o1
762	between	35	81	h	h	0	0	121.82474897606967	s35-s81_ch-ch_o0-o0
763	between	35	81	h	h	1	1	114.40089749448194	s35-s81_ch-ch_o1-o1
764	between	35	81	k	k	0	0	109.68282257008826	s35-s81_ck-ck_o0-o0
765	between	35	81	k	k	1	1	144.858948987775	s35-s81_ck-ck_o1-o1
766	between	35	81	s	s	0	0	164.11401685104627	s35-s81_cs-cs_o0-o0
767	between	35	81	s	s	1	1	196.64549231453367	s35-s81_cs-cs_o1-o1
768	between	35	87	h	h	0	0	133.91813994737066	s35-s87_ch-ch_o0-o0
769	between	35	87	h	h	1	1	121.47550582311645	s35-s87_ch-ch_o1-o1
770	between	35	87	k	k	0	0	119.15253579526129	s35-s87_ck-ck_o0-o0
771	between	35	87	k	k	1	1	115.28444966531792	s35-s87_ck-ck_o1-o1
772	between	35	87	s	s	0	0	168.47890138962563	s35-s87_cs-cs_o0-o0
773	between	35	87	s	s	1	1	198.65647788559346	s35-s87_cs-cs_o1-o1
774	between	35	88	h	h	0	0	137.141474612724	s35-s88_ch-ch_o0-o0
775	between	35	88	h	h	1	1	149.47093818345527	s35-s88_ch-ch_o1-o1
776	between	35	88	k	k	0	0	178.2392912647612	s35-s88_ck-ck_o0-o0
777	between	35	88	k	k	1	1	144.90537121609148	s35-s88_ck-ck_o1-o1
778	between	35	88	s	s	0	0	190.6832275696985	s35-s88_cs-cs_o0-o0
779	between	35	88	s	s	1	1	173.13533121662965	s35-s88_cs-cs_o1-o1
780	between	35	89	h	h	0	0	109.38124865378225	s35-s89_ch-ch_o0-o0
781	between	35	89	h	h	1	1	125.16126619912532	s35-s89_ch-ch_o1-o1
782	between	35	89	k	k	0	0	109.93320144217464	s35-s89_ck-ck_o0-o0
783	between	35	89	k	k	1	1	103.48391140845067	s35-s89_ck-ck_o1-o1
784	between	35	89	s	s	0	0	120.83860469620066	s35-s89_cs-cs_o0-o0
785	between	35	89	s	s	1	1	87.82195623887803	s35-s89_cs-cs_o1-o1
786	between	35	90	h	h	0	0	132.33391817502638	s35-s90_ch-ch_o0-o0
787	between	35	90	h	h	1	1	124.8231883056847	s35-s90_ch-ch_o1-o1
788	between	35	90	k	k	0	0	145.36517852039944	s35-s90_ck-ck_o0-o0
789	between	35	90	k	k	1	1	154.44094764139263	s35-s90_ck-ck_o1-o1
790	between	35	90	s	s	0	0	146.46981512710732	s35-s90_cs-cs_o0-o0
791	between	35	90	s	s	1	1	159.42729051888887	s35-s90_cs-cs_o1-o1
792	between	35	91	h	h	0	0	118.21511331409552	s35-s91_ch-ch_o0-o0
793	between	35	91	h	h	1	1	123.9506963692963	s35-s91_ch-ch_o1-o1
794	between	35	91	k	k	0	0	129.82533755207987	s35-s91_ck-ck_o0-o0
795	between	35	91	k	k	1	1	128.76423390879796	s35-s91_ck-ck_o1-o1
796	between	35	91	s	s	0	0	201.92213518826568	s35-s91_cs-cs_o0-o0
797	between	35	91	s	s	1	1	217.56160938827801	s35-s91_cs-cs_o1-o1
798	between	35	92	h	h	0	0	104.82010170562887	s35-s92_ch-ch_o0-o0
800	between	35	92	k	k	0	0	116.93761865699302	s35-s92_ck-ck_o0-o0
801	between	35	92	k	k	1	1	112.25818733889635	s35-s92_ck-ck_o1-o1
802	between	35	92	s	s	0	0	220.98538270172529	s35-s92_cs-cs_o0-o0
803	between	35	92	s	s	1	1	115.6301909683564	s35-s92_cs-cs_o1-o1
804	between	35	94	h	h	0	0	123.48762334659358	s35-s94_ch-ch_o0-o0
805	between	35	94	h	h	1	1	131.69347109189653	s35-s94_ch-ch_o1-o1
806	between	35	94	k	k	0	0	136.26392195724029	s35-s94_ck-ck_o0-o0
807	between	35	94	k	k	1	1	130.9935676932502	s35-s94_ck-ck_o1-o1
808	between	35	94	s	s	0	0	265.2653447995451	s35-s94_cs-cs_o0-o0
809	between	35	94	s	s	1	1	218.94540166646232	s35-s94_cs-cs_o1-o1
810	between	35	95	h	h	0	0	109.41565546653817	s35-s95_ch-ch_o0-o0
811	between	35	95	h	h	1	1	129.945861768893	s35-s95_ch-ch_o1-o1
812	between	35	95	k	k	0	0	122.82721669665433	s35-s95_ck-ck_o0-o0
813	between	35	95	k	k	1	1	107.97737247929543	s35-s95_ck-ck_o1-o1
814	between	35	95	s	s	0	0	139.9037981731898	s35-s95_cs-cs_o0-o0
815	between	35	95	s	s	1	1	151.52473386861203	s35-s95_cs-cs_o1-o1
816	between	35	97	h	h	0	0	106.97423908203413	s35-s97_ch-ch_o0-o0
817	between	35	97	h	h	1	1	112.16008594063095	s35-s97_ch-ch_o1-o1
818	between	35	97	k	k	0	0	105.96066285719071	s35-s97_ck-ck_o0-o0
819	between	35	97	k	k	1	1	117.58498998666958	s35-s97_ck-ck_o1-o1
820	between	35	97	s	s	0	0	113.36266263463928	s35-s97_cs-cs_o0-o0
821	between	35	97	s	s	1	1	112.03472209240327	s35-s97_cs-cs_o1-o1
822	between	35	99	h	h	0	0	116.022604788137	s35-s99_ch-ch_o0-o0
823	between	35	99	h	h	1	1	120.52868265772173	s35-s99_ch-ch_o1-o1
824	between	35	99	k	k	0	0	116.33486442448746	s35-s99_ck-ck_o0-o0
825	between	35	99	k	k	1	1	153.1197305315944	s35-s99_ck-ck_o1-o1
826	between	35	99	s	s	0	0	132.17588275060294	s35-s99_cs-cs_o0-o0
827	between	35	99	s	s	1	1	140.48765704678996	s35-s99_cs-cs_o1-o1
828	between	38	39	h	h	0	0	88.14709316475171	s38-s39_ch-ch_o0-o0
829	between	38	39	h	h	1	1	134.46556517566097	s38-s39_ch-ch_o1-o1
830	between	38	39	k	k	0	0	107.25689033215362	s38-s39_ck-ck_o0-o0
831	between	38	39	k	k	1	1	113.2665837880437	s38-s39_ck-ck_o1-o1
832	between	38	39	s	s	0	0	147.93050153210015	s38-s39_cs-cs_o0-o0
833	between	38	39	s	s	1	1	124.54845779201534	s38-s39_cs-cs_o1-o1
834	between	38	40	h	h	0	0	98.75886171070137	s38-s40_ch-ch_o0-o0
835	between	38	40	h	h	1	1	136.22821193293336	s38-s40_ch-ch_o1-o1
836	between	38	40	k	k	0	0	92.38223937638034	s38-s40_ck-ck_o0-o0
837	between	38	40	k	k	1	1	127.10717234105928	s38-s40_ck-ck_o1-o1
838	between	38	40	s	s	0	0	137.23678585475437	s38-s40_cs-cs_o0-o0
839	between	38	40	s	s	1	1	138.52713181730158	s38-s40_cs-cs_o1-o1
840	between	38	43	h	h	0	0	138.42054371746858	s38-s43_ch-ch_o0-o0
841	between	38	43	h	h	1	1	105.31445114877334	s38-s43_ch-ch_o1-o1
842	between	38	43	k	k	0	0	134.65156745517373	s38-s43_ck-ck_o0-o0
843	between	38	43	k	k	1	1	137.7481433078467	s38-s43_ck-ck_o1-o1
844	between	38	43	s	s	0	0	129.19664980195225	s38-s43_cs-cs_o0-o0
845	between	38	43	s	s	1	1	112.38007223539542	s38-s43_cs-cs_o1-o1
846	between	38	46	h	h	0	0	120.26775831488035	s38-s46_ch-ch_o0-o0
847	between	38	46	h	h	1	1	125.39799467588375	s38-s46_ch-ch_o1-o1
848	between	38	46	k	k	0	0	142.75095706005004	s38-s46_ck-ck_o0-o0
849	between	38	46	k	k	1	1	143.09314583176953	s38-s46_ck-ck_o1-o1
850	between	38	46	s	s	0	0	171.4525489858033	s38-s46_cs-cs_o0-o0
851	between	38	46	s	s	1	1	163.53974427037073	s38-s46_cs-cs_o1-o1
852	between	38	47	h	h	0	0	116.65998189453074	s38-s47_ch-ch_o0-o0
853	between	38	47	h	h	1	1	119.57796696590314	s38-s47_ch-ch_o1-o1
854	between	38	47	k	k	0	0	112.14099802117526	s38-s47_ck-ck_o0-o0
855	between	38	47	k	k	1	1	127.83601255071623	s38-s47_ck-ck_o1-o1
856	between	38	47	s	s	0	0	145.07816434683104	s38-s47_cs-cs_o0-o0
857	between	38	47	s	s	1	1	139.0124673728699	s38-s47_cs-cs_o1-o1
858	between	38	53	h	h	0	0	92.17966077357232	s38-s53_ch-ch_o0-o0
859	between	38	53	h	h	1	1	102.89057235098595	s38-s53_ch-ch_o1-o1
860	between	38	53	k	k	0	0	111.57637116092197	s38-s53_ck-ck_o0-o0
861	between	38	53	k	k	1	1	130.08851011827124	s38-s53_ck-ck_o1-o1
862	between	38	53	s	s	0	0	169.20043196981214	s38-s53_cs-cs_o0-o0
863	between	38	53	s	s	1	1	119.74350166803268	s38-s53_cs-cs_o1-o1
864	between	38	57	h	h	0	0	118.25743798545159	s38-s57_ch-ch_o0-o0
865	between	38	57	h	h	1	1	136.30317243189708	s38-s57_ch-ch_o1-o1
866	between	38	57	k	k	0	0	124.4830967642705	s38-s57_ck-ck_o0-o0
867	between	38	57	k	k	1	1	179.15642045254017	s38-s57_ck-ck_o1-o1
868	between	38	57	s	s	0	0	168.7964202986541	s38-s57_cs-cs_o0-o0
869	between	38	57	s	s	1	1	145.42780734634718	s38-s57_cs-cs_o1-o1
870	between	38	58	h	h	0	0	114.57790127011673	s38-s58_ch-ch_o0-o0
871	between	38	58	h	h	1	1	100.94934113724655	s38-s58_ch-ch_o1-o1
872	between	38	58	k	k	0	0	105.87036590816881	s38-s58_ck-ck_o0-o0
873	between	38	58	k	k	1	1	135.92775070465348	s38-s58_ck-ck_o1-o1
874	between	38	58	s	s	0	0	170.6983715033922	s38-s58_cs-cs_o0-o0
875	between	38	58	s	s	1	1	157.0723704525566	s38-s58_cs-cs_o1-o1
876	between	38	59	h	h	0	0	97.36093011474408	s38-s59_ch-ch_o0-o0
877	between	38	59	h	h	1	1	91.11726950735729	s38-s59_ch-ch_o1-o1
878	between	38	59	k	k	0	0	85.69313718141662	s38-s59_ck-ck_o0-o0
879	between	38	59	k	k	1	1	106.90030450351632	s38-s59_ck-ck_o1-o1
880	between	38	59	s	s	0	0	117.62330686192176	s38-s59_cs-cs_o0-o0
881	between	38	59	s	s	1	1	115.77760271837323	s38-s59_cs-cs_o1-o1
882	between	38	60	h	h	0	0	95.90429913381097	s38-s60_ch-ch_o0-o0
883	between	38	60	h	h	1	1	118.16846783087483	s38-s60_ch-ch_o1-o1
884	between	38	60	k	k	0	0	131.52703618410945	s38-s60_ck-ck_o0-o0
886	between	38	60	s	s	0	0	150.05232596477492	s38-s60_cs-cs_o0-o0
887	between	38	60	s	s	1	1	121.3175043481361	s38-s60_cs-cs_o1-o1
888	between	38	61	h	h	0	0	110.84543236495797	s38-s61_ch-ch_o0-o0
889	between	38	61	h	h	1	1	109.3716710369176	s38-s61_ch-ch_o1-o1
890	between	38	61	k	k	0	0	116.86394174127165	s38-s61_ck-ck_o0-o0
891	between	38	61	k	k	1	1	145.23120336141565	s38-s61_ck-ck_o1-o1
892	between	38	61	s	s	0	0	153.64588083274876	s38-s61_cs-cs_o0-o0
893	between	38	61	s	s	1	1	148.1788342843667	s38-s61_cs-cs_o1-o1
894	between	38	65	h	h	0	0	92.43442467236375	s38-s65_ch-ch_o0-o0
895	between	38	65	h	h	1	1	102.80922818781208	s38-s65_ch-ch_o1-o1
896	between	38	65	k	k	0	0	104.22431520677382	s38-s65_ck-ck_o0-o0
897	between	38	65	k	k	1	1	114.48490269667296	s38-s65_ck-ck_o1-o1
898	between	38	65	s	s	0	0	163.63091291456158	s38-s65_cs-cs_o0-o0
899	between	38	65	s	s	1	1	122.1677899739956	s38-s65_cs-cs_o1-o1
900	between	38	67	h	h	0	0	112.74988653328184	s38-s67_ch-ch_o0-o0
901	between	38	67	h	h	1	1	120.18395199017081	s38-s67_ch-ch_o1-o1
902	between	38	67	k	k	0	0	107.89244143886535	s38-s67_ck-ck_o0-o0
903	between	38	67	k	k	1	1	116.77971597859799	s38-s67_ck-ck_o1-o1
904	between	38	67	s	s	0	0	155.66282793091506	s38-s67_cs-cs_o0-o0
905	between	38	67	s	s	1	1	131.55835707316277	s38-s67_cs-cs_o1-o1
906	between	38	74	h	h	0	0	114.27556200252639	s38-s74_ch-ch_o0-o0
907	between	38	74	h	h	1	1	126.42022315331108	s38-s74_ch-ch_o1-o1
908	between	38	74	k	k	0	0	132.13982592995535	s38-s74_ck-ck_o0-o0
910	between	38	74	s	s	0	0	181.81156827043696	s38-s74_cs-cs_o0-o0
911	between	38	74	s	s	1	1	147.28672390632914	s38-s74_cs-cs_o1-o1
912	between	38	76	h	h	0	0	148.17470263027872	s38-s76_ch-ch_o0-o0
913	between	38	76	h	h	1	1	98.02803477751401	s38-s76_ch-ch_o1-o1
914	between	38	76	k	k	0	0	116.06679268907676	s38-s76_ck-ck_o0-o0
916	between	38	76	s	s	0	0	144.35797907782438	s38-s76_cs-cs_o0-o0
917	between	38	76	s	s	1	1	140.47725625781857	s38-s76_cs-cs_o1-o1
918	between	38	79	h	h	0	0	107.93369094912852	s38-s79_ch-ch_o0-o0
919	between	38	79	h	h	1	1	110.49997818131698	s38-s79_ch-ch_o1-o1
920	between	38	79	k	k	0	0	111.97699211874891	s38-s79_ck-ck_o0-o0
921	between	38	79	k	k	1	1	133.15765709208273	s38-s79_ck-ck_o1-o1
922	between	38	79	s	s	0	0	145.6910740106368	s38-s79_cs-cs_o0-o0
923	between	38	79	s	s	1	1	116.07803787366093	s38-s79_cs-cs_o1-o1
924	between	38	80	h	h	0	0	121.05828698432812	s38-s80_ch-ch_o0-o0
925	between	38	80	h	h	1	1	126.36265095466544	s38-s80_ch-ch_o1-o1
926	between	38	80	k	k	0	0	141.34791637270038	s38-s80_ck-ck_o0-o0
927	between	38	80	k	k	1	1	169.3728132628957	s38-s80_ck-ck_o1-o1
928	between	38	80	s	s	0	0	143.09879238362944	s38-s80_cs-cs_o0-o0
929	between	38	80	s	s	1	1	135.72252419611434	s38-s80_cs-cs_o1-o1
930	between	38	81	h	h	0	0	115.44501981905418	s38-s81_ch-ch_o0-o0
931	between	38	81	h	h	1	1	126.99379059210604	s38-s81_ch-ch_o1-o1
932	between	38	81	k	k	0	0	136.08728026068943	s38-s81_ck-ck_o0-o0
933	between	38	81	k	k	1	1	164.7214999577203	s38-s81_ck-ck_o1-o1
934	between	38	81	s	s	0	0	215.43783447244496	s38-s81_cs-cs_o0-o0
935	between	38	81	s	s	1	1	169.39367107600586	s38-s81_cs-cs_o1-o1
936	between	38	87	h	h	0	0	136.16342732779793	s38-s87_ch-ch_o0-o0
937	between	38	87	h	h	1	1	122.07527855355904	s38-s87_ch-ch_o1-o1
938	between	38	87	k	k	0	0	126.37696596959489	s38-s87_ck-ck_o0-o0
939	between	38	87	k	k	1	1	113.7497038279797	s38-s87_ck-ck_o1-o1
940	between	38	87	s	s	0	0	216.81652470769103	s38-s87_cs-cs_o0-o0
941	between	38	87	s	s	1	1	215.5324294654269	s38-s87_cs-cs_o1-o1
942	between	38	88	h	h	0	0	123.72211738083035	s38-s88_ch-ch_o0-o0
943	between	38	88	h	h	1	1	111.21483708862277	s38-s88_ch-ch_o1-o1
944	between	38	88	k	k	0	0	131.45425363480936	s38-s88_ck-ck_o0-o0
945	between	38	88	k	k	1	1	133.39149035683045	s38-s88_ck-ck_o1-o1
946	between	38	88	s	s	0	0	186.69816969977003	s38-s88_cs-cs_o0-o0
947	between	38	88	s	s	1	1	168.63214010626768	s38-s88_cs-cs_o1-o1
948	between	38	89	h	h	0	0	99.2016352628879	s38-s89_ch-ch_o0-o0
949	between	38	89	h	h	1	1	117.34586537846735	s38-s89_ch-ch_o1-o1
950	between	38	89	k	k	0	0	84.94360178746693	s38-s89_ck-ck_o0-o0
951	between	38	89	k	k	1	1	97.87626639603805	s38-s89_ck-ck_o1-o1
952	between	38	89	s	s	0	0	154.33336200268693	s38-s89_cs-cs_o0-o0
953	between	38	89	s	s	1	1	118.14891454843581	s38-s89_cs-cs_o1-o1
954	between	38	90	h	h	0	0	119.56641463851568	s38-s90_ch-ch_o0-o0
955	between	38	90	h	h	1	1	114.14218064836916	s38-s90_ch-ch_o1-o1
956	between	38	90	k	k	0	0	139.2864434823654	s38-s90_ck-ck_o0-o0
957	between	38	90	k	k	1	1	168.6959103721366	s38-s90_ck-ck_o1-o1
958	between	38	90	s	s	0	0	163.47850879227798	s38-s90_cs-cs_o0-o0
959	between	38	90	s	s	1	1	177.10221964746015	s38-s90_cs-cs_o1-o1
960	between	38	91	h	h	0	0	103.64055267712924	s38-s91_ch-ch_o0-o0
961	between	38	91	h	h	1	1	103.89158527566066	s38-s91_ch-ch_o1-o1
962	between	38	91	k	k	0	0	90.71670637068728	s38-s91_ck-ck_o0-o0
963	between	38	91	k	k	1	1	117.17351822262201	s38-s91_ck-ck_o1-o1
964	between	38	91	s	s	0	0	206.48429690166793	s38-s91_cs-cs_o0-o0
965	between	38	91	s	s	1	1	192.61992582159775	s38-s91_cs-cs_o1-o1
966	between	38	92	h	h	0	0	121.39576420650958	s38-s92_ch-ch_o0-o0
968	between	38	92	k	k	0	0	127.72651946112985	s38-s92_ck-ck_o0-o0
969	between	38	92	k	k	1	1	125.96714466883473	s38-s92_ck-ck_o1-o1
970	between	38	92	s	s	0	0	238.73598528902787	s38-s92_cs-cs_o0-o0
971	between	38	92	s	s	1	1	139.36491931029147	s38-s92_cs-cs_o1-o1
972	between	38	94	h	h	0	0	113.47111535729574	s38-s94_ch-ch_o0-o0
973	between	38	94	h	h	1	1	134.56724049487246	s38-s94_ch-ch_o1-o1
974	between	38	94	k	k	0	0	116.202148876333	s38-s94_ck-ck_o0-o0
975	between	38	94	k	k	1	1	118.50615042338288	s38-s94_ck-ck_o1-o1
976	between	38	94	s	s	0	0	306.0638389632554	s38-s94_cs-cs_o0-o0
977	between	38	94	s	s	1	1	217.81730540423737	s38-s94_cs-cs_o1-o1
978	between	38	95	h	h	0	0	91.08183355641079	s38-s95_ch-ch_o0-o0
979	between	38	95	h	h	1	1	87.70559153385851	s38-s95_ch-ch_o1-o1
980	between	38	95	k	k	0	0	80.64624468582065	s38-s95_ck-ck_o0-o0
981	between	38	95	k	k	1	1	110.54067671321975	s38-s95_ck-ck_o1-o1
982	between	38	95	s	s	0	0	148.15920295200695	s38-s95_cs-cs_o0-o0
983	between	38	95	s	s	1	1	120.37641497421035	s38-s95_cs-cs_o1-o1
984	between	38	97	h	h	0	0	128.4042562869412	s38-s97_ch-ch_o0-o0
985	between	38	97	h	h	1	1	138.12467687066442	s38-s97_ch-ch_o1-o1
986	between	38	97	k	k	0	0	127.54924326236863	s38-s97_ck-ck_o0-o0
987	between	38	97	k	k	1	1	140.1482199472516	s38-s97_ck-ck_o1-o1
988	between	38	97	s	s	0	0	134.97082739167755	s38-s97_cs-cs_o0-o0
989	between	38	97	s	s	1	1	126.008828211345	s38-s97_cs-cs_o1-o1
990	between	38	99	h	h	0	0	101.8997398141922	s38-s99_ch-ch_o0-o0
991	between	38	99	h	h	1	1	109.49649640202075	s38-s99_ch-ch_o1-o1
992	between	38	99	k	k	0	0	103.20271756006014	s38-s99_ck-ck_o0-o0
993	between	38	99	k	k	1	1	159.52875158004838	s38-s99_ck-ck_o1-o1
994	between	38	99	s	s	0	0	153.48547518314103	s38-s99_cs-cs_o0-o0
995	between	38	99	s	s	1	1	123.24386104048529	s38-s99_cs-cs_o1-o1
996	between	39	40	h	h	0	0	71.16410895246945	s39-s40_ch-ch_o0-o0
997	between	39	40	h	h	1	1	157.7902154848142	s39-s40_ch-ch_o1-o1
998	between	39	40	k	k	0	0	99.36717959753064	s39-s40_ck-ck_o0-o0
999	between	39	40	k	k	1	1	125.88565899948755	s39-s40_ck-ck_o1-o1
1000	between	39	40	s	s	0	0	116.89201441934213	s39-s40_cs-cs_o0-o0
1001	between	39	40	s	s	1	1	133.9168512877673	s39-s40_cs-cs_o1-o1
1002	between	39	43	h	h	0	0	133.09104715270124	s39-s43_ch-ch_o0-o0
1003	between	39	43	h	h	1	1	143.59090131030544	s39-s43_ch-ch_o1-o1
1004	between	39	43	k	k	0	0	135.38096872214314	s39-s43_ck-ck_o0-o0
1005	between	39	43	k	k	1	1	129.92153634229044	s39-s43_ck-ck_o1-o1
1006	between	39	43	s	s	0	0	130.37682489593175	s39-s43_cs-cs_o0-o0
1007	between	39	43	s	s	1	1	109.83641999430806	s39-s43_cs-cs_o1-o1
1008	between	39	46	h	h	0	0	125.8584802634612	s39-s46_ch-ch_o0-o0
1009	between	39	46	h	h	1	1	167.4447197744472	s39-s46_ch-ch_o1-o1
1010	between	39	46	k	k	0	0	140.32342864003533	s39-s46_ck-ck_o0-o0
1011	between	39	46	k	k	1	1	149.38770614004136	s39-s46_ck-ck_o1-o1
1012	between	39	46	s	s	0	0	172.52505691689592	s39-s46_cs-cs_o0-o0
1013	between	39	46	s	s	1	1	173.03870436062198	s39-s46_cs-cs_o1-o1
1014	between	39	47	h	h	0	0	85.81644028745016	s39-s47_ch-ch_o0-o0
1015	between	39	47	h	h	1	1	165.75419328546684	s39-s47_ch-ch_o1-o1
1016	between	39	47	k	k	0	0	127.93803531640114	s39-s47_ck-ck_o0-o0
1017	between	39	47	k	k	1	1	138.22200861089397	s39-s47_ck-ck_o1-o1
1018	between	39	47	s	s	0	0	143.72316422944087	s39-s47_cs-cs_o0-o0
1019	between	39	47	s	s	1	1	141.99943968850107	s39-s47_cs-cs_o1-o1
1020	between	39	53	h	h	0	0	80.80596039016463	s39-s53_ch-ch_o0-o0
1021	between	39	53	h	h	1	1	158.93517961125087	s39-s53_ch-ch_o1-o1
1022	between	39	53	k	k	0	0	124.5253080954954	s39-s53_ck-ck_o0-o0
1023	between	39	53	k	k	1	1	134.45431136699156	s39-s53_ck-ck_o1-o1
1024	between	39	53	s	s	0	0	132.30532611942277	s39-s53_cs-cs_o0-o0
1025	between	39	53	s	s	1	1	137.08946474290622	s39-s53_cs-cs_o1-o1
1026	between	39	57	h	h	0	0	109.12825975879728	s39-s57_ch-ch_o0-o0
1027	between	39	57	h	h	1	1	171.65983326973017	s39-s57_ch-ch_o1-o1
1028	between	39	57	k	k	0	0	138.801833386534	s39-s57_ck-ck_o0-o0
1029	between	39	57	k	k	1	1	173.17735769660055	s39-s57_ck-ck_o1-o1
1030	between	39	57	s	s	0	0	171.81880443480202	s39-s57_cs-cs_o0-o0
1031	between	39	57	s	s	1	1	135.67471557501617	s39-s57_cs-cs_o1-o1
1032	between	39	58	h	h	0	0	100.14797089287508	s39-s58_ch-ch_o0-o0
1033	between	39	58	h	h	1	1	150.13041662057043	s39-s58_ch-ch_o1-o1
1034	between	39	58	k	k	0	0	112.8209358967866	s39-s58_ck-ck_o0-o0
1035	between	39	58	k	k	1	1	138.96665027946665	s39-s58_ck-ck_o1-o1
1036	between	39	58	s	s	0	0	180.6221689484655	s39-s58_cs-cs_o0-o0
1037	between	39	58	s	s	1	1	169.3877799506314	s39-s58_cs-cs_o1-o1
1038	between	39	59	h	h	0	0	80.04641286179248	s39-s59_ch-ch_o0-o0
1039	between	39	59	h	h	1	1	136.51727889120653	s39-s59_ch-ch_o1-o1
1040	between	39	59	k	k	0	0	98.40319700331676	s39-s59_ck-ck_o0-o0
1041	between	39	59	k	k	1	1	108.64309284648576	s39-s59_ck-ck_o1-o1
1042	between	39	59	s	s	0	0	111.07617007459417	s39-s59_cs-cs_o0-o0
1043	between	39	59	s	s	1	1	103.63289890296332	s39-s59_cs-cs_o1-o1
1044	between	39	60	h	h	0	0	91.87489716814801	s39-s60_ch-ch_o0-o0
1045	between	39	60	h	h	1	1	145.78731021897516	s39-s60_ch-ch_o1-o1
1046	between	39	60	k	k	0	0	141.0429814241162	s39-s60_ck-ck_o0-o0
1048	between	39	60	s	s	0	0	142.29980458209982	s39-s60_cs-cs_o0-o0
1049	between	39	60	s	s	1	1	113.61875362027499	s39-s60_cs-cs_o1-o1
1050	between	39	61	h	h	0	0	90.28905903234377	s39-s61_ch-ch_o0-o0
1051	between	39	61	h	h	1	1	159.2717448327082	s39-s61_ch-ch_o1-o1
1052	between	39	61	k	k	0	0	128.52781414309254	s39-s61_ck-ck_o0-o0
1053	between	39	61	k	k	1	1	146.6743192722628	s39-s61_ck-ck_o1-o1
1054	between	39	61	s	s	0	0	139.11818239992067	s39-s61_cs-cs_o0-o0
1055	between	39	61	s	s	1	1	146.60332767729417	s39-s61_cs-cs_o1-o1
1056	between	39	65	h	h	0	0	86.39433166385507	s39-s65_ch-ch_o0-o0
1057	between	39	65	h	h	1	1	146.23304726523878	s39-s65_ch-ch_o1-o1
1058	between	39	65	k	k	0	0	108.8288525215982	s39-s65_ck-ck_o0-o0
1059	between	39	65	k	k	1	1	108.78817659978505	s39-s65_ck-ck_o1-o1
1060	between	39	65	s	s	0	0	117.62668513239105	s39-s65_cs-cs_o0-o0
1061	between	39	65	s	s	1	1	122.5980023890723	s39-s65_cs-cs_o1-o1
1062	between	39	67	h	h	0	0	94.77633122940888	s39-s67_ch-ch_o0-o0
1063	between	39	67	h	h	1	1	160.57161176561766	s39-s67_ch-ch_o1-o1
1064	between	39	67	k	k	0	0	111.8541453399909	s39-s67_ck-ck_o0-o0
1065	between	39	67	k	k	1	1	120.85531251000816	s39-s67_ck-ck_o1-o1
1066	between	39	67	s	s	0	0	170.3362503781339	s39-s67_cs-cs_o0-o0
1067	between	39	67	s	s	1	1	133.50765711822083	s39-s67_cs-cs_o1-o1
1068	between	39	74	h	h	0	0	112.27267452062026	s39-s74_ch-ch_o0-o0
1069	between	39	74	h	h	1	1	166.19762025855857	s39-s74_ch-ch_o1-o1
1070	between	39	74	k	k	0	0	126.09973841962405	s39-s74_ck-ck_o0-o0
1072	between	39	74	s	s	0	0	168.10475818592062	s39-s74_cs-cs_o0-o0
1073	between	39	74	s	s	1	1	176.24415356007768	s39-s74_cs-cs_o1-o1
1074	between	39	76	h	h	0	0	140.94971641853203	s39-s76_ch-ch_o0-o0
1075	between	39	76	h	h	1	1	134.53093409514378	s39-s76_ch-ch_o1-o1
1076	between	39	76	k	k	0	0	109.34204323428932	s39-s76_ck-ck_o0-o0
1078	between	39	76	s	s	0	0	130.3954772742962	s39-s76_cs-cs_o0-o0
1079	between	39	76	s	s	1	1	133.1064462250609	s39-s76_cs-cs_o1-o1
1080	between	39	79	h	h	0	0	101.96986971167249	s39-s79_ch-ch_o0-o0
1081	between	39	79	h	h	1	1	148.957981769396	s39-s79_ch-ch_o1-o1
1082	between	39	79	k	k	0	0	123.89149977062584	s39-s79_ck-ck_o0-o0
1083	between	39	79	k	k	1	1	143.90485096696048	s39-s79_ck-ck_o1-o1
1084	between	39	79	s	s	0	0	145.12075865488765	s39-s79_cs-cs_o0-o0
1085	between	39	79	s	s	1	1	125.87452565569228	s39-s79_cs-cs_o1-o1
1086	between	39	80	h	h	0	0	135.76870924736448	s39-s80_ch-ch_o0-o0
1087	between	39	80	h	h	1	1	172.1415244239985	s39-s80_ch-ch_o1-o1
1088	between	39	80	k	k	0	0	150.6830573905538	s39-s80_ck-ck_o0-o0
1089	between	39	80	k	k	1	1	174.66616214613654	s39-s80_ck-ck_o1-o1
1090	between	39	80	s	s	0	0	147.2731374852456	s39-s80_cs-cs_o0-o0
1091	between	39	80	s	s	1	1	145.1671268873433	s39-s80_cs-cs_o1-o1
1092	between	39	81	h	h	0	0	110.68455792546074	s39-s81_ch-ch_o0-o0
1093	between	39	81	h	h	1	1	172.66470651002572	s39-s81_ch-ch_o1-o1
1094	between	39	81	k	k	0	0	138.2768295644137	s39-s81_ck-ck_o0-o0
1095	between	39	81	k	k	1	1	167.79728853716028	s39-s81_ck-ck_o1-o1
1096	between	39	81	s	s	0	0	148.85777383380986	s39-s81_cs-cs_o0-o0
1097	between	39	81	s	s	1	1	152.9581202943999	s39-s81_cs-cs_o1-o1
1098	between	39	87	h	h	0	0	104.27732847892545	s39-s87_ch-ch_o0-o0
1099	between	39	87	h	h	1	1	142.541402501076	s39-s87_ch-ch_o1-o1
1100	between	39	87	k	k	0	0	119.67616084517577	s39-s87_ck-ck_o0-o0
1101	between	39	87	k	k	1	1	117.10730589296716	s39-s87_ck-ck_o1-o1
1102	between	39	87	s	s	0	0	168.78598990054002	s39-s87_cs-cs_o0-o0
1103	between	39	87	s	s	1	1	201.73835608430264	s39-s87_cs-cs_o1-o1
1104	between	39	88	h	h	0	0	117.7775551346425	s39-s88_ch-ch_o0-o0
1105	between	39	88	h	h	1	1	163.43734345301598	s39-s88_ch-ch_o1-o1
1106	between	39	88	k	k	0	0	148.52638460730373	s39-s88_ck-ck_o0-o0
1107	between	39	88	k	k	1	1	133.1487449642178	s39-s88_ck-ck_o1-o1
1108	between	39	88	s	s	0	0	196.80601584984126	s39-s88_cs-cs_o0-o0
1109	between	39	88	s	s	1	1	177.044239192873	s39-s88_cs-cs_o1-o1
1110	between	39	89	h	h	0	0	75.83734983273695	s39-s89_ch-ch_o0-o0
1111	between	39	89	h	h	1	1	149.09999619055867	s39-s89_ch-ch_o1-o1
1112	between	39	89	k	k	0	0	95.45233170930878	s39-s89_ck-ck_o0-o0
1113	between	39	89	k	k	1	1	106.72185648988561	s39-s89_ck-ck_o1-o1
1114	between	39	89	s	s	0	0	144.5290297408363	s39-s89_cs-cs_o0-o0
1115	between	39	89	s	s	1	1	105.59162621337086	s39-s89_cs-cs_o1-o1
1116	between	39	90	h	h	0	0	106.7676555088781	s39-s90_ch-ch_o0-o0
1117	between	39	90	h	h	1	1	168.76009174838134	s39-s90_ch-ch_o1-o1
1118	between	39	90	k	k	0	0	141.81430299341818	s39-s90_ck-ck_o0-o0
1119	between	39	90	k	k	1	1	183.14704424476258	s39-s90_ck-ck_o1-o1
1120	between	39	90	s	s	0	0	163.18689984319172	s39-s90_cs-cs_o0-o0
1121	between	39	90	s	s	1	1	162.53902629704058	s39-s90_cs-cs_o1-o1
1122	between	39	91	h	h	0	0	92.07379662910404	s39-s91_ch-ch_o0-o0
1123	between	39	91	h	h	1	1	136.41185565740844	s39-s91_ch-ch_o1-o1
1124	between	39	91	k	k	0	0	102.11723987290249	s39-s91_ck-ck_o0-o0
1125	between	39	91	k	k	1	1	121.81569683806944	s39-s91_ck-ck_o1-o1
1126	between	39	91	s	s	0	0	196.74138072672181	s39-s91_cs-cs_o0-o0
1127	between	39	91	s	s	1	1	200.5559577167627	s39-s91_cs-cs_o1-o1
1128	between	39	92	h	h	0	0	111.75388766314869	s39-s92_ch-ch_o0-o0
1130	between	39	92	k	k	0	0	131.70331646996047	s39-s92_ck-ck_o0-o0
1131	between	39	92	k	k	1	1	129.8903060036245	s39-s92_ck-ck_o1-o1
1132	between	39	92	s	s	0	0	244.65125059656708	s39-s92_cs-cs_o0-o0
1133	between	39	92	s	s	1	1	128.37108753537927	s39-s92_cs-cs_o1-o1
1134	between	39	94	h	h	0	0	84.86095539532208	s39-s94_ch-ch_o0-o0
1135	between	39	94	h	h	1	1	160.78889778169213	s39-s94_ch-ch_o1-o1
1136	between	39	94	k	k	0	0	127.9487072259823	s39-s94_ck-ck_o0-o0
1137	between	39	94	k	k	1	1	134.79437578410227	s39-s94_ck-ck_o1-o1
1138	between	39	94	s	s	0	0	286.2831959576224	s39-s94_cs-cs_o0-o0
1139	between	39	94	s	s	1	1	241.6216964507466	s39-s94_cs-cs_o1-o1
1140	between	39	95	h	h	0	0	76.44189636090314	s39-s95_ch-ch_o0-o0
1141	between	39	95	h	h	1	1	139.65225863591712	s39-s95_ch-ch_o1-o1
1142	between	39	95	k	k	0	0	105.36367584286313	s39-s95_ck-ck_o0-o0
1143	between	39	95	k	k	1	1	113.63732386287757	s39-s95_ck-ck_o1-o1
1144	between	39	95	s	s	0	0	137.47742921212327	s39-s95_cs-cs_o0-o0
1145	between	39	95	s	s	1	1	139.61118152457757	s39-s95_cs-cs_o1-o1
1146	between	39	97	h	h	0	0	104.97162422694562	s39-s97_ch-ch_o0-o0
1147	between	39	97	h	h	1	1	177.52825255000815	s39-s97_ch-ch_o1-o1
1148	between	39	97	k	k	0	0	134.63214875776305	s39-s97_ck-ck_o0-o0
1149	between	39	97	k	k	1	1	144.67469003297097	s39-s97_ck-ck_o1-o1
1150	between	39	97	s	s	0	0	142.80817700100954	s39-s97_cs-cs_o0-o0
1151	between	39	97	s	s	1	1	126.3482988255872	s39-s97_cs-cs_o1-o1
1152	between	39	99	h	h	0	0	78.17817601197248	s39-s99_ch-ch_o0-o0
1153	between	39	99	h	h	1	1	147.73974068547946	s39-s99_ch-ch_o1-o1
1154	between	39	99	k	k	0	0	102.7654495874503	s39-s99_ck-ck_o0-o0
1155	between	39	99	k	k	1	1	156.87672515465485	s39-s99_ck-ck_o1-o1
1156	between	39	99	s	s	0	0	127.80822110801036	s39-s99_cs-cs_o0-o0
1157	between	39	99	s	s	1	1	132.44467095301786	s39-s99_cs-cs_o1-o1
1158	between	40	43	h	h	0	0	133.91699355146267	s40-s43_ch-ch_o0-o0
1159	between	40	43	h	h	1	1	138.47856349929842	s40-s43_ch-ch_o1-o1
1160	between	40	43	k	k	0	0	130.98399040819453	s40-s43_ck-ck_o0-o0
1161	between	40	43	k	k	1	1	126.72466979174386	s40-s43_ck-ck_o1-o1
1162	between	40	43	s	s	0	0	123.69848182302668	s40-s43_cs-cs_o0-o0
1163	between	40	43	s	s	1	1	123.49596693870473	s40-s43_cs-cs_o1-o1
1164	between	40	46	h	h	0	0	125.3303616596877	s40-s46_ch-ch_o0-o0
1165	between	40	46	h	h	1	1	125.65156295118922	s40-s46_ch-ch_o1-o1
1166	between	40	46	k	k	0	0	119.30602061680061	s40-s46_ck-ck_o0-o0
1167	between	40	46	k	k	1	1	134.31390312769577	s40-s46_ck-ck_o1-o1
1168	between	40	46	s	s	0	0	172.18131111522703	s40-s46_cs-cs_o0-o0
1169	between	40	46	s	s	1	1	173.96472290848467	s40-s46_cs-cs_o1-o1
1170	between	40	47	h	h	0	0	93.0294792697445	s40-s47_ch-ch_o0-o0
1171	between	40	47	h	h	1	1	144.59338930783423	s40-s47_ch-ch_o1-o1
1172	between	40	47	k	k	0	0	115.75502386977374	s40-s47_ck-ck_o0-o0
1173	between	40	47	k	k	1	1	142.4073385525819	s40-s47_ck-ck_o1-o1
1174	between	40	47	s	s	0	0	132.4260100015997	s40-s47_cs-cs_o0-o0
1175	between	40	47	s	s	1	1	158.32238102945652	s40-s47_cs-cs_o1-o1
1176	between	40	53	h	h	0	0	71.80465434399899	s40-s53_ch-ch_o0-o0
1177	between	40	53	h	h	1	1	131.28436329341363	s40-s53_ch-ch_o1-o1
1178	between	40	53	k	k	0	0	112.02287241670902	s40-s53_ck-ck_o0-o0
1179	between	40	53	k	k	1	1	124.02342297797159	s40-s53_ck-ck_o1-o1
1180	between	40	53	s	s	0	0	130.72409375837955	s40-s53_cs-cs_o0-o0
1181	between	40	53	s	s	1	1	149.5779080992305	s40-s53_cs-cs_o1-o1
1182	between	40	57	h	h	0	0	103.9217972765796	s40-s57_ch-ch_o0-o0
1183	between	40	57	h	h	1	1	156.6225108324168	s40-s57_ch-ch_o1-o1
1184	between	40	57	k	k	0	0	128.6011560158371	s40-s57_ck-ck_o0-o0
1185	between	40	57	k	k	1	1	172.0519321169672	s40-s57_ck-ck_o1-o1
1186	between	40	57	s	s	0	0	160.00111410633892	s40-s57_cs-cs_o0-o0
1187	between	40	57	s	s	1	1	153.61253756496586	s40-s57_cs-cs_o1-o1
1188	between	40	58	h	h	0	0	108.81599986985105	s40-s58_ch-ch_o0-o0
1189	between	40	58	h	h	1	1	142.76798896557773	s40-s58_ch-ch_o1-o1
1190	between	40	58	k	k	0	0	112.36337230156197	s40-s58_ck-ck_o0-o0
1191	between	40	58	k	k	1	1	127.1866876328253	s40-s58_ck-ck_o1-o1
1192	between	40	58	s	s	0	0	177.053504997335	s40-s58_cs-cs_o0-o0
1193	between	40	58	s	s	1	1	188.4963033081001	s40-s58_cs-cs_o1-o1
1194	between	40	59	h	h	0	0	95.99167469141594	s40-s59_ch-ch_o0-o0
1195	between	40	59	h	h	1	1	108.00310111500531	s40-s59_ch-ch_o1-o1
1196	between	40	59	k	k	0	0	86.32317978802487	s40-s59_ck-ck_o0-o0
1197	between	40	59	k	k	1	1	122.0037244675182	s40-s59_ck-ck_o1-o1
1198	between	40	59	s	s	0	0	106.82979874743486	s40-s59_cs-cs_o0-o0
1199	between	40	59	s	s	1	1	113.2789601080428	s40-s59_cs-cs_o1-o1
1200	between	40	60	h	h	0	0	97.54359079766338	s40-s60_ch-ch_o0-o0
1201	between	40	60	h	h	1	1	120.04760216219998	s40-s60_ch-ch_o1-o1
1202	between	40	60	k	k	0	0	134.15443630954604	s40-s60_ck-ck_o0-o0
1204	between	40	60	s	s	0	0	130.26679554380766	s40-s60_cs-cs_o0-o0
1205	between	40	60	s	s	1	1	136.76310250056437	s40-s60_cs-cs_o1-o1
1206	between	40	61	h	h	0	0	83.41495358996603	s40-s61_ch-ch_o0-o0
1207	between	40	61	h	h	1	1	145.4373905123328	s40-s61_ch-ch_o1-o1
1208	between	40	61	k	k	0	0	106.30004883738651	s40-s61_ck-ck_o0-o0
1209	between	40	61	k	k	1	1	130.90362803496836	s40-s61_ck-ck_o1-o1
1210	between	40	61	s	s	0	0	128.16508267734585	s40-s61_cs-cs_o0-o0
1211	between	40	61	s	s	1	1	144.85202682213455	s40-s61_cs-cs_o1-o1
1212	between	40	65	h	h	0	0	92.78027181357692	s40-s65_ch-ch_o0-o0
1213	between	40	65	h	h	1	1	105.04612176629784	s40-s65_ch-ch_o1-o1
1214	between	40	65	k	k	0	0	96.52073446446987	s40-s65_ck-ck_o0-o0
1215	between	40	65	k	k	1	1	116.00331165253034	s40-s65_ck-ck_o1-o1
1216	between	40	65	s	s	0	0	116.33326985473384	s40-s65_cs-cs_o0-o0
1217	between	40	65	s	s	1	1	125.92905775216924	s40-s65_cs-cs_o1-o1
1218	between	40	67	h	h	0	0	94.71707382181907	s40-s67_ch-ch_o0-o0
1219	between	40	67	h	h	1	1	123.12778171366158	s40-s67_ch-ch_o1-o1
1220	between	40	67	k	k	0	0	91.75311001201652	s40-s67_ck-ck_o0-o0
1221	between	40	67	k	k	1	1	122.57932318102226	s40-s67_ck-ck_o1-o1
1222	between	40	67	s	s	0	0	173.09280887647603	s40-s67_cs-cs_o0-o0
1223	between	40	67	s	s	1	1	161.80362803092316	s40-s67_cs-cs_o1-o1
1224	between	40	74	h	h	0	0	119.0024779303364	s40-s74_ch-ch_o0-o0
1225	between	40	74	h	h	1	1	159.28398203424152	s40-s74_ch-ch_o1-o1
1226	between	40	74	k	k	0	0	115.9187510561218	s40-s74_ck-ck_o0-o0
1228	between	40	74	s	s	0	0	180.593728493293	s40-s74_cs-cs_o0-o0
1229	between	40	74	s	s	1	1	154.56918668672796	s40-s74_cs-cs_o1-o1
1230	between	40	76	h	h	0	0	133.43200471768154	s40-s76_ch-ch_o0-o0
1231	between	40	76	h	h	1	1	115.9863378179917	s40-s76_ch-ch_o1-o1
1232	between	40	76	k	k	0	0	93.5296439426094	s40-s76_ck-ck_o0-o0
1234	between	40	76	s	s	0	0	137.66592744830348	s40-s76_cs-cs_o0-o0
1235	between	40	76	s	s	1	1	145.74219171262484	s40-s76_cs-cs_o1-o1
1236	between	40	79	h	h	0	0	122.96569839761035	s40-s79_ch-ch_o0-o0
1237	between	40	79	h	h	1	1	142.06925245021637	s40-s79_ch-ch_o1-o1
1238	between	40	79	k	k	0	0	106.81558440443808	s40-s79_ck-ck_o0-o0
1239	between	40	79	k	k	1	1	154.89975360170808	s40-s79_ck-ck_o1-o1
1240	between	40	79	s	s	0	0	148.65469917900828	s40-s79_cs-cs_o0-o0
1241	between	40	79	s	s	1	1	138.85133880372587	s40-s79_cs-cs_o1-o1
1242	between	40	80	h	h	0	0	153.82727225668378	s40-s80_ch-ch_o0-o0
1243	between	40	80	h	h	1	1	139.92534361702735	s40-s80_ch-ch_o1-o1
1244	between	40	80	k	k	0	0	148.50541447402694	s40-s80_ck-ck_o0-o0
1245	between	40	80	k	k	1	1	181.1205279964693	s40-s80_ck-ck_o1-o1
1246	between	40	80	s	s	0	0	142.06989225115635	s40-s80_cs-cs_o0-o0
1247	between	40	80	s	s	1	1	137.5126955834907	s40-s80_cs-cs_o1-o1
1248	between	40	81	h	h	0	0	112.26778098391279	s40-s81_ch-ch_o0-o0
1249	between	40	81	h	h	1	1	146.26137883865533	s40-s81_ch-ch_o1-o1
1250	between	40	81	k	k	0	0	120.10380482457587	s40-s81_ck-ck_o0-o0
1251	between	40	81	k	k	1	1	176.12093786856087	s40-s81_ck-ck_o1-o1
1252	between	40	81	s	s	0	0	152.50181874919568	s40-s81_cs-cs_o0-o0
1253	between	40	81	s	s	1	1	164.8181756980429	s40-s81_cs-cs_o1-o1
1254	between	40	87	h	h	0	0	106.83374001924044	s40-s87_ch-ch_o0-o0
1255	between	40	87	h	h	1	1	121.04937720007	s40-s87_ch-ch_o1-o1
1256	between	40	87	k	k	0	0	99.54056138737255	s40-s87_ck-ck_o0-o0
1257	between	40	87	k	k	1	1	127.39836809253732	s40-s87_ck-ck_o1-o1
1258	between	40	87	s	s	0	0	162.11509681262294	s40-s87_cs-cs_o0-o0
1259	between	40	87	s	s	1	1	205.24628810631665	s40-s87_cs-cs_o1-o1
1260	between	40	88	h	h	0	0	133.73242147592515	s40-s88_ch-ch_o0-o0
1261	between	40	88	h	h	1	1	168.4898987620654	s40-s88_ch-ch_o1-o1
1262	between	40	88	k	k	0	0	145.7418319233158	s40-s88_ck-ck_o0-o0
1263	between	40	88	k	k	1	1	170.8683797349336	s40-s88_ck-ck_o1-o1
1264	between	40	88	s	s	0	0	190.15906760211337	s40-s88_cs-cs_o0-o0
1265	between	40	88	s	s	1	1	178.69336695499337	s40-s88_cs-cs_o1-o1
1266	between	40	89	h	h	0	0	72.89927626879239	s40-s89_ch-ch_o0-o0
1267	between	40	89	h	h	1	1	114.5503307468057	s40-s89_ch-ch_o1-o1
1268	between	40	89	k	k	0	0	65.91020136279863	s40-s89_ck-ck_o0-o0
1269	between	40	89	k	k	1	1	114.01491680496521	s40-s89_ck-ck_o1-o1
1270	between	40	89	s	s	0	0	159.3732172385798	s40-s89_cs-cs_o0-o0
1271	between	40	89	s	s	1	1	114.57325535560025	s40-s89_cs-cs_o1-o1
1272	between	40	90	h	h	0	0	132.3863170528042	s40-s90_ch-ch_o0-o0
1273	between	40	90	h	h	1	1	138.86624988929842	s40-s90_ch-ch_o1-o1
1274	between	40	90	k	k	0	0	134.88873181002575	s40-s90_ck-ck_o0-o0
1275	between	40	90	k	k	1	1	175.35995059556177	s40-s90_ck-ck_o1-o1
1276	between	40	90	s	s	0	0	151.2893242387053	s40-s90_cs-cs_o0-o0
1277	between	40	90	s	s	1	1	192.5889152103035	s40-s90_cs-cs_o1-o1
1278	between	40	91	h	h	0	0	82.38476890533386	s40-s91_ch-ch_o0-o0
1279	between	40	91	h	h	1	1	120.94714129742614	s40-s91_ch-ch_o1-o1
1280	between	40	91	k	k	0	0	85.57726408482878	s40-s91_ck-ck_o0-o0
1281	between	40	91	k	k	1	1	140.7959060144541	s40-s91_ck-ck_o1-o1
1282	between	40	91	s	s	0	0	191.51353603259722	s40-s91_cs-cs_o0-o0
1283	between	40	91	s	s	1	1	224.78770955976657	s40-s91_cs-cs_o1-o1
1284	between	40	92	h	h	0	0	117.83002069595842	s40-s92_ch-ch_o0-o0
1286	between	40	92	k	k	0	0	116.30084337022649	s40-s92_ck-ck_o0-o0
1287	between	40	92	k	k	1	1	134.1288916699277	s40-s92_ck-ck_o1-o1
1288	between	40	92	s	s	0	0	225.3339445068581	s40-s92_cs-cs_o0-o0
1289	between	40	92	s	s	1	1	127.04871222817728	s40-s92_cs-cs_o1-o1
1290	between	40	94	h	h	0	0	100.52084931127484	s40-s94_ch-ch_o0-o0
1291	between	40	94	h	h	1	1	134.3381103861942	s40-s94_ch-ch_o1-o1
1292	between	40	94	k	k	0	0	92.96681152566266	s40-s94_ck-ck_o0-o0
1293	between	40	94	k	k	1	1	139.79611262035837	s40-s94_ck-ck_o1-o1
1294	between	40	94	s	s	0	0	277.03716603670085	s40-s94_cs-cs_o0-o0
1295	between	40	94	s	s	1	1	244.5837635531063	s40-s94_cs-cs_o1-o1
1296	between	40	95	h	h	0	0	78.41604878863694	s40-s95_ch-ch_o0-o0
1297	between	40	95	h	h	1	1	129.03868450830808	s40-s95_ch-ch_o1-o1
1298	between	40	95	k	k	0	0	95.80445319583535	s40-s95_ck-ck_o0-o0
1299	between	40	95	k	k	1	1	101.60543007083176	s40-s95_ck-ck_o1-o1
1300	between	40	95	s	s	0	0	142.21857505595563	s40-s95_cs-cs_o0-o0
1301	between	40	95	s	s	1	1	147.9818870192834	s40-s95_cs-cs_o1-o1
1302	between	40	97	h	h	0	0	103.69876490824505	s40-s97_ch-ch_o0-o0
1303	between	40	97	h	h	1	1	122.48441077606253	s40-s97_ch-ch_o1-o1
1304	between	40	97	k	k	0	0	101.40416942478574	s40-s97_ck-ck_o0-o0
1305	between	40	97	k	k	1	1	157.76749276503574	s40-s97_ck-ck_o1-o1
1306	between	40	97	s	s	0	0	132.0936482075555	s40-s97_cs-cs_o0-o0
1307	between	40	97	s	s	1	1	120.24771150579252	s40-s97_cs-cs_o1-o1
1308	between	40	99	h	h	0	0	84.82199249450701	s40-s99_ch-ch_o0-o0
1309	between	40	99	h	h	1	1	150.36008476302726	s40-s99_ch-ch_o1-o1
1310	between	40	99	k	k	0	0	89.06002445715816	s40-s99_ck-ck_o0-o0
1311	between	40	99	k	k	1	1	147.23477548364906	s40-s99_ck-ck_o1-o1
1312	between	40	99	s	s	0	0	142.8708098519648	s40-s99_cs-cs_o0-o0
1313	between	40	99	s	s	1	1	142.37668295006628	s40-s99_cs-cs_o1-o1
1314	between	43	46	h	h	0	0	159.0317256099682	s43-s46_ch-ch_o0-o0
1315	between	43	46	h	h	1	1	137.30883698325755	s43-s46_ch-ch_o1-o1
1316	between	43	46	k	k	0	0	174.14940074330246	s43-s46_ck-ck_o0-o0
1317	between	43	46	k	k	1	1	144.2859553298848	s43-s46_ck-ck_o1-o1
1318	between	43	46	s	s	0	0	159.34985720761355	s43-s46_cs-cs_o0-o0
1319	between	43	46	s	s	1	1	171.35648128527788	s43-s46_cs-cs_o1-o1
1320	between	43	47	h	h	0	0	146.68645000932113	s43-s47_ch-ch_o0-o0
1321	between	43	47	h	h	1	1	113.07798627719059	s43-s47_ch-ch_o1-o1
1322	between	43	47	k	k	0	0	141.32670902490867	s43-s47_ck-ck_o0-o0
1323	between	43	47	k	k	1	1	128.25577164888568	s43-s47_ck-ck_o1-o1
1324	between	43	47	s	s	0	0	142.14556250953956	s43-s47_cs-cs_o0-o0
1325	between	43	47	s	s	1	1	133.78572853837633	s43-s47_cs-cs_o1-o1
1326	between	43	53	h	h	0	0	127.59353581171345	s43-s53_ch-ch_o0-o0
1327	between	43	53	h	h	1	1	105.06767148314135	s43-s53_ch-ch_o1-o1
1328	between	43	53	k	k	0	0	129.71159860487577	s43-s53_ck-ck_o0-o0
1329	between	43	53	k	k	1	1	116.2317343194552	s43-s53_ck-ck_o1-o1
1330	between	43	53	s	s	0	0	140.98051930199145	s43-s53_cs-cs_o0-o0
1331	between	43	53	s	s	1	1	131.3235917355445	s43-s53_cs-cs_o1-o1
1332	between	43	57	h	h	0	0	150.10934089855976	s43-s57_ch-ch_o0-o0
1333	between	43	57	h	h	1	1	145.69397717674664	s43-s57_ch-ch_o1-o1
1334	between	43	57	k	k	0	0	156.22999385241846	s43-s57_ck-ck_o0-o0
1335	between	43	57	k	k	1	1	142.72647692547582	s43-s57_ck-ck_o1-o1
1336	between	43	57	s	s	0	0	152.72899859623533	s43-s57_cs-cs_o0-o0
1337	between	43	57	s	s	1	1	133.69103089145858	s43-s57_cs-cs_o1-o1
1338	between	43	58	h	h	0	0	138.52410551025824	s43-s58_ch-ch_o0-o0
1339	between	43	58	h	h	1	1	116.98728969946713	s43-s58_ch-ch_o1-o1
1340	between	43	58	k	k	0	0	128.94470182246098	s43-s58_ck-ck_o0-o0
1341	between	43	58	k	k	1	1	117.17547182892783	s43-s58_ck-ck_o1-o1
1342	between	43	58	s	s	0	0	166.99048580344402	s43-s58_cs-cs_o0-o0
1343	between	43	58	s	s	1	1	162.30812979228568	s43-s58_cs-cs_o1-o1
1344	between	43	59	h	h	0	0	133.4223391227226	s43-s59_ch-ch_o0-o0
1345	between	43	59	h	h	1	1	98.75326785660957	s43-s59_ch-ch_o1-o1
1346	between	43	59	k	k	0	0	121.52852384953667	s43-s59_ck-ck_o0-o0
1347	between	43	59	k	k	1	1	121.3015181857242	s43-s59_ck-ck_o1-o1
1348	between	43	59	s	s	0	0	113.46736491696353	s43-s59_cs-cs_o0-o0
1349	between	43	59	s	s	1	1	98.21646519252111	s43-s59_cs-cs_o1-o1
1350	between	43	60	h	h	0	0	149.46173147758486	s43-s60_ch-ch_o0-o0
1351	between	43	60	h	h	1	1	111.11037757397311	s43-s60_ch-ch_o1-o1
1352	between	43	60	k	k	0	0	151.29443709156257	s43-s60_ck-ck_o0-o0
1354	between	43	60	s	s	0	0	131.83752062746905	s43-s60_cs-cs_o0-o0
1355	between	43	60	s	s	1	1	110.99164902828814	s43-s60_cs-cs_o1-o1
1356	between	43	61	h	h	0	0	142.32990230116945	s43-s61_ch-ch_o0-o0
1357	between	43	61	h	h	1	1	111.76569065489736	s43-s61_ch-ch_o1-o1
1358	between	43	61	k	k	0	0	146.13429074094825	s43-s61_ck-ck_o0-o0
1359	between	43	61	k	k	1	1	137.58723462674698	s43-s61_ck-ck_o1-o1
1360	between	43	61	s	s	0	0	138.22875503149527	s43-s61_cs-cs_o0-o0
1361	between	43	61	s	s	1	1	148.54536786474142	s43-s61_cs-cs_o1-o1
1362	between	43	65	h	h	0	0	143.00959448955396	s43-s65_ch-ch_o0-o0
1363	between	43	65	h	h	1	1	111.38695685737589	s43-s65_ch-ch_o1-o1
1364	between	43	65	k	k	0	0	123.70899945192387	s43-s65_ck-ck_o0-o0
1365	between	43	65	k	k	1	1	110.11707769059021	s43-s65_ck-ck_o1-o1
1366	between	43	65	s	s	0	0	122.2760418895837	s43-s65_cs-cs_o0-o0
1367	between	43	65	s	s	1	1	108.14200519527236	s43-s65_cs-cs_o1-o1
1368	between	43	67	h	h	0	0	146.6820370899976	s43-s67_ch-ch_o0-o0
1369	between	43	67	h	h	1	1	111.94042827005879	s43-s67_ch-ch_o1-o1
1370	between	43	67	k	k	0	0	142.28948308822078	s43-s67_ck-ck_o0-o0
1371	between	43	67	k	k	1	1	118.94010760712344	s43-s67_ck-ck_o1-o1
1372	between	43	67	s	s	0	0	150.0387845140589	s43-s67_cs-cs_o0-o0
1373	between	43	67	s	s	1	1	138.00449640544812	s43-s67_cs-cs_o1-o1
1374	between	43	74	h	h	0	0	157.49019459424593	s43-s74_ch-ch_o0-o0
1375	between	43	74	h	h	1	1	126.0257553906415	s43-s74_ch-ch_o1-o1
1376	between	43	74	k	k	0	0	151.13951945670388	s43-s74_ck-ck_o0-o0
1378	between	43	74	s	s	0	0	182.92640425216757	s43-s74_cs-cs_o0-o0
1379	between	43	74	s	s	1	1	156.2549529873525	s43-s74_cs-cs_o1-o1
1380	between	43	76	h	h	0	0	195.79504363849307	s43-s76_ch-ch_o0-o0
1381	between	43	76	h	h	1	1	89.84814030805524	s43-s76_ch-ch_o1-o1
1382	between	43	76	k	k	0	0	126.79749815845787	s43-s76_ck-ck_o0-o0
1384	between	43	76	s	s	0	0	130.1798662726427	s43-s76_cs-cs_o0-o0
1385	between	43	76	s	s	1	1	122.35879187295401	s43-s76_cs-cs_o1-o1
1386	between	43	79	h	h	0	0	147.28127728906549	s43-s79_ch-ch_o0-o0
1387	between	43	79	h	h	1	1	106.36054457038581	s43-s79_ch-ch_o1-o1
1388	between	43	79	k	k	0	0	114.22896096954238	s43-s79_ck-ck_o0-o0
1389	between	43	79	k	k	1	1	131.22416077328677	s43-s79_ck-ck_o1-o1
1390	between	43	79	s	s	0	0	141.36928021693046	s43-s79_cs-cs_o0-o0
1391	between	43	79	s	s	1	1	119.97908582744753	s43-s79_cs-cs_o1-o1
1392	between	43	80	h	h	0	0	165.93401295442115	s43-s80_ch-ch_o0-o0
1393	between	43	80	h	h	1	1	115.31412389048194	s43-s80_ch-ch_o1-o1
1394	between	43	80	k	k	0	0	154.24171944851244	s43-s80_ck-ck_o0-o0
1395	between	43	80	k	k	1	1	156.50116074287592	s43-s80_ck-ck_o1-o1
1396	between	43	80	s	s	0	0	135.01989828670295	s43-s80_cs-cs_o0-o0
1397	between	43	80	s	s	1	1	123.43886365770248	s43-s80_cs-cs_o1-o1
1398	between	43	81	h	h	0	0	147.00542181745908	s43-s81_ch-ch_o0-o0
1399	between	43	81	h	h	1	1	111.6488491167224	s43-s81_ch-ch_o1-o1
1400	between	43	81	k	k	0	0	145.62341815197766	s43-s81_ck-ck_o0-o0
1401	between	43	81	k	k	1	1	162.43358027051104	s43-s81_ck-ck_o1-o1
1402	between	43	81	s	s	0	0	159.19330096546472	s43-s81_cs-cs_o0-o0
1403	between	43	81	s	s	1	1	154.17128175019445	s43-s81_cs-cs_o1-o1
1404	between	43	87	h	h	0	0	151.5898349124597	s43-s87_ch-ch_o0-o0
1405	between	43	87	h	h	1	1	116.73190959158549	s43-s87_ch-ch_o1-o1
1406	between	43	87	k	k	0	0	138.22263006091754	s43-s87_ck-ck_o0-o0
1407	between	43	87	k	k	1	1	125.56546374568256	s43-s87_ck-ck_o1-o1
1408	between	43	87	s	s	0	0	181.50483949031042	s43-s87_cs-cs_o0-o0
1409	between	43	87	s	s	1	1	195.92998597150807	s43-s87_cs-cs_o1-o1
1410	between	43	88	h	h	0	0	151.48937732261268	s43-s88_ch-ch_o0-o0
1411	between	43	88	h	h	1	1	128.55906244439188	s43-s88_ch-ch_o1-o1
1412	between	43	88	k	k	0	0	166.01046026344125	s43-s88_ck-ck_o0-o0
1413	between	43	88	k	k	1	1	156.4715595397179	s43-s88_ck-ck_o1-o1
1414	between	43	88	s	s	0	0	189.81326576853536	s43-s88_cs-cs_o0-o0
1415	between	43	88	s	s	1	1	166.878420807178	s43-s88_cs-cs_o1-o1
1416	between	43	89	h	h	0	0	139.39942433353968	s43-s89_ch-ch_o0-o0
1417	between	43	89	h	h	1	1	113.96310724969042	s43-s89_ch-ch_o1-o1
1418	between	43	89	k	k	0	0	128.12153665509214	s43-s89_ck-ck_o0-o0
1419	between	43	89	k	k	1	1	111.86760118497429	s43-s89_ck-ck_o1-o1
1420	between	43	89	s	s	0	0	155.48227113863732	s43-s89_cs-cs_o0-o0
1421	between	43	89	s	s	1	1	105.30071718829373	s43-s89_cs-cs_o1-o1
1422	between	43	90	h	h	0	0	150.9879183664692	s43-s90_ch-ch_o0-o0
1423	between	43	90	h	h	1	1	113.38946813449138	s43-s90_ch-ch_o1-o1
1424	between	43	90	k	k	0	0	144.6202320378003	s43-s90_ck-ck_o0-o0
1425	between	43	90	k	k	1	1	163.77755203380198	s43-s90_ck-ck_o1-o1
1426	between	43	90	s	s	0	0	155.10922783711305	s43-s90_cs-cs_o0-o0
1427	between	43	90	s	s	1	1	171.62993550222896	s43-s90_cs-cs_o1-o1
1428	between	43	91	h	h	0	0	136.47609963725372	s43-s91_ch-ch_o0-o0
1429	between	43	91	h	h	1	1	104.3521741813071	s43-s91_ch-ch_o1-o1
1430	between	43	91	k	k	0	0	130.2539333023166	s43-s91_ck-ck_o0-o0
1431	between	43	91	k	k	1	1	138.14192678467535	s43-s91_ck-ck_o1-o1
1432	between	43	91	s	s	0	0	183.47046061441083	s43-s91_cs-cs_o0-o0
1433	between	43	91	s	s	1	1	198.4003482310235	s43-s91_cs-cs_o1-o1
1434	between	43	92	h	h	0	0	146.36764122662183	s43-s92_ch-ch_o0-o0
1436	between	43	92	k	k	0	0	134.21384113418972	s43-s92_ck-ck_o0-o0
1437	between	43	92	k	k	1	1	128.2280054750676	s43-s92_ck-ck_o1-o1
1438	between	43	92	s	s	0	0	242.62527039098478	s43-s92_cs-cs_o0-o0
1439	between	43	92	s	s	1	1	133.49583937200148	s43-s92_cs-cs_o1-o1
1440	between	43	94	h	h	0	0	149.46136575624968	s43-s94_ch-ch_o0-o0
1441	between	43	94	h	h	1	1	135.2978245572359	s43-s94_ch-ch_o1-o1
1442	between	43	94	k	k	0	0	163.14373145971095	s43-s94_ck-ck_o0-o0
1443	between	43	94	k	k	1	1	150.4846564784511	s43-s94_ck-ck_o1-o1
1444	between	43	94	s	s	0	0	273.12314027370945	s43-s94_cs-cs_o0-o0
1445	between	43	94	s	s	1	1	233.19119488026286	s43-s94_cs-cs_o1-o1
1446	between	43	95	h	h	0	0	134.33370987329712	s43-s95_ch-ch_o0-o0
1447	between	43	95	h	h	1	1	92.46133104987865	s43-s95_ch-ch_o1-o1
1448	between	43	95	k	k	0	0	111.74579720420711	s43-s95_ck-ck_o0-o0
1449	between	43	95	k	k	1	1	106.17058400051059	s43-s95_ck-ck_o1-o1
1450	between	43	95	s	s	0	0	132.81590594488634	s43-s95_cs-cs_o0-o0
1451	between	43	95	s	s	1	1	125.07111338633602	s43-s95_cs-cs_o1-o1
1452	between	43	97	h	h	0	0	157.5205714080778	s43-s97_ch-ch_o0-o0
1453	between	43	97	h	h	1	1	139.81149549679552	s43-s97_ch-ch_o1-o1
1454	between	43	97	k	k	0	0	164.580070040813	s43-s97_ck-ck_o0-o0
1455	between	43	97	k	k	1	1	157.00674222684256	s43-s97_ck-ck_o1-o1
1456	between	43	97	s	s	0	0	128.51014157483348	s43-s97_cs-cs_o0-o0
1457	between	43	97	s	s	1	1	119.60871478662332	s43-s97_cs-cs_o1-o1
1458	between	43	99	h	h	0	0	136.02079456076592	s43-s99_ch-ch_o0-o0
1459	between	43	99	h	h	1	1	99.30601812118859	s43-s99_ch-ch_o1-o1
1460	between	43	99	k	k	0	0	120.641528404495	s43-s99_ck-ck_o0-o0
1461	between	43	99	k	k	1	1	132.05187039811938	s43-s99_ck-ck_o1-o1
1462	between	43	99	s	s	0	0	144.11328100542502	s43-s99_cs-cs_o0-o0
1463	between	43	99	s	s	1	1	126.67001968599789	s43-s99_cs-cs_o1-o1
1464	between	46	47	h	h	0	0	141.20175556175457	s46-s47_ch-ch_o0-o0
1465	between	46	47	h	h	1	1	135.5065611965035	s46-s47_ch-ch_o1-o1
1466	between	46	47	k	k	0	0	160.75547172614	s46-s47_ck-ck_o0-o0
1467	between	46	47	k	k	1	1	148.74617991210417	s46-s47_ck-ck_o1-o1
1468	between	46	47	s	s	0	0	181.7733403746638	s46-s47_cs-cs_o0-o0
1469	between	46	47	s	s	1	1	183.78637906976672	s46-s47_cs-cs_o1-o1
1470	between	46	53	h	h	0	0	129.9083245847876	s46-s53_ch-ch_o0-o0
1471	between	46	53	h	h	1	1	142.0633429037196	s46-s53_ch-ch_o1-o1
1472	between	46	53	k	k	0	0	167.02824383957733	s46-s53_ck-ck_o0-o0
1473	between	46	53	k	k	1	1	148.96329818480106	s46-s53_ck-ck_o1-o1
1474	between	46	53	s	s	0	0	186.8156780889034	s46-s53_cs-cs_o0-o0
1475	between	46	53	s	s	1	1	187.28127145304836	s46-s53_cs-cs_o1-o1
1476	between	46	57	h	h	0	0	165.50764114169283	s46-s57_ch-ch_o0-o0
1477	between	46	57	h	h	1	1	156.57093053464294	s46-s57_ch-ch_o1-o1
1478	between	46	57	k	k	0	0	198.1098071643531	s46-s57_ck-ck_o0-o0
1479	between	46	57	k	k	1	1	182.9277200052013	s46-s57_ck-ck_o1-o1
1480	between	46	57	s	s	0	0	216.5275058330075	s46-s57_cs-cs_o0-o0
1481	between	46	57	s	s	1	1	215.87478984313108	s46-s57_cs-cs_o1-o1
1482	between	46	58	h	h	0	0	130.2393824985274	s46-s58_ch-ch_o0-o0
1483	between	46	58	h	h	1	1	136.37944798800265	s46-s58_ch-ch_o1-o1
1484	between	46	58	k	k	0	0	165.20413568982116	s46-s58_ck-ck_o0-o0
1485	between	46	58	k	k	1	1	130.95772036682865	s46-s58_ck-ck_o1-o1
1486	between	46	58	s	s	0	0	188.26912698522443	s46-s58_cs-cs_o0-o0
1487	between	46	58	s	s	1	1	196.8576738441238	s46-s58_cs-cs_o1-o1
1488	between	46	59	h	h	0	0	119.30124148544519	s46-s59_ch-ch_o0-o0
1489	between	46	59	h	h	1	1	94.45347309136217	s46-s59_ch-ch_o1-o1
1490	between	46	59	k	k	0	0	130.96851241012763	s46-s59_ck-ck_o0-o0
1491	between	46	59	k	k	1	1	125.38713507881813	s46-s59_ck-ck_o1-o1
1492	between	46	59	s	s	0	0	141.77781034754966	s46-s59_cs-cs_o0-o0
1493	between	46	59	s	s	1	1	146.7374062738737	s46-s59_cs-cs_o1-o1
1494	between	46	60	h	h	0	0	144.02944446913642	s46-s60_ch-ch_o0-o0
1495	between	46	60	h	h	1	1	127.97151141171287	s46-s60_ch-ch_o1-o1
1496	between	46	60	k	k	0	0	187.53450177995984	s46-s60_ck-ck_o0-o0
1498	between	46	60	s	s	0	0	185.92818204230713	s46-s60_cs-cs_o0-o0
1499	between	46	60	s	s	1	1	199.18553243153215	s46-s60_cs-cs_o1-o1
1500	between	46	61	h	h	0	0	147.21400266014123	s46-s61_ch-ch_o0-o0
1501	between	46	61	h	h	1	1	147.27545288934544	s46-s61_ch-ch_o1-o1
1502	between	46	61	k	k	0	0	163.55720794145864	s46-s61_ck-ck_o0-o0
1503	between	46	61	k	k	1	1	183.49199740155007	s46-s61_ck-ck_o1-o1
1504	between	46	61	s	s	0	0	188.3007920052839	s46-s61_cs-cs_o0-o0
1505	between	46	61	s	s	1	1	194.79289376327117	s46-s61_cs-cs_o1-o1
1506	between	46	65	h	h	0	0	123.92000883230757	s46-s65_ch-ch_o0-o0
1507	between	46	65	h	h	1	1	131.27775153426103	s46-s65_ch-ch_o1-o1
1508	between	46	65	k	k	0	0	144.2450256704517	s46-s65_ck-ck_o0-o0
1509	between	46	65	k	k	1	1	121.58152147373553	s46-s65_ck-ck_o1-o1
1510	between	46	65	s	s	0	0	173.2102627894271	s46-s65_cs-cs_o0-o0
1511	between	46	65	s	s	1	1	167.51611494534822	s46-s65_cs-cs_o1-o1
1512	between	46	67	h	h	0	0	109.9556755388504	s46-s67_ch-ch_o0-o0
1513	between	46	67	h	h	1	1	105.72131238590637	s46-s67_ch-ch_o1-o1
1514	between	46	67	k	k	0	0	111.35832209021248	s46-s67_ck-ck_o0-o0
1515	between	46	67	k	k	1	1	113.14559216388471	s46-s67_ck-ck_o1-o1
1516	between	46	67	s	s	0	0	196.37775664952318	s46-s67_cs-cs_o0-o0
1517	between	46	67	s	s	1	1	168.4381803376162	s46-s67_cs-cs_o1-o1
1518	between	46	74	h	h	0	0	153.06572015028476	s46-s74_ch-ch_o0-o0
1519	between	46	74	h	h	1	1	154.373669334939	s46-s74_ch-ch_o1-o1
1520	between	46	74	k	k	0	0	164.46616832479074	s46-s74_ck-ck_o0-o0
1522	between	46	74	s	s	0	0	218.75917356875632	s46-s74_cs-cs_o0-o0
1523	between	46	74	s	s	1	1	205.2902897882743	s46-s74_cs-cs_o1-o1
1524	between	46	76	h	h	0	0	153.05204544951403	s46-s76_ch-ch_o0-o0
1525	between	46	76	h	h	1	1	109.80152640607102	s46-s76_ch-ch_o1-o1
1526	between	46	76	k	k	0	0	151.55320096201555	s46-s76_ck-ck_o0-o0
1528	between	46	76	s	s	0	0	159.33595072136583	s46-s76_cs-cs_o0-o0
1529	between	46	76	s	s	1	1	195.33176344956448	s46-s76_cs-cs_o1-o1
1530	between	46	79	h	h	0	0	139.076911664099	s46-s79_ch-ch_o0-o0
1531	between	46	79	h	h	1	1	144.45840338869488	s46-s79_ch-ch_o1-o1
1532	between	46	79	k	k	0	0	147.33392282742122	s46-s79_ck-ck_o0-o0
1533	between	46	79	k	k	1	1	136.3888748138661	s46-s79_ck-ck_o1-o1
1534	between	46	79	s	s	0	0	171.4111952972492	s46-s79_cs-cs_o0-o0
1535	between	46	79	s	s	1	1	169.5277894345243	s46-s79_cs-cs_o1-o1
1536	between	46	80	h	h	0	0	124.50196896698722	s46-s80_ch-ch_o0-o0
1537	between	46	80	h	h	1	1	121.30928749440521	s46-s80_ch-ch_o1-o1
1538	between	46	80	k	k	0	0	165.0596150963886	s46-s80_ck-ck_o0-o0
1539	between	46	80	k	k	1	1	150.32936741346356	s46-s80_ck-ck_o1-o1
1540	between	46	80	s	s	0	0	154.2267960914301	s46-s80_cs-cs_o0-o0
1541	between	46	80	s	s	1	1	172.31194612204874	s46-s80_cs-cs_o1-o1
1542	between	46	81	h	h	0	0	111.9292726818625	s46-s81_ch-ch_o0-o0
1543	between	46	81	h	h	1	1	127.45021370718254	s46-s81_ch-ch_o1-o1
1544	between	46	81	k	k	0	0	144.28353109427644	s46-s81_ck-ck_o0-o0
1545	between	46	81	k	k	1	1	186.69546402673492	s46-s81_ck-ck_o1-o1
1546	between	46	81	s	s	0	0	188.50578912080428	s46-s81_cs-cs_o0-o0
1547	between	46	81	s	s	1	1	178.76271467240994	s46-s81_cs-cs_o1-o1
1548	between	46	87	h	h	0	0	155.48331265403436	s46-s87_ch-ch_o0-o0
1549	between	46	87	h	h	1	1	124.08969984272466	s46-s87_ch-ch_o1-o1
1550	between	46	87	k	k	0	0	154.65637461821476	s46-s87_ck-ck_o0-o0
1551	between	46	87	k	k	1	1	149.0197436481553	s46-s87_ck-ck_o1-o1
1552	between	46	87	s	s	0	0	197.64567339972743	s46-s87_cs-cs_o0-o0
1553	between	46	87	s	s	1	1	261.58373188371894	s46-s87_cs-cs_o1-o1
1554	between	46	88	h	h	0	0	148.0847737343619	s46-s88_ch-ch_o0-o0
1555	between	46	88	h	h	1	1	151.03888731566082	s46-s88_ch-ch_o1-o1
1556	between	46	88	k	k	0	0	194.1584804563007	s46-s88_ck-ck_o0-o0
1557	between	46	88	k	k	1	1	178.91138621218545	s46-s88_ck-ck_o1-o1
1558	between	46	88	s	s	0	0	229.55524799737594	s46-s88_cs-cs_o0-o0
1559	between	46	88	s	s	1	1	208.66375091891337	s46-s88_cs-cs_o1-o1
1560	between	46	89	h	h	0	0	132.4857215519573	s46-s89_ch-ch_o0-o0
1561	between	46	89	h	h	1	1	118.39907555256569	s46-s89_ch-ch_o1-o1
1562	between	46	89	k	k	0	0	131.05535348397183	s46-s89_ck-ck_o0-o0
1563	between	46	89	k	k	1	1	126.80081937855346	s46-s89_ck-ck_o1-o1
1564	between	46	89	s	s	0	0	161.51764232661614	s46-s89_cs-cs_o0-o0
1565	between	46	89	s	s	1	1	154.05282716392796	s46-s89_cs-cs_o1-o1
1566	between	46	90	h	h	0	0	145.70833173666935	s46-s90_ch-ch_o0-o0
1567	between	46	90	h	h	1	1	126.3371038603684	s46-s90_ch-ch_o1-o1
1568	between	46	90	k	k	0	0	180.06720137727712	s46-s90_ck-ck_o0-o0
1569	between	46	90	k	k	1	1	170.3782024730473	s46-s90_ck-ck_o1-o1
1570	between	46	90	s	s	0	0	206.57318506718588	s46-s90_cs-cs_o0-o0
1571	between	46	90	s	s	1	1	225.47584622881644	s46-s90_cs-cs_o1-o1
1572	between	46	91	h	h	0	0	137.5486568491396	s46-s91_ch-ch_o0-o0
1573	between	46	91	h	h	1	1	114.65813215202223	s46-s91_ch-ch_o1-o1
1574	between	46	91	k	k	0	0	147.78147131204832	s46-s91_ck-ck_o0-o0
1575	between	46	91	k	k	1	1	158.80734778543822	s46-s91_ck-ck_o1-o1
1576	between	46	91	s	s	0	0	252.00076182504583	s46-s91_cs-cs_o0-o0
1577	between	46	91	s	s	1	1	249.03130983686378	s46-s91_cs-cs_o1-o1
1578	between	46	92	h	h	0	0	120.21986376921456	s46-s92_ch-ch_o0-o0
1580	between	46	92	k	k	0	0	145.62432796610196	s46-s92_ck-ck_o0-o0
1581	between	46	92	k	k	1	1	141.0012615285329	s46-s92_ck-ck_o1-o1
1582	between	46	92	s	s	0	0	293.70091627253385	s46-s92_cs-cs_o0-o0
1583	between	46	92	s	s	1	1	166.22579505711207	s46-s92_cs-cs_o1-o1
1584	between	46	94	h	h	0	0	142.94876463708752	s46-s94_ch-ch_o0-o0
1585	between	46	94	h	h	1	1	129.99387204041307	s46-s94_ch-ch_o1-o1
1586	between	46	94	k	k	0	0	163.93879004917068	s46-s94_ck-ck_o0-o0
1587	between	46	94	k	k	1	1	163.04151189169997	s46-s94_ck-ck_o1-o1
1588	between	46	94	s	s	0	0	309.130340902244	s46-s94_cs-cs_o0-o0
1589	between	46	94	s	s	1	1	255.51899117349424	s46-s94_cs-cs_o1-o1
1590	between	46	95	h	h	0	0	132.58652623527746	s46-s95_ch-ch_o0-o0
1591	between	46	95	h	h	1	1	125.19427094105319	s46-s95_ch-ch_o1-o1
1592	between	46	95	k	k	0	0	146.55185294966142	s46-s95_ck-ck_o0-o0
1593	between	46	95	k	k	1	1	131.30510632733257	s46-s95_ck-ck_o1-o1
1594	between	46	95	s	s	0	0	163.10690683070126	s46-s95_cs-cs_o0-o0
1595	between	46	95	s	s	1	1	178.48106864995188	s46-s95_cs-cs_o1-o1
1596	between	46	97	h	h	0	0	116.17227987468641	s46-s97_ch-ch_o0-o0
1597	between	46	97	h	h	1	1	104.0126772174828	s46-s97_ch-ch_o1-o1
1598	between	46	97	k	k	0	0	126.76436644529704	s46-s97_ck-ck_o0-o0
1599	between	46	97	k	k	1	1	132.7110127749478	s46-s97_ck-ck_o1-o1
1600	between	46	97	s	s	0	0	177.17728453633418	s46-s97_cs-cs_o0-o0
1601	between	46	97	s	s	1	1	169.08024227984458	s46-s97_cs-cs_o1-o1
1602	between	46	99	h	h	0	0	132.16536941835216	s46-s99_ch-ch_o0-o0
1603	between	46	99	h	h	1	1	134.76084971903973	s46-s99_ch-ch_o1-o1
1604	between	46	99	k	k	0	0	137.46710646859833	s46-s99_ck-ck_o0-o0
1605	between	46	99	k	k	1	1	156.62703530055444	s46-s99_ck-ck_o1-o1
1606	between	46	99	s	s	0	0	161.08984261133463	s46-s99_cs-cs_o0-o0
1607	between	46	99	s	s	1	1	168.8478028590971	s46-s99_cs-cs_o1-o1
1608	between	47	53	h	h	0	0	86.75437660789233	s47-s53_ch-ch_o0-o0
1609	between	47	53	h	h	1	1	104.3014732921065	s47-s53_ch-ch_o1-o1
1610	between	47	53	k	k	0	0	90.92605468578813	s47-s53_ck-ck_o0-o0
1611	between	47	53	k	k	1	1	91.50380309116801	s47-s53_ck-ck_o1-o1
1612	between	47	53	s	s	0	0	115.20294807501857	s47-s53_cs-cs_o0-o0
1613	between	47	53	s	s	1	1	89.99573114531354	s47-s53_cs-cs_o1-o1
1614	between	47	57	h	h	0	0	127.86831424411295	s47-s57_ch-ch_o0-o0
1615	between	47	57	h	h	1	1	131.03240559372264	s47-s57_ch-ch_o1-o1
1616	between	47	57	k	k	0	0	122.0759830731967	s47-s57_ck-ck_o0-o0
1617	between	47	57	k	k	1	1	165.35799310835154	s47-s57_ck-ck_o1-o1
1618	between	47	57	s	s	0	0	138.5326933952259	s47-s57_cs-cs_o0-o0
1619	between	47	57	s	s	1	1	131.09946996841722	s47-s57_cs-cs_o1-o1
1620	between	47	58	h	h	0	0	109.29786167673372	s47-s58_ch-ch_o0-o0
1621	between	47	58	h	h	1	1	128.8083787938122	s47-s58_ch-ch_o1-o1
1622	between	47	58	k	k	0	0	121.04038899013338	s47-s58_ck-ck_o0-o0
1623	between	47	58	k	k	1	1	122.38279052236267	s47-s58_ck-ck_o1-o1
1624	between	47	58	s	s	0	0	164.94492523860328	s47-s58_cs-cs_o0-o0
1625	between	47	58	s	s	1	1	161.0186970627643	s47-s58_cs-cs_o1-o1
1626	between	47	59	h	h	0	0	100.15756154661894	s47-s59_ch-ch_o0-o0
1627	between	47	59	h	h	1	1	104.42685935869311	s47-s59_ch-ch_o1-o1
1628	between	47	59	k	k	0	0	126.36341315553871	s47-s59_ck-ck_o0-o0
1629	between	47	59	k	k	1	1	114.25582320918045	s47-s59_ck-ck_o1-o1
1630	between	47	59	s	s	0	0	103.05214528865744	s47-s59_cs-cs_o0-o0
1631	between	47	59	s	s	1	1	112.76398975535893	s47-s59_cs-cs_o1-o1
1632	between	47	60	h	h	0	0	126.14260697787807	s47-s60_ch-ch_o0-o0
1633	between	47	60	h	h	1	1	119.58130256264653	s47-s60_ch-ch_o1-o1
1634	between	47	60	k	k	0	0	138.63112311121196	s47-s60_ck-ck_o0-o0
1636	between	47	60	s	s	0	0	123.28807520776745	s47-s60_cs-cs_o0-o0
1637	between	47	60	s	s	1	1	147.07283290349676	s47-s60_cs-cs_o1-o1
1638	between	47	61	h	h	0	0	110.88314706128126	s47-s61_ch-ch_o0-o0
1639	between	47	61	h	h	1	1	132.03279181229303	s47-s61_ch-ch_o1-o1
1640	between	47	61	k	k	0	0	127.02277178900857	s47-s61_ck-ck_o0-o0
1641	between	47	61	k	k	1	1	150.61552195615474	s47-s61_ck-ck_o1-o1
1642	between	47	61	s	s	0	0	135.73335093621756	s47-s61_cs-cs_o0-o0
1643	between	47	61	s	s	1	1	146.93580819120533	s47-s61_cs-cs_o1-o1
1644	between	47	65	h	h	0	0	130.23616782295818	s47-s65_ch-ch_o0-o0
1645	between	47	65	h	h	1	1	135.72845162536117	s47-s65_ch-ch_o1-o1
1646	between	47	65	k	k	0	0	144.50165630439	s47-s65_ck-ck_o0-o0
1647	between	47	65	k	k	1	1	135.48829812755952	s47-s65_ck-ck_o1-o1
1648	between	47	65	s	s	0	0	162.80296789756972	s47-s65_cs-cs_o0-o0
1649	between	47	65	s	s	1	1	150.95760627168377	s47-s65_cs-cs_o1-o1
1650	between	47	67	h	h	0	0	93.51475612552882	s47-s67_ch-ch_o0-o0
1651	between	47	67	h	h	1	1	89.34380128688015	s47-s67_ch-ch_o1-o1
1652	between	47	67	k	k	0	0	109.19985172070707	s47-s67_ck-ck_o0-o0
1653	between	47	67	k	k	1	1	98.51617117945044	s47-s67_ck-ck_o1-o1
1654	between	47	67	s	s	0	0	117.36936202527785	s47-s67_cs-cs_o0-o0
1655	between	47	67	s	s	1	1	116.38651538848465	s47-s67_cs-cs_o1-o1
1656	between	47	74	h	h	0	0	120.15448800279476	s47-s74_ch-ch_o0-o0
1657	between	47	74	h	h	1	1	128.70466549481236	s47-s74_ch-ch_o1-o1
1658	between	47	74	k	k	0	0	146.51860717342336	s47-s74_ck-ck_o0-o0
1660	between	47	74	s	s	0	0	190.17983669427426	s47-s74_cs-cs_o0-o0
1661	between	47	74	s	s	1	1	172.38586358246167	s47-s74_cs-cs_o1-o1
1662	between	47	76	h	h	0	0	163.28560273832244	s47-s76_ch-ch_o0-o0
1663	between	47	76	h	h	1	1	95.22195728658464	s47-s76_ch-ch_o1-o1
1664	between	47	76	k	k	0	0	127.61200020693414	s47-s76_ck-ck_o0-o0
1666	between	47	76	s	s	0	0	127.1680276229842	s47-s76_cs-cs_o0-o0
1667	between	47	76	s	s	1	1	153.38735743174917	s47-s76_cs-cs_o1-o1
1668	between	47	79	h	h	0	0	122.05499118873178	s47-s79_ch-ch_o0-o0
1669	between	47	79	h	h	1	1	122.94925865508745	s47-s79_ch-ch_o1-o1
1670	between	47	79	k	k	0	0	131.13053884015173	s47-s79_ck-ck_o0-o0
1671	between	47	79	k	k	1	1	133.32609360800603	s47-s79_ck-ck_o1-o1
1672	between	47	79	s	s	0	0	149.73725698156088	s47-s79_cs-cs_o0-o0
1673	between	47	79	s	s	1	1	112.47919076873586	s47-s79_cs-cs_o1-o1
1674	between	47	80	h	h	0	0	137.8356910412934	s47-s80_ch-ch_o0-o0
1675	between	47	80	h	h	1	1	129.19188369057989	s47-s80_ch-ch_o1-o1
1676	between	47	80	k	k	0	0	156.29024046891016	s47-s80_ck-ck_o0-o0
1677	between	47	80	k	k	1	1	172.38144778227843	s47-s80_ck-ck_o1-o1
1678	between	47	80	s	s	0	0	137.90280293080448	s47-s80_cs-cs_o0-o0
1679	between	47	80	s	s	1	1	148.8055651625729	s47-s80_cs-cs_o1-o1
1680	between	47	81	h	h	0	0	102.51321454613064	s47-s81_ch-ch_o0-o0
1681	between	47	81	h	h	1	1	91.58825341914037	s47-s81_ch-ch_o1-o1
1682	between	47	81	k	k	0	0	119.02495164540322	s47-s81_ck-ck_o0-o0
1683	between	47	81	k	k	1	1	146.95685008339933	s47-s81_ck-ck_o1-o1
1684	between	47	81	s	s	0	0	182.05529765330587	s47-s81_cs-cs_o0-o0
1685	between	47	81	s	s	1	1	197.14611511485916	s47-s81_cs-cs_o1-o1
1686	between	47	87	h	h	0	0	107.51505441418733	s47-s87_ch-ch_o0-o0
1687	between	47	87	h	h	1	1	92.44690021330878	s47-s87_ch-ch_o1-o1
1688	between	47	87	k	k	0	0	111.49353905549468	s47-s87_ck-ck_o0-o0
1689	between	47	87	k	k	1	1	109.81470227205904	s47-s87_ck-ck_o1-o1
1690	between	47	87	s	s	0	0	154.87404560364814	s47-s87_cs-cs_o0-o0
1691	between	47	87	s	s	1	1	188.6114717309497	s47-s87_cs-cs_o1-o1
1692	between	47	88	h	h	0	0	155.0416605711441	s47-s88_ch-ch_o0-o0
1693	between	47	88	h	h	1	1	155.80099928445023	s47-s88_ch-ch_o1-o1
1694	between	47	88	k	k	0	0	185.71262463396036	s47-s88_ck-ck_o0-o0
1695	between	47	88	k	k	1	1	175.05267348283013	s47-s88_ck-ck_o1-o1
1696	between	47	88	s	s	0	0	217.72233357109604	s47-s88_cs-cs_o0-o0
1697	between	47	88	s	s	1	1	203.47500254514458	s47-s88_cs-cs_o1-o1
1698	between	47	89	h	h	0	0	93.97080552102697	s47-s89_ch-ch_o0-o0
1699	between	47	89	h	h	1	1	111.37926526655632	s47-s89_ch-ch_o1-o1
1700	between	47	89	k	k	0	0	103.39871925367525	s47-s89_ck-ck_o0-o0
1701	between	47	89	k	k	1	1	97.98836866751101	s47-s89_ck-ck_o1-o1
1702	between	47	89	s	s	0	0	119.34311340838686	s47-s89_cs-cs_o0-o0
1703	between	47	89	s	s	1	1	91.46936022013712	s47-s89_cs-cs_o1-o1
1704	between	47	90	h	h	0	0	115.47650734120411	s47-s90_ch-ch_o0-o0
1705	between	47	90	h	h	1	1	111.86366102297046	s47-s90_ch-ch_o1-o1
1706	between	47	90	k	k	0	0	124.32586160984583	s47-s90_ck-ck_o0-o0
1707	between	47	90	k	k	1	1	150.27080486003857	s47-s90_ck-ck_o1-o1
1708	between	47	90	s	s	0	0	110.62026929634426	s47-s90_cs-cs_o0-o0
1709	between	47	90	s	s	1	1	149.87294038619962	s47-s90_cs-cs_o1-o1
1710	between	47	91	h	h	0	0	122.09109627063697	s47-s91_ch-ch_o0-o0
1711	between	47	91	h	h	1	1	110.24185724334633	s47-s91_ch-ch_o1-o1
1712	between	47	91	k	k	0	0	122.84878131733	s47-s91_ck-ck_o0-o0
1713	between	47	91	k	k	1	1	139.6723184979087	s47-s91_ck-ck_o1-o1
1714	between	47	91	s	s	0	0	213.64367097285393	s47-s91_cs-cs_o0-o0
1715	between	47	91	s	s	1	1	232.8710381982585	s47-s91_cs-cs_o1-o1
1716	between	47	92	h	h	0	0	109.57579964350704	s47-s92_ch-ch_o0-o0
1718	between	47	92	k	k	0	0	116.18442788209258	s47-s92_ck-ck_o0-o0
1719	between	47	92	k	k	1	1	115.32517583920374	s47-s92_ck-ck_o1-o1
1720	between	47	92	s	s	0	0	221.32847107631412	s47-s92_cs-cs_o0-o0
1721	between	47	92	s	s	1	1	115.46566305726054	s47-s92_cs-cs_o1-o1
1722	between	47	94	h	h	0	0	115.39204251437576	s47-s94_ch-ch_o0-o0
1723	between	47	94	h	h	1	1	133.6811691030629	s47-s94_ch-ch_o1-o1
1724	between	47	94	k	k	0	0	133.01762515699917	s47-s94_ck-ck_o0-o0
1725	between	47	94	k	k	1	1	124.28552769844667	s47-s94_ck-ck_o1-o1
1726	between	47	94	s	s	0	0	286.76072957603526	s47-s94_cs-cs_o0-o0
1727	between	47	94	s	s	1	1	220.24158094304696	s47-s94_cs-cs_o1-o1
1728	between	47	95	h	h	0	0	85.06757807841697	s47-s95_ch-ch_o0-o0
1729	between	47	95	h	h	1	1	91.23447284625342	s47-s95_ch-ch_o1-o1
1730	between	47	95	k	k	0	0	93.33545240808144	s47-s95_ck-ck_o0-o0
1731	between	47	95	k	k	1	1	98.23108115592274	s47-s95_ck-ck_o1-o1
1732	between	47	95	s	s	0	0	114.91920496610415	s47-s95_cs-cs_o0-o0
1733	between	47	95	s	s	1	1	115.55868887103757	s47-s95_cs-cs_o1-o1
1734	between	47	97	h	h	0	0	102.62777772192385	s47-s97_ch-ch_o0-o0
1735	between	47	97	h	h	1	1	127.12607075852716	s47-s97_ch-ch_o1-o1
1736	between	47	97	k	k	0	0	122.38528397876199	s47-s97_ck-ck_o0-o0
1737	between	47	97	k	k	1	1	136.35564858142217	s47-s97_ck-ck_o1-o1
1738	between	47	97	s	s	0	0	112.26854726506333	s47-s97_cs-cs_o0-o0
1739	between	47	97	s	s	1	1	108.78677073254636	s47-s97_cs-cs_o1-o1
1740	between	47	99	h	h	0	0	102.68092034779994	s47-s99_ch-ch_o0-o0
1741	between	47	99	h	h	1	1	96.07373114591384	s47-s99_ch-ch_o1-o1
1742	between	47	99	k	k	0	0	104.89200429252227	s47-s99_ck-ck_o0-o0
1743	between	47	99	k	k	1	1	156.29003115167478	s47-s99_ck-ck_o1-o1
1744	between	47	99	s	s	0	0	128.46141371934056	s47-s99_cs-cs_o0-o0
1745	between	47	99	s	s	1	1	109.07997380236762	s47-s99_cs-cs_o1-o1
1746	between	53	57	h	h	0	0	99.8652915504895	s53-s57_ch-ch_o0-o0
1747	between	53	57	h	h	1	1	122.59330007941877	s53-s57_ch-ch_o1-o1
1748	between	53	57	k	k	0	0	120.18708888091888	s53-s57_ck-ck_o0-o0
1749	between	53	57	k	k	1	1	136.15995448266816	s53-s57_ck-ck_o1-o1
1750	between	53	57	s	s	0	0	138.47179028459215	s53-s57_cs-cs_o0-o0
1751	between	53	57	s	s	1	1	126.99110229244806	s53-s57_cs-cs_o1-o1
1752	between	53	58	h	h	0	0	98.57701713861991	s53-s58_ch-ch_o0-o0
1753	between	53	58	h	h	1	1	112.17229562024241	s53-s58_ch-ch_o1-o1
1754	between	53	58	k	k	0	0	105.203864797241	s53-s58_ck-ck_o0-o0
1755	between	53	58	k	k	1	1	116.8142639160103	s53-s58_ck-ck_o1-o1
1756	between	53	58	s	s	0	0	177.42573462247353	s53-s58_cs-cs_o0-o0
1757	between	53	58	s	s	1	1	153.54661952038782	s53-s58_cs-cs_o1-o1
1758	between	53	59	h	h	0	0	89.91156256742374	s53-s59_ch-ch_o0-o0
1759	between	53	59	h	h	1	1	96.37937782260475	s53-s59_ch-ch_o1-o1
1760	between	53	59	k	k	0	0	118.3184231467624	s53-s59_ck-ck_o0-o0
1761	between	53	59	k	k	1	1	121.58839055317223	s53-s59_ck-ck_o1-o1
1762	between	53	59	s	s	0	0	106.63734672063494	s53-s59_cs-cs_o0-o0
1763	between	53	59	s	s	1	1	124.19060004049058	s53-s59_cs-cs_o1-o1
1764	between	53	60	h	h	0	0	101.28779804741681	s53-s60_ch-ch_o0-o0
1765	between	53	60	h	h	1	1	102.46147427594346	s53-s60_ch-ch_o1-o1
1766	between	53	60	k	k	0	0	144.83353901856321	s53-s60_ck-ck_o0-o0
1768	between	53	60	s	s	0	0	118.47586417258917	s53-s60_cs-cs_o0-o0
1769	between	53	60	s	s	1	1	135.35430665175488	s53-s60_cs-cs_o1-o1
1770	between	53	61	h	h	0	0	91.70618446542161	s53-s61_ch-ch_o0-o0
1771	between	53	61	h	h	1	1	96.60961530679693	s53-s61_ch-ch_o1-o1
1772	between	53	61	k	k	0	0	113.95902436750198	s53-s61_ck-ck_o0-o0
1773	between	53	61	k	k	1	1	125.71841554492194	s53-s61_ck-ck_o1-o1
1774	between	53	61	s	s	0	0	119.59255712114096	s53-s61_cs-cs_o0-o0
1775	between	53	61	s	s	1	1	137.87616571857347	s53-s61_cs-cs_o1-o1
1776	between	53	65	h	h	0	0	93.99229961525144	s53-s65_ch-ch_o0-o0
1777	between	53	65	h	h	1	1	87.7905577123103	s53-s65_ch-ch_o1-o1
1778	between	53	65	k	k	0	0	116.87463515399568	s53-s65_ck-ck_o0-o0
1779	between	53	65	k	k	1	1	120.133419346668	s53-s65_ck-ck_o1-o1
1780	between	53	65	s	s	0	0	119.02266566994578	s53-s65_cs-cs_o0-o0
1781	between	53	65	s	s	1	1	136.21270846620283	s53-s65_cs-cs_o1-o1
1782	between	53	67	h	h	0	0	98.27092144414465	s53-s67_ch-ch_o0-o0
1783	between	53	67	h	h	1	1	110.03695834125386	s53-s67_ch-ch_o1-o1
1784	between	53	67	k	k	0	0	117.82781671614833	s53-s67_ck-ck_o0-o0
1785	between	53	67	k	k	1	1	102.94948557166512	s53-s67_ck-ck_o1-o1
1786	between	53	67	s	s	0	0	165.60836419451212	s53-s67_cs-cs_o0-o0
1787	between	53	67	s	s	1	1	128.56882064585244	s53-s67_cs-cs_o1-o1
1788	between	53	74	h	h	0	0	100.37882446276643	s53-s74_ch-ch_o0-o0
1789	between	53	74	h	h	1	1	115.67615992062223	s53-s74_ch-ch_o1-o1
1790	between	53	74	k	k	0	0	100.75321269360668	s53-s74_ck-ck_o0-o0
1792	between	53	74	s	s	0	0	176.14465461364094	s53-s74_cs-cs_o0-o0
1793	between	53	74	s	s	1	1	151.99728753050616	s53-s74_cs-cs_o1-o1
1794	between	53	76	h	h	0	0	155.29999437686718	s53-s76_ch-ch_o0-o0
1795	between	53	76	h	h	1	1	96.93238100903667	s53-s76_ch-ch_o1-o1
1796	between	53	76	k	k	0	0	117.45759321062921	s53-s76_ck-ck_o0-o0
1798	between	53	76	s	s	0	0	144.55855355120468	s53-s76_cs-cs_o0-o0
1799	between	53	76	s	s	1	1	157.98934703375315	s53-s76_cs-cs_o1-o1
1800	between	53	79	h	h	0	0	107.20147538820575	s53-s79_ch-ch_o0-o0
1801	between	53	79	h	h	1	1	115.70052614557358	s53-s79_ch-ch_o1-o1
1802	between	53	79	k	k	0	0	128.36953144143268	s53-s79_ck-ck_o0-o0
1803	between	53	79	k	k	1	1	128.33720800224822	s53-s79_ck-ck_o1-o1
1804	between	53	79	s	s	0	0	138.38057889126927	s53-s79_cs-cs_o0-o0
1805	between	53	79	s	s	1	1	115.19224966920423	s53-s79_cs-cs_o1-o1
1806	between	53	80	h	h	0	0	140.86188042073283	s53-s80_ch-ch_o0-o0
1807	between	53	80	h	h	1	1	137.3326753884639	s53-s80_ch-ch_o1-o1
1808	between	53	80	k	k	0	0	158.83802024077596	s53-s80_ck-ck_o0-o0
1809	between	53	80	k	k	1	1	174.86687827501248	s53-s80_ck-ck_o1-o1
1810	between	53	80	s	s	0	0	157.83977240934925	s53-s80_cs-cs_o0-o0
1811	between	53	80	s	s	1	1	153.59542193495543	s53-s80_cs-cs_o1-o1
1812	between	53	81	h	h	0	0	101.6781697869463	s53-s81_ch-ch_o0-o0
1813	between	53	81	h	h	1	1	126.61010020365694	s53-s81_ch-ch_o1-o1
1814	between	53	81	k	k	0	0	126.97214425394833	s53-s81_ck-ck_o0-o0
1815	between	53	81	k	k	1	1	126.09386265389541	s53-s81_ck-ck_o1-o1
1816	between	53	81	s	s	0	0	165.2487874996119	s53-s81_cs-cs_o0-o0
1817	between	53	81	s	s	1	1	188.68787222795294	s53-s81_cs-cs_o1-o1
1818	between	53	87	h	h	0	0	105.89464923452668	s53-s87_ch-ch_o0-o0
1819	between	53	87	h	h	1	1	95.8273644819183	s53-s87_ch-ch_o1-o1
1820	between	53	87	k	k	0	0	124.11637566002949	s53-s87_ck-ck_o0-o0
1821	between	53	87	k	k	1	1	102.76297604636977	s53-s87_ck-ck_o1-o1
1822	between	53	87	s	s	0	0	154.22345456713336	s53-s87_cs-cs_o0-o0
1823	between	53	87	s	s	1	1	189.54742448382515	s53-s87_cs-cs_o1-o1
1824	between	53	88	h	h	0	0	127.59934826963215	s53-s88_ch-ch_o0-o0
1825	between	53	88	h	h	1	1	138.67365426051498	s53-s88_ch-ch_o1-o1
1826	between	53	88	k	k	0	0	175.3566000051963	s53-s88_ck-ck_o0-o0
1827	between	53	88	k	k	1	1	176.7142650405752	s53-s88_ck-ck_o1-o1
1828	between	53	88	s	s	0	0	225.8146071893739	s53-s88_cs-cs_o0-o0
1829	between	53	88	s	s	1	1	202.81369272796468	s53-s88_cs-cs_o1-o1
1830	between	53	89	h	h	0	0	77.22831928015988	s53-s89_ch-ch_o0-o0
1831	between	53	89	h	h	1	1	102.80287232651294	s53-s89_ch-ch_o1-o1
1832	between	53	89	k	k	0	0	103.24342770805025	s53-s89_ck-ck_o0-o0
1833	between	53	89	k	k	1	1	93.23850651989616	s53-s89_ck-ck_o1-o1
1834	between	53	89	s	s	0	0	141.31704923376284	s53-s89_cs-cs_o0-o0
1835	between	53	89	s	s	1	1	115.24079558931216	s53-s89_cs-cs_o1-o1
1836	between	53	90	h	h	0	0	118.4481835514298	s53-s90_ch-ch_o0-o0
1837	between	53	90	h	h	1	1	109.88857704644055	s53-s90_ch-ch_o1-o1
1838	between	53	90	k	k	0	0	133.9895292482559	s53-s90_ck-ck_o0-o0
1839	between	53	90	k	k	1	1	162.86976066355678	s53-s90_ck-ck_o1-o1
1840	between	53	90	s	s	0	0	141.80270298379872	s53-s90_cs-cs_o0-o0
1841	between	53	90	s	s	1	1	183.4562087151649	s53-s90_cs-cs_o1-o1
1842	between	53	91	h	h	0	0	94.35901609499169	s53-s91_ch-ch_o0-o0
1843	between	53	91	h	h	1	1	90.68382507128788	s53-s91_ch-ch_o1-o1
1844	between	53	91	k	k	0	0	115.15380185932774	s53-s91_ck-ck_o0-o0
1845	between	53	91	k	k	1	1	125.38021375671855	s53-s91_ck-ck_o1-o1
1846	between	53	91	s	s	0	0	204.5353602796596	s53-s91_cs-cs_o0-o0
1847	between	53	91	s	s	1	1	204.09379582822004	s53-s91_cs-cs_o1-o1
1848	between	53	92	h	h	0	0	116.88013694670282	s53-s92_ch-ch_o0-o0
1850	between	53	92	k	k	0	0	127.83433468836573	s53-s92_ck-ck_o0-o0
1851	between	53	92	k	k	1	1	112.20198170731625	s53-s92_ck-ck_o1-o1
1852	between	53	92	s	s	0	0	241.89106249745535	s53-s92_cs-cs_o0-o0
1853	between	53	92	s	s	1	1	131.96118535487187	s53-s92_cs-cs_o1-o1
1854	between	53	94	h	h	0	0	104.52492314508285	s53-s94_ch-ch_o0-o0
1855	between	53	94	h	h	1	1	115.08437539785224	s53-s94_ch-ch_o1-o1
1856	between	53	94	k	k	0	0	131.77806851642939	s53-s94_ck-ck_o0-o0
1857	between	53	94	k	k	1	1	128.10321700997702	s53-s94_ck-ck_o1-o1
1858	between	53	94	s	s	0	0	280.38168799206625	s53-s94_cs-cs_o0-o0
1859	between	53	94	s	s	1	1	189.56435975365736	s53-s94_cs-cs_o1-o1
1860	between	53	95	h	h	0	0	79.28894997543283	s53-s95_ch-ch_o0-o0
1861	between	53	95	h	h	1	1	87.33856425246711	s53-s95_ch-ch_o1-o1
1862	between	53	95	k	k	0	0	83.55190578144713	s53-s95_ck-ck_o0-o0
1863	between	53	95	k	k	1	1	74.87068437372061	s53-s95_ck-ck_o1-o1
1864	between	53	95	s	s	0	0	118.40802110757423	s53-s95_cs-cs_o0-o0
1865	between	53	95	s	s	1	1	120.0761190546325	s53-s95_cs-cs_o1-o1
1866	between	53	97	h	h	0	0	106.50534585033452	s53-s97_ch-ch_o0-o0
1867	between	53	97	h	h	1	1	126.71918326530184	s53-s97_ch-ch_o1-o1
1868	between	53	97	k	k	0	0	130.9148809666375	s53-s97_ck-ck_o0-o0
1869	between	53	97	k	k	1	1	141.8966405103799	s53-s97_ck-ck_o1-o1
1870	between	53	97	s	s	0	0	125.0018774263396	s53-s97_cs-cs_o0-o0
1871	between	53	97	s	s	1	1	132.16505674495113	s53-s97_cs-cs_o1-o1
1872	between	53	99	h	h	0	0	77.807157459796	s53-s99_ch-ch_o0-o0
1873	between	53	99	h	h	1	1	104.02718585264167	s53-s99_ch-ch_o1-o1
1874	between	53	99	k	k	0	0	93.16467380472132	s53-s99_ck-ck_o0-o0
1875	between	53	99	k	k	1	1	132.38246523716228	s53-s99_ck-ck_o1-o1
1876	between	53	99	s	s	0	0	114.10284451199934	s53-s99_cs-cs_o0-o0
1877	between	53	99	s	s	1	1	113.60917917400292	s53-s99_cs-cs_o1-o1
1878	between	57	58	h	h	0	0	128.19676718822194	s57-s58_ch-ch_o0-o0
1879	between	57	58	h	h	1	1	133.71692792700586	s57-s58_ch-ch_o1-o1
1880	between	57	58	k	k	0	0	122.06820036820402	s57-s58_ck-ck_o0-o0
1881	between	57	58	k	k	1	1	145.23805143982062	s57-s58_ck-ck_o1-o1
1882	between	57	58	s	s	0	0	197.48824419717624	s57-s58_cs-cs_o0-o0
1883	between	57	58	s	s	1	1	172.77258456777867	s57-s58_cs-cs_o1-o1
1884	between	57	59	h	h	0	0	126.42978231399172	s57-s59_ch-ch_o0-o0
1885	between	57	59	h	h	1	1	123.33229838484031	s57-s59_ch-ch_o1-o1
1886	between	57	59	k	k	0	0	132.58041795158988	s57-s59_ck-ck_o0-o0
1887	between	57	59	k	k	1	1	175.01918848105572	s57-s59_ck-ck_o1-o1
1888	between	57	59	s	s	0	0	138.7909513175178	s57-s59_cs-cs_o0-o0
1889	between	57	59	s	s	1	1	140.31297700867205	s57-s59_cs-cs_o1-o1
1890	between	57	60	h	h	0	0	121.60889076003993	s57-s60_ch-ch_o0-o0
1891	between	57	60	h	h	1	1	128.03010947304838	s57-s60_ch-ch_o1-o1
1892	between	57	60	k	k	0	0	140.6401297597982	s57-s60_ck-ck_o0-o0
1894	between	57	60	s	s	0	0	136.10395960234248	s57-s60_cs-cs_o0-o0
1895	between	57	60	s	s	1	1	128.2149589178729	s57-s60_cs-cs_o1-o1
1896	between	57	61	h	h	0	0	119.79751714344816	s57-s61_ch-ch_o0-o0
1897	between	57	61	h	h	1	1	136.84231029986796	s57-s61_ch-ch_o1-o1
1898	between	57	61	k	k	0	0	132.98963888554266	s57-s61_ck-ck_o0-o0
1899	between	57	61	k	k	1	1	154.67243577948977	s57-s61_ck-ck_o1-o1
1900	between	57	61	s	s	0	0	146.08669274825786	s57-s61_cs-cs_o0-o0
1901	between	57	61	s	s	1	1	148.83814893018422	s57-s61_cs-cs_o1-o1
1902	between	57	65	h	h	0	0	124.50477067549187	s57-s65_ch-ch_o0-o0
1903	between	57	65	h	h	1	1	135.56103812628515	s57-s65_ch-ch_o1-o1
1904	between	57	65	k	k	0	0	147.26401403862224	s57-s65_ck-ck_o0-o0
1905	between	57	65	k	k	1	1	152.03983153991595	s57-s65_ck-ck_o1-o1
1906	between	57	65	s	s	0	0	160.398245956418	s57-s65_cs-cs_o0-o0
1907	between	57	65	s	s	1	1	153.6354604707618	s57-s65_cs-cs_o1-o1
1908	between	57	67	h	h	0	0	114.70178499947737	s57-s67_ch-ch_o0-o0
1909	between	57	67	h	h	1	1	132.97017963777517	s57-s67_ch-ch_o1-o1
1910	between	57	67	k	k	0	0	133.4753250776339	s57-s67_ck-ck_o0-o0
1911	between	57	67	k	k	1	1	161.58713898535402	s57-s67_ck-ck_o1-o1
1912	between	57	67	s	s	0	0	175.95693423916578	s57-s67_cs-cs_o0-o0
1913	between	57	67	s	s	1	1	142.22699066117107	s57-s67_cs-cs_o1-o1
1914	between	57	74	h	h	0	0	145.0384597987837	s57-s74_ch-ch_o0-o0
1915	between	57	74	h	h	1	1	181.33051409611633	s57-s74_ch-ch_o1-o1
1916	between	57	74	k	k	0	0	156.8556192219474	s57-s74_ck-ck_o0-o0
1918	between	57	74	s	s	0	0	197.18085390952302	s57-s74_cs-cs_o0-o0
1919	between	57	74	s	s	1	1	184.60397365680637	s57-s74_cs-cs_o1-o1
1920	between	57	76	h	h	0	0	157.7829503971926	s57-s76_ch-ch_o0-o0
1921	between	57	76	h	h	1	1	119.44817495519636	s57-s76_ch-ch_o1-o1
1922	between	57	76	k	k	0	0	126.20582787472577	s57-s76_ck-ck_o0-o0
1924	between	57	76	s	s	0	0	152.12150908306384	s57-s76_cs-cs_o0-o0
1925	between	57	76	s	s	1	1	156.52862315433467	s57-s76_cs-cs_o1-o1
1926	between	57	79	h	h	0	0	143.2817497409895	s57-s79_ch-ch_o0-o0
1927	between	57	79	h	h	1	1	153.09091454103662	s57-s79_ch-ch_o1-o1
1928	between	57	79	k	k	0	0	146.4705606290082	s57-s79_ck-ck_o0-o0
1929	between	57	79	k	k	1	1	174.99242343345009	s57-s79_ck-ck_o1-o1
1930	between	57	79	s	s	0	0	178.8447131361023	s57-s79_cs-cs_o0-o0
1931	between	57	79	s	s	1	1	140.51270465662148	s57-s79_cs-cs_o1-o1
1932	between	57	80	h	h	0	0	180.83463953300833	s57-s80_ch-ch_o0-o0
1933	between	57	80	h	h	1	1	161.26741095660807	s57-s80_ch-ch_o1-o1
1934	between	57	80	k	k	0	0	182.0211732529368	s57-s80_ck-ck_o0-o0
1935	between	57	80	k	k	1	1	204.49943906175105	s57-s80_ck-ck_o1-o1
1936	between	57	80	s	s	0	0	181.44743506348982	s57-s80_cs-cs_o0-o0
1937	between	57	80	s	s	1	1	162.05971801613813	s57-s80_cs-cs_o1-o1
1938	between	57	81	h	h	0	0	130.17118343164358	s57-s81_ch-ch_o0-o0
1939	between	57	81	h	h	1	1	144.73540976890501	s57-s81_ch-ch_o1-o1
1940	between	57	81	k	k	0	0	135.42458315752623	s57-s81_ck-ck_o0-o0
1941	between	57	81	k	k	1	1	178.2218085331675	s57-s81_ck-ck_o1-o1
1942	between	57	81	s	s	0	0	224.49085271483773	s57-s81_cs-cs_o0-o0
1943	between	57	81	s	s	1	1	203.54935209508596	s57-s81_cs-cs_o1-o1
1944	between	57	87	h	h	0	0	129.63531018876296	s57-s87_ch-ch_o0-o0
1945	between	57	87	h	h	1	1	108.78731017647813	s57-s87_ch-ch_o1-o1
1946	between	57	87	k	k	0	0	140.3594280322138	s57-s87_ck-ck_o0-o0
1947	between	57	87	k	k	1	1	157.11009251635704	s57-s87_ck-ck_o1-o1
1948	between	57	87	s	s	0	0	189.74385566365783	s57-s87_cs-cs_o0-o0
1949	between	57	87	s	s	1	1	178.68979665003644	s57-s87_cs-cs_o1-o1
1950	between	57	88	h	h	0	0	151.8542256761331	s57-s88_ch-ch_o0-o0
1951	between	57	88	h	h	1	1	168.82641614707805	s57-s88_ch-ch_o1-o1
1952	between	57	88	k	k	0	0	175.30118246566897	s57-s88_ck-ck_o0-o0
1953	between	57	88	k	k	1	1	196.9038007430715	s57-s88_ck-ck_o1-o1
1954	between	57	88	s	s	0	0	213.29177089207062	s57-s88_cs-cs_o0-o0
1955	between	57	88	s	s	1	1	183.2907846885646	s57-s88_cs-cs_o1-o1
1956	between	57	89	h	h	0	0	105.46176969322009	s57-s89_ch-ch_o0-o0
1957	between	57	89	h	h	1	1	111.0869782332643	s57-s89_ch-ch_o1-o1
1958	between	57	89	k	k	0	0	112.54613126022211	s57-s89_ck-ck_o0-o0
1959	between	57	89	k	k	1	1	147.66801688340095	s57-s89_ck-ck_o1-o1
1960	between	57	89	s	s	0	0	168.12025166671137	s57-s89_cs-cs_o0-o0
1961	between	57	89	s	s	1	1	115.9211683589177	s57-s89_cs-cs_o1-o1
1962	between	57	90	h	h	0	0	147.82568459965194	s57-s90_ch-ch_o0-o0
1963	between	57	90	h	h	1	1	144.5746261378381	s57-s90_ch-ch_o1-o1
1964	between	57	90	k	k	0	0	153.69478169399602	s57-s90_ck-ck_o0-o0
1965	between	57	90	k	k	1	1	188.94552599157433	s57-s90_ck-ck_o1-o1
1966	between	57	90	s	s	0	0	163.60240702503515	s57-s90_cs-cs_o0-o0
1967	between	57	90	s	s	1	1	160.80013647285529	s57-s90_cs-cs_o1-o1
1968	between	57	91	h	h	0	0	107.91163534969851	s57-s91_ch-ch_o0-o0
1969	between	57	91	h	h	1	1	124.0748104154698	s57-s91_ch-ch_o1-o1
1970	between	57	91	k	k	0	0	119.62722604379883	s57-s91_ck-ck_o0-o0
1971	between	57	91	k	k	1	1	175.94726677249716	s57-s91_ck-ck_o1-o1
1972	between	57	91	s	s	0	0	204.35074582753546	s57-s91_cs-cs_o0-o0
1973	between	57	91	s	s	1	1	205.1373525879138	s57-s91_cs-cs_o1-o1
1974	between	57	92	h	h	0	0	141.899128421819	s57-s92_ch-ch_o0-o0
1976	between	57	92	k	k	0	0	137.39847767664767	s57-s92_ck-ck_o0-o0
1977	between	57	92	k	k	1	1	154.25113976510235	s57-s92_ck-ck_o1-o1
1978	between	57	92	s	s	0	0	232.97097115315773	s57-s92_cs-cs_o0-o0
1979	between	57	92	s	s	1	1	137.69759747017994	s57-s92_cs-cs_o1-o1
1980	between	57	94	h	h	0	0	123.92960420247192	s57-s94_ch-ch_o0-o0
1981	between	57	94	h	h	1	1	132.04899414379736	s57-s94_ch-ch_o1-o1
1982	between	57	94	k	k	0	0	150.04845509937462	s57-s94_ck-ck_o0-o0
1983	between	57	94	k	k	1	1	177.95244343864806	s57-s94_ck-ck_o1-o1
1984	between	57	94	s	s	0	0	293.9725425623424	s57-s94_cs-cs_o0-o0
1985	between	57	94	s	s	1	1	221.34872760266924	s57-s94_cs-cs_o1-o1
1986	between	57	95	h	h	0	0	109.37123781269852	s57-s95_ch-ch_o0-o0
1987	between	57	95	h	h	1	1	118.66687530363755	s57-s95_ch-ch_o1-o1
1988	between	57	95	k	k	0	0	117.45666050574991	s57-s95_ck-ck_o0-o0
1989	between	57	95	k	k	1	1	140.97414981830343	s57-s95_ck-ck_o1-o1
1990	between	57	95	s	s	0	0	138.44751475233335	s57-s95_cs-cs_o0-o0
1991	between	57	95	s	s	1	1	128.63575233109867	s57-s95_cs-cs_o1-o1
1992	between	57	97	h	h	0	0	137.9967533724596	s57-s97_ch-ch_o0-o0
1993	between	57	97	h	h	1	1	142.1123739632807	s57-s97_ch-ch_o1-o1
1994	between	57	97	k	k	0	0	149.31329514600617	s57-s97_ck-ck_o0-o0
1995	between	57	97	k	k	1	1	170.72937739670135	s57-s97_ck-ck_o1-o1
1996	between	57	97	s	s	0	0	145.7394042244222	s57-s97_cs-cs_o0-o0
1997	between	57	97	s	s	1	1	146.58080936260825	s57-s97_cs-cs_o1-o1
1998	between	57	99	h	h	0	0	108.49461988366889	s57-s99_ch-ch_o0-o0
1999	between	57	99	h	h	1	1	132.24796088805405	s57-s99_ch-ch_o1-o1
2000	between	57	99	k	k	0	0	127.33882001492417	s57-s99_ck-ck_o0-o0
2001	between	57	99	k	k	1	1	155.7229141686619	s57-s99_ck-ck_o1-o1
2002	between	57	99	s	s	0	0	164.0639400605499	s57-s99_cs-cs_o0-o0
2003	between	57	99	s	s	1	1	144.13049780280505	s57-s99_cs-cs_o1-o1
2004	between	58	59	h	h	0	0	89.45957894683157	s58-s59_ch-ch_o0-o0
2005	between	58	59	h	h	1	1	101.63297984639921	s58-s59_ch-ch_o1-o1
2006	between	58	59	k	k	0	0	99.70272160656722	s58-s59_ck-ck_o0-o0
2007	between	58	59	k	k	1	1	117.9395504745922	s58-s59_ck-ck_o1-o1
2008	between	58	59	s	s	0	0	150.7287395278208	s58-s59_cs-cs_o0-o0
2009	between	58	59	s	s	1	1	157.60182769657982	s58-s59_cs-cs_o1-o1
2010	between	58	60	h	h	0	0	124.69023328659594	s58-s60_ch-ch_o0-o0
2011	between	58	60	h	h	1	1	109.3609400300817	s58-s60_ch-ch_o1-o1
2012	between	58	60	k	k	0	0	127.49246703125365	s58-s60_ck-ck_o0-o0
2014	between	58	60	s	s	0	0	163.03020061268228	s58-s60_cs-cs_o0-o0
2015	between	58	60	s	s	1	1	164.81032497065254	s58-s60_cs-cs_o1-o1
2016	between	58	61	h	h	0	0	113.0026207054937	s58-s61_ch-ch_o0-o0
2017	between	58	61	h	h	1	1	108.77992194106348	s58-s61_ch-ch_o1-o1
2018	between	58	61	k	k	0	0	101.79782492873666	s58-s61_ck-ck_o0-o0
2019	between	58	61	k	k	1	1	135.3065322792872	s58-s61_ck-ck_o1-o1
2020	between	58	61	s	s	0	0	176.16552460079595	s58-s61_cs-cs_o0-o0
2021	between	58	61	s	s	1	1	179.54516383300708	s58-s61_cs-cs_o1-o1
2022	between	58	65	h	h	0	0	117.05733644049388	s58-s65_ch-ch_o0-o0
2023	between	58	65	h	h	1	1	108.88383881514707	s58-s65_ch-ch_o1-o1
2024	between	58	65	k	k	0	0	116.20902435250076	s58-s65_ck-ck_o0-o0
2025	between	58	65	k	k	1	1	118.32926707993984	s58-s65_ck-ck_o1-o1
2026	between	58	65	s	s	0	0	182.81727142681615	s58-s65_cs-cs_o0-o0
2027	between	58	65	s	s	1	1	166.11033640447968	s58-s65_cs-cs_o1-o1
2028	between	58	67	h	h	0	0	109.19730516664453	s58-s67_ch-ch_o0-o0
2029	between	58	67	h	h	1	1	126.95417669130605	s58-s67_ch-ch_o1-o1
2030	between	58	67	k	k	0	0	131.96559177873775	s58-s67_ck-ck_o0-o0
2031	between	58	67	k	k	1	1	125.45441375718958	s58-s67_ck-ck_o1-o1
2032	between	58	67	s	s	0	0	194.7323876991748	s58-s67_cs-cs_o0-o0
2033	between	58	67	s	s	1	1	156.93635126338052	s58-s67_cs-cs_o1-o1
2034	between	58	74	h	h	0	0	115.73413820488759	s58-s74_ch-ch_o0-o0
2035	between	58	74	h	h	1	1	117.8536000140466	s58-s74_ch-ch_o1-o1
2036	between	58	74	k	k	0	0	101.99106183628734	s58-s74_ck-ck_o0-o0
2038	between	58	74	s	s	0	0	203.50851815602536	s58-s74_cs-cs_o0-o0
2039	between	58	74	s	s	1	1	184.7192897367681	s58-s74_cs-cs_o1-o1
2040	between	58	76	h	h	0	0	160.0641432984173	s58-s76_ch-ch_o0-o0
2041	between	58	76	h	h	1	1	109.43967649581502	s58-s76_ch-ch_o1-o1
2042	between	58	76	k	k	0	0	116.28240406980566	s58-s76_ck-ck_o0-o0
2044	between	58	76	s	s	0	0	171.2286057570978	s58-s76_cs-cs_o0-o0
2045	between	58	76	s	s	1	1	181.62227427788503	s58-s76_cs-cs_o1-o1
2046	between	58	79	h	h	0	0	111.75165466935704	s58-s79_ch-ch_o0-o0
2047	between	58	79	h	h	1	1	117.12432701060567	s58-s79_ch-ch_o1-o1
2048	between	58	79	k	k	0	0	106.64887188165557	s58-s79_ck-ck_o0-o0
2049	between	58	79	k	k	1	1	115.13793656376217	s58-s79_ck-ck_o1-o1
2050	between	58	79	s	s	0	0	157.9026180490756	s58-s79_cs-cs_o0-o0
2051	between	58	79	s	s	1	1	143.03975045487405	s58-s79_cs-cs_o1-o1
2052	between	58	80	h	h	0	0	136.08844303927916	s58-s80_ch-ch_o0-o0
2053	between	58	80	h	h	1	1	135.6780298183108	s58-s80_ch-ch_o1-o1
2054	between	58	80	k	k	0	0	135.7859678912896	s58-s80_ck-ck_o0-o0
2055	between	58	80	k	k	1	1	139.61157110446862	s58-s80_ck-ck_o1-o1
2056	between	58	80	s	s	0	0	171.48308751032926	s58-s80_cs-cs_o0-o0
2057	between	58	80	s	s	1	1	169.38561282236867	s58-s80_cs-cs_o1-o1
2058	between	58	81	h	h	0	0	116.9801006386789	s58-s81_ch-ch_o0-o0
2059	between	58	81	h	h	1	1	138.74074286941473	s58-s81_ch-ch_o1-o1
2060	between	58	81	k	k	0	0	133.91551193426218	s58-s81_ck-ck_o0-o0
2061	between	58	81	k	k	1	1	143.47607011260598	s58-s81_ck-ck_o1-o1
2062	between	58	81	s	s	0	0	265.91184190533113	s58-s81_cs-cs_o0-o0
2063	between	58	81	s	s	1	1	227.62197970875187	s58-s81_cs-cs_o1-o1
2064	between	58	87	h	h	0	0	124.494116653443	s58-s87_ch-ch_o0-o0
2065	between	58	87	h	h	1	1	118.95702670528192	s58-s87_ch-ch_o1-o1
2066	between	58	87	k	k	0	0	142.74586219009424	s58-s87_ck-ck_o0-o0
2067	between	58	87	k	k	1	1	128.18932436797076	s58-s87_ck-ck_o1-o1
2068	between	58	87	s	s	0	0	209.4881751849354	s58-s87_cs-cs_o0-o0
2069	between	58	87	s	s	1	1	231.39719947378043	s58-s87_cs-cs_o1-o1
2070	between	58	88	h	h	0	0	128.29051727862708	s58-s88_ch-ch_o0-o0
2071	between	58	88	h	h	1	1	128.15507562764316	s58-s88_ch-ch_o1-o1
2072	between	58	88	k	k	0	0	147.2597229377831	s58-s88_ck-ck_o0-o0
2073	between	58	88	k	k	1	1	140.95336300873547	s58-s88_ck-ck_o1-o1
2074	between	58	88	s	s	0	0	215.16916264963552	s58-s88_cs-cs_o0-o0
2075	between	58	88	s	s	1	1	200.57051245111148	s58-s88_cs-cs_o1-o1
2076	between	58	89	h	h	0	0	106.9853295147323	s58-s89_ch-ch_o0-o0
2077	between	58	89	h	h	1	1	116.23809203724903	s58-s89_ch-ch_o1-o1
2078	between	58	89	k	k	0	0	110.69954995047047	s58-s89_ck-ck_o0-o0
2079	between	58	89	k	k	1	1	105.62399448206706	s58-s89_ck-ck_o1-o1
2080	between	58	89	s	s	0	0	171.28411220337722	s58-s89_cs-cs_o0-o0
2081	between	58	89	s	s	1	1	156.90741847214974	s58-s89_cs-cs_o1-o1
2082	between	58	90	h	h	0	0	119.76752620576343	s58-s90_ch-ch_o0-o0
2083	between	58	90	h	h	1	1	121.867162239133	s58-s90_ch-ch_o1-o1
2084	between	58	90	k	k	0	0	121.45681513573723	s58-s90_ck-ck_o0-o0
2085	between	58	90	k	k	1	1	140.99837045780038	s58-s90_ck-ck_o1-o1
2086	between	58	90	s	s	0	0	189.1451161086952	s58-s90_cs-cs_o0-o0
2087	between	58	90	s	s	1	1	199.8808922749322	s58-s90_cs-cs_o1-o1
2088	between	58	91	h	h	0	0	110.78357614493534	s58-s91_ch-ch_o0-o0
2089	between	58	91	h	h	1	1	105.81455289630226	s58-s91_ch-ch_o1-o1
2090	between	58	91	k	k	0	0	107.3557793861459	s58-s91_ck-ck_o0-o0
2091	between	58	91	k	k	1	1	141.094348976298	s58-s91_ck-ck_o1-o1
2092	between	58	91	s	s	0	0	222.10530687187412	s58-s91_cs-cs_o0-o0
2093	between	58	91	s	s	1	1	213.1054260606739	s58-s91_cs-cs_o1-o1
2094	between	58	92	h	h	0	0	108.51282616523068	s58-s92_ch-ch_o0-o0
2096	between	58	92	k	k	0	0	128.95083498778104	s58-s92_ck-ck_o0-o0
2097	between	58	92	k	k	1	1	121.99518703420166	s58-s92_ck-ck_o1-o1
2098	between	58	92	s	s	0	0	273.81056484533457	s58-s92_cs-cs_o0-o0
2099	between	58	92	s	s	1	1	163.5850887309149	s58-s92_cs-cs_o1-o1
2100	between	58	94	h	h	0	0	116.59427463167096	s58-s94_ch-ch_o0-o0
2101	between	58	94	h	h	1	1	123.65435815439886	s58-s94_ch-ch_o1-o1
2102	between	58	94	k	k	0	0	135.1772628238946	s58-s94_ck-ck_o0-o0
2103	between	58	94	k	k	1	1	136.83957691192347	s58-s94_ck-ck_o1-o1
2104	between	58	94	s	s	0	0	325.0441443246717	s58-s94_cs-cs_o0-o0
2105	between	58	94	s	s	1	1	192.44117960049365	s58-s94_cs-cs_o1-o1
2106	between	58	95	h	h	0	0	106.29799100729655	s58-s95_ch-ch_o0-o0
2107	between	58	95	h	h	1	1	102.28393328390803	s58-s95_ch-ch_o1-o1
2108	between	58	95	k	k	0	0	84.14559855425789	s58-s95_ck-ck_o0-o0
2109	between	58	95	k	k	1	1	101.94777588454556	s58-s95_ck-ck_o1-o1
2110	between	58	95	s	s	0	0	160.21478205032537	s58-s95_cs-cs_o0-o0
2111	between	58	95	s	s	1	1	157.012493086903	s58-s95_cs-cs_o1-o1
2112	between	58	97	h	h	0	0	121.58339274097932	s58-s97_ch-ch_o0-o0
2113	between	58	97	h	h	1	1	129.20354129388932	s58-s97_ch-ch_o1-o1
2114	between	58	97	k	k	0	0	142.8762032265833	s58-s97_ck-ck_o0-o0
2115	between	58	97	k	k	1	1	140.64342250087182	s58-s97_ck-ck_o1-o1
2116	between	58	97	s	s	0	0	154.48602590021045	s58-s97_cs-cs_o0-o0
2117	between	58	97	s	s	1	1	161.16760836258297	s58-s97_cs-cs_o1-o1
2118	between	58	99	h	h	0	0	91.38819926186912	s58-s99_ch-ch_o0-o0
2119	between	58	99	h	h	1	1	119.25876260613481	s58-s99_ch-ch_o1-o1
2120	between	58	99	k	k	0	0	106.86564834343926	s58-s99_ck-ck_o0-o0
2121	between	58	99	k	k	1	1	128.2134643355049	s58-s99_ck-ck_o1-o1
2122	between	58	99	s	s	0	0	170.42855055685487	s58-s99_cs-cs_o0-o0
2123	between	58	99	s	s	1	1	153.53305070151512	s58-s99_cs-cs_o1-o1
2124	between	59	60	h	h	0	0	108.18368399377414	s59-s60_ch-ch_o0-o0
2125	between	59	60	h	h	1	1	92.26219142080382	s59-s60_ch-ch_o1-o1
2126	between	59	60	k	k	0	0	124.42024944653502	s59-s60_ck-ck_o0-o0
2128	between	59	60	s	s	0	0	101.05612852900676	s59-s60_cs-cs_o0-o0
2129	between	59	60	s	s	1	1	105.76291706012726	s59-s60_cs-cs_o1-o1
2130	between	59	61	h	h	0	0	106.85638505389865	s59-s61_ch-ch_o0-o0
2131	between	59	61	h	h	1	1	104.66696845760661	s59-s61_ch-ch_o1-o1
2132	between	59	61	k	k	0	0	108.0228386690753	s59-s61_ck-ck_o0-o0
2133	between	59	61	k	k	1	1	151.6171218478355	s59-s61_ck-ck_o1-o1
2134	between	59	61	s	s	0	0	111.59261178718246	s59-s61_cs-cs_o0-o0
2135	between	59	61	s	s	1	1	147.69526575414977	s59-s61_cs-cs_o1-o1
2136	between	59	65	h	h	0	0	104.52499205928943	s59-s65_ch-ch_o0-o0
2137	between	59	65	h	h	1	1	94.93099314678675	s59-s65_ch-ch_o1-o1
2138	between	59	65	k	k	0	0	94.88908694383339	s59-s65_ck-ck_o0-o0
2139	between	59	65	k	k	1	1	118.55871174646263	s59-s65_ck-ck_o1-o1
2140	between	59	65	s	s	0	0	115.289752938204	s59-s65_cs-cs_o0-o0
2141	between	59	65	s	s	1	1	113.97170231723105	s59-s65_cs-cs_o1-o1
2142	between	59	67	h	h	0	0	104.63515063105018	s59-s67_ch-ch_o0-o0
2143	between	59	67	h	h	1	1	90.2418276923127	s59-s67_ch-ch_o1-o1
2144	between	59	67	k	k	0	0	114.57814659391912	s59-s67_ck-ck_o0-o0
2145	between	59	67	k	k	1	1	97.1745793622154	s59-s67_ck-ck_o1-o1
2146	between	59	67	s	s	0	0	139.72728350363312	s59-s67_cs-cs_o0-o0
2147	between	59	67	s	s	1	1	119.62863339694843	s59-s67_cs-cs_o1-o1
2148	between	59	74	h	h	0	0	110.04823022393246	s59-s74_ch-ch_o0-o0
2149	between	59	74	h	h	1	1	119.56691914776498	s59-s74_ch-ch_o1-o1
2150	between	59	74	k	k	0	0	103.37924386185323	s59-s74_ck-ck_o0-o0
2152	between	59	74	s	s	0	0	146.0647246075975	s59-s74_cs-cs_o0-o0
2153	between	59	74	s	s	1	1	156.59940404713842	s59-s74_cs-cs_o1-o1
2154	between	59	76	h	h	0	0	150.97717131506317	s59-s76_ch-ch_o0-o0
2155	between	59	76	h	h	1	1	88.14636884855588	s59-s76_ch-ch_o1-o1
2156	between	59	76	k	k	0	0	99.25036504427736	s59-s76_ck-ck_o0-o0
2158	between	59	76	s	s	0	0	117.89596869124726	s59-s76_cs-cs_o0-o0
2159	between	59	76	s	s	1	1	109.13296258992186	s59-s76_cs-cs_o1-o1
2160	between	59	79	h	h	0	0	100.89392769125898	s59-s79_ch-ch_o0-o0
2161	between	59	79	h	h	1	1	100.16092486038073	s59-s79_ch-ch_o1-o1
2162	between	59	79	k	k	0	0	101.15587939557489	s59-s79_ck-ck_o0-o0
2163	between	59	79	k	k	1	1	125.42412388538216	s59-s79_ck-ck_o1-o1
2164	between	59	79	s	s	0	0	121.69627145974171	s59-s79_cs-cs_o0-o0
2165	between	59	79	s	s	1	1	107.83277829212282	s59-s79_cs-cs_o1-o1
2166	between	59	80	h	h	0	0	113.19616241444974	s59-s80_ch-ch_o0-o0
2167	between	59	80	h	h	1	1	106.8672722835987	s59-s80_ch-ch_o1-o1
2168	between	59	80	k	k	0	0	130.81760930766475	s59-s80_ck-ck_o0-o0
2169	between	59	80	k	k	1	1	153.3304784614187	s59-s80_ck-ck_o1-o1
2170	between	59	80	s	s	0	0	121.71951596283424	s59-s80_cs-cs_o0-o0
2171	between	59	80	s	s	1	1	107.2520642898283	s59-s80_cs-cs_o1-o1
2172	between	59	81	h	h	0	0	106.95194097661317	s59-s81_ch-ch_o0-o0
2173	between	59	81	h	h	1	1	102.9162509938796	s59-s81_ch-ch_o1-o1
2174	between	59	81	k	k	0	0	132.91487984156052	s59-s81_ck-ck_o0-o0
2175	between	59	81	k	k	1	1	143.87986174198988	s59-s81_ck-ck_o1-o1
2176	between	59	81	s	s	0	0	163.04249109662103	s59-s81_cs-cs_o0-o0
2177	between	59	81	s	s	1	1	143.3624693372099	s59-s81_cs-cs_o1-o1
2178	between	59	87	h	h	0	0	124.2531160460115	s59-s87_ch-ch_o0-o0
2179	between	59	87	h	h	1	1	100.05896102365875	s59-s87_ch-ch_o1-o1
2180	between	59	87	k	k	0	0	131.3971383708799	s59-s87_ck-ck_o0-o0
2181	between	59	87	k	k	1	1	101.20001478656388	s59-s87_ck-ck_o1-o1
2182	between	59	87	s	s	0	0	138.6864758915674	s59-s87_cs-cs_o0-o0
2183	between	59	87	s	s	1	1	200.964259260457	s59-s87_cs-cs_o1-o1
2184	between	59	88	h	h	0	0	124.62044338253635	s59-s88_ch-ch_o0-o0
2185	between	59	88	h	h	1	1	116.0791764374816	s59-s88_ch-ch_o1-o1
2186	between	59	88	k	k	0	0	122.59170275380286	s59-s88_ck-ck_o0-o0
2187	between	59	88	k	k	1	1	127.74952938597714	s59-s88_ck-ck_o1-o1
2188	between	59	88	s	s	0	0	189.6395876654765	s59-s88_cs-cs_o0-o0
2189	between	59	88	s	s	1	1	165.78872698164992	s59-s88_cs-cs_o1-o1
2190	between	59	89	h	h	0	0	102.93254619947739	s59-s89_ch-ch_o0-o0
2191	between	59	89	h	h	1	1	95.73257918329202	s59-s89_ch-ch_o1-o1
2192	between	59	89	k	k	0	0	91.02044651813806	s59-s89_ck-ck_o0-o0
2193	between	59	89	k	k	1	1	96.48375071165111	s59-s89_ck-ck_o1-o1
2194	between	59	89	s	s	0	0	112.44152334444935	s59-s89_cs-cs_o0-o0
2195	between	59	89	s	s	1	1	84.3327599278924	s59-s89_cs-cs_o1-o1
2196	between	59	90	h	h	0	0	110.64550627259781	s59-s90_ch-ch_o0-o0
2197	between	59	90	h	h	1	1	107.48561243491605	s59-s90_ch-ch_o1-o1
2198	between	59	90	k	k	0	0	134.18295616191511	s59-s90_ck-ck_o0-o0
2199	between	59	90	k	k	1	1	154.00902730797304	s59-s90_ck-ck_o1-o1
2200	between	59	90	s	s	0	0	132.791612287964	s59-s90_cs-cs_o0-o0
2201	between	59	90	s	s	1	1	145.58665204322762	s59-s90_cs-cs_o1-o1
2202	between	59	91	h	h	0	0	112.59598091256669	s59-s91_ch-ch_o0-o0
2203	between	59	91	h	h	1	1	90.66048446727372	s59-s91_ch-ch_o1-o1
2204	between	59	91	k	k	0	0	94.50609053519688	s59-s91_ck-ck_o0-o0
2205	between	59	91	k	k	1	1	111.47124217109234	s59-s91_ck-ck_o1-o1
2206	between	59	91	s	s	0	0	181.58624729777537	s59-s91_cs-cs_o0-o0
2207	between	59	91	s	s	1	1	200.07811506723627	s59-s91_cs-cs_o1-o1
2208	between	59	92	h	h	0	0	101.99829158052422	s59-s92_ch-ch_o0-o0
2210	between	59	92	k	k	0	0	123.6714882258326	s59-s92_ck-ck_o0-o0
2211	between	59	92	k	k	1	1	116.18258633149938	s59-s92_ck-ck_o1-o1
2212	between	59	92	s	s	0	0	223.03369741825887	s59-s92_cs-cs_o0-o0
2213	between	59	92	s	s	1	1	105.27508041455793	s59-s92_cs-cs_o1-o1
2214	between	59	94	h	h	0	0	104.33997508256266	s59-s94_ch-ch_o0-o0
2215	between	59	94	h	h	1	1	99.06405816463939	s59-s94_ch-ch_o1-o1
2216	between	59	94	k	k	0	0	109.81642652388814	s59-s94_ck-ck_o0-o0
2217	between	59	94	k	k	1	1	118.79577705662096	s59-s94_ck-ck_o1-o1
2218	between	59	94	s	s	0	0	281.8916186903737	s59-s94_cs-cs_o0-o0
2219	between	59	94	s	s	1	1	220.49907889852108	s59-s94_cs-cs_o1-o1
2220	between	59	95	h	h	0	0	98.63058311227825	s59-s95_ch-ch_o0-o0
2221	between	59	95	h	h	1	1	87.02076780957373	s59-s95_ch-ch_o1-o1
2222	between	59	95	k	k	0	0	90.26395553371218	s59-s95_ck-ck_o0-o0
2223	between	59	95	k	k	1	1	102.1986933756759	s59-s95_ck-ck_o1-o1
2224	between	59	95	s	s	0	0	112.7573956481908	s59-s95_cs-cs_o0-o0
2225	between	59	95	s	s	1	1	124.38413211753517	s59-s95_cs-cs_o1-o1
2226	between	59	97	h	h	0	0	109.1946264230431	s59-s97_ch-ch_o0-o0
2227	between	59	97	h	h	1	1	99.5537508826584	s59-s97_ch-ch_o1-o1
2228	between	59	97	k	k	0	0	126.68187463727396	s59-s97_ck-ck_o0-o0
2229	between	59	97	k	k	1	1	124.22533135185336	s59-s97_ck-ck_o1-o1
2230	between	59	97	s	s	0	0	110.94136298551902	s59-s97_cs-cs_o0-o0
2231	between	59	97	s	s	1	1	90.58230338843487	s59-s97_cs-cs_o1-o1
2232	between	59	99	h	h	0	0	96.97817611738623	s59-s99_ch-ch_o0-o0
2233	between	59	99	h	h	1	1	91.35673364411431	s59-s99_ch-ch_o1-o1
2234	between	59	99	k	k	0	0	88.83130101168135	s59-s99_ck-ck_o0-o0
2235	between	59	99	k	k	1	1	143.38598880902958	s59-s99_ck-ck_o1-o1
2236	between	59	99	s	s	0	0	116.76081522024725	s59-s99_cs-cs_o0-o0
2237	between	59	99	s	s	1	1	105.01370032931202	s59-s99_cs-cs_o1-o1
2238	between	60	61	h	h	0	0	106.3376130513473	s60-s61_ch-ch_o0-o0
2239	between	60	61	h	h	1	1	119.11223343115437	s60-s61_ch-ch_o1-o1
2240	between	60	61	k	k	0	0	148.97868105774944	s60-s61_ck-ck_o0-o0
2242	between	60	61	s	s	0	0	135.13192082434853	s60-s61_cs-cs_o0-o0
2243	between	60	61	s	s	1	1	156.44878842547422	s60-s61_cs-cs_o1-o1
2244	between	60	65	h	h	0	0	92.93153897309107	s60-s65_ch-ch_o0-o0
2245	between	60	65	h	h	1	1	104.19381819856005	s60-s65_ch-ch_o1-o1
2246	between	60	65	k	k	0	0	154.65395452949716	s60-s65_ck-ck_o0-o0
2248	between	60	65	s	s	0	0	131.58766694934906	s60-s65_cs-cs_o0-o0
2249	between	60	65	s	s	1	1	126.17253929110359	s60-s65_cs-cs_o1-o1
2250	between	60	67	h	h	0	0	121.99095187876885	s60-s67_ch-ch_o0-o0
2251	between	60	67	h	h	1	1	110.10564805626181	s60-s67_ch-ch_o1-o1
2252	between	60	67	k	k	0	0	144.93603214643986	s60-s67_ck-ck_o0-o0
2254	between	60	67	s	s	0	0	161.82812649429675	s60-s67_cs-cs_o0-o0
2255	between	60	67	s	s	1	1	133.65898456668805	s60-s67_cs-cs_o1-o1
2256	between	60	74	h	h	0	0	138.23035375742782	s60-s74_ch-ch_o0-o0
2257	between	60	74	h	h	1	1	135.20650132989857	s60-s74_ch-ch_o1-o1
2258	between	60	74	k	k	0	0	161.7450795932165	s60-s74_ck-ck_o0-o0
2260	between	60	74	s	s	0	0	195.29104459923244	s60-s74_cs-cs_o0-o0
2261	between	60	74	s	s	1	1	169.37129270168475	s60-s74_cs-cs_o1-o1
2262	between	60	76	h	h	0	0	135.38736857278764	s60-s76_ch-ch_o0-o0
2263	between	60	76	h	h	1	1	99.1140013664379	s60-s76_ch-ch_o1-o1
2264	between	60	76	k	k	0	0	136.7956265773814	s60-s76_ck-ck_o0-o0
2266	between	60	76	s	s	0	0	140.73956464895426	s60-s76_cs-cs_o0-o0
2267	between	60	76	s	s	1	1	126.20607739857671	s60-s76_cs-cs_o1-o1
2268	between	60	79	h	h	0	0	122.283902047536	s60-s79_ch-ch_o0-o0
2269	between	60	79	h	h	1	1	114.94948630163631	s60-s79_ch-ch_o1-o1
2270	between	60	79	k	k	0	0	143.760261168067	s60-s79_ck-ck_o0-o0
2272	between	60	79	s	s	0	0	148.8420222998955	s60-s79_cs-cs_o0-o0
2273	between	60	79	s	s	1	1	109.3451357082107	s60-s79_cs-cs_o1-o1
2274	between	60	80	h	h	0	0	144.4450343170694	s60-s80_ch-ch_o0-o0
2275	between	60	80	h	h	1	1	128.69706014600874	s60-s80_ch-ch_o1-o1
2276	between	60	80	k	k	0	0	180.0399031351229	s60-s80_ck-ck_o0-o0
2278	between	60	80	s	s	0	0	154.43818732434025	s60-s80_cs-cs_o0-o0
2279	between	60	80	s	s	1	1	124.605351107326	s60-s80_cs-cs_o1-o1
2280	between	60	81	h	h	0	0	127.40057924062415	s60-s81_ch-ch_o0-o0
2281	between	60	81	h	h	1	1	128.08803063591	s60-s81_ch-ch_o1-o1
2282	between	60	81	k	k	0	0	151.98534125904717	s60-s81_ck-ck_o0-o0
2284	between	60	81	s	s	0	0	190.74854847314487	s60-s81_cs-cs_o0-o0
2285	between	60	81	s	s	1	1	182.78979978241824	s60-s81_cs-cs_o1-o1
2286	between	60	87	h	h	0	0	134.9989775667651	s60-s87_ch-ch_o0-o0
2287	between	60	87	h	h	1	1	101.76146612944711	s60-s87_ch-ch_o1-o1
2288	between	60	87	k	k	0	0	143.95549843794984	s60-s87_ck-ck_o0-o0
2290	between	60	87	s	s	0	0	156.54323946451692	s60-s87_cs-cs_o0-o0
2291	between	60	87	s	s	1	1	203.17810365046802	s60-s87_cs-cs_o1-o1
2292	between	60	88	h	h	0	0	134.54045554367426	s60-s88_ch-ch_o0-o0
2293	between	60	88	h	h	1	1	137.5726770918494	s60-s88_ch-ch_o1-o1
2294	between	60	88	k	k	0	0	164.73615967831364	s60-s88_ck-ck_o0-o0
2296	between	60	88	s	s	0	0	211.46476993690518	s60-s88_cs-cs_o0-o0
2297	between	60	88	s	s	1	1	173.487697469958	s60-s88_cs-cs_o1-o1
2298	between	60	89	h	h	0	0	102.80700409931993	s60-s89_ch-ch_o0-o0
2299	between	60	89	h	h	1	1	101.95228050539173	s60-s89_ch-ch_o1-o1
2300	between	60	89	k	k	0	0	129.55057709599487	s60-s89_ck-ck_o0-o0
2302	between	60	89	s	s	0	0	144.03649144485976	s60-s89_cs-cs_o0-o0
2303	between	60	89	s	s	1	1	102.73660404777046	s60-s89_cs-cs_o1-o1
2304	between	60	90	h	h	0	0	136.25586306372801	s60-s90_ch-ch_o0-o0
2305	between	60	90	h	h	1	1	120.22919041202974	s60-s90_ch-ch_o1-o1
2306	between	60	90	k	k	0	0	165.02748280377253	s60-s90_ck-ck_o0-o0
2308	between	60	90	s	s	0	0	157.7075224774475	s60-s90_cs-cs_o0-o0
2309	between	60	90	s	s	1	1	161.77195864827098	s60-s90_cs-cs_o1-o1
2310	between	60	91	h	h	0	0	101.25302785635978	s60-s91_ch-ch_o0-o0
2311	between	60	91	h	h	1	1	96.86403592380714	s60-s91_ch-ch_o1-o1
2312	between	60	91	k	k	0	0	131.4477727644097	s60-s91_ck-ck_o0-o0
2314	between	60	91	s	s	0	0	198.94133701819766	s60-s91_cs-cs_o0-o0
2315	between	60	91	s	s	1	1	201.4344647857342	s60-s91_cs-cs_o1-o1
2316	between	60	92	h	h	0	0	137.19117460575836	s60-s92_ch-ch_o0-o0
2318	between	60	92	k	k	0	0	141.1663731590002	s60-s92_ck-ck_o0-o0
2320	between	60	92	s	s	0	0	219.8006918315036	s60-s92_cs-cs_o0-o0
2321	between	60	92	s	s	1	1	134.19144076272784	s60-s92_cs-cs_o1-o1
2322	between	60	94	h	h	0	0	119.31924257997053	s60-s94_ch-ch_o0-o0
2323	between	60	94	h	h	1	1	111.28196845640177	s60-s94_ch-ch_o1-o1
2324	between	60	94	k	k	0	0	151.41892767930852	s60-s94_ck-ck_o0-o0
2326	between	60	94	s	s	0	0	275.6385545302422	s60-s94_cs-cs_o0-o0
2327	between	60	94	s	s	1	1	238.33940658872368	s60-s94_cs-cs_o1-o1
2328	between	60	95	h	h	0	0	93.46839841507463	s60-s95_ch-ch_o0-o0
2329	between	60	95	h	h	1	1	102.11727066533471	s60-s95_ch-ch_o1-o1
2330	between	60	95	k	k	0	0	122.93997449273131	s60-s95_ck-ck_o0-o0
2332	between	60	95	s	s	0	0	132.8994020501171	s60-s95_cs-cs_o0-o0
2333	between	60	95	s	s	1	1	134.68703390821213	s60-s95_cs-cs_o1-o1
2334	between	60	97	h	h	0	0	131.66012655103782	s60-s97_ch-ch_o0-o0
2335	between	60	97	h	h	1	1	116.65407573993268	s60-s97_ch-ch_o1-o1
2336	between	60	97	k	k	0	0	151.4822591828405	s60-s97_ck-ck_o0-o0
2338	between	60	97	s	s	0	0	119.515644635711	s60-s97_cs-cs_o0-o0
2339	between	60	97	s	s	1	1	121.43798574234428	s60-s97_cs-cs_o1-o1
2340	between	60	99	h	h	0	0	95.807408527833	s60-s99_ch-ch_o0-o0
2341	between	60	99	h	h	1	1	116.32327451067385	s60-s99_ch-ch_o1-o1
2342	between	60	99	k	k	0	0	136.6103223923394	s60-s99_ck-ck_o0-o0
2344	between	60	99	s	s	0	0	150.23008438800423	s60-s99_cs-cs_o0-o0
2345	between	60	99	s	s	1	1	135.09508102933415	s60-s99_cs-cs_o1-o1
2346	between	61	65	h	h	0	0	88.57041994211296	s61-s65_ch-ch_o0-o0
2347	between	61	65	h	h	1	1	90.05448852014773	s61-s65_ch-ch_o1-o1
2348	between	61	65	k	k	0	0	119.83001237958307	s61-s65_ck-ck_o0-o0
2349	between	61	65	k	k	1	1	140.72278963698201	s61-s65_ck-ck_o1-o1
2350	between	61	65	s	s	0	0	121.19320310016059	s61-s65_cs-cs_o0-o0
2351	between	61	65	s	s	1	1	151.4145466924242	s61-s65_cs-cs_o1-o1
2352	between	61	67	h	h	0	0	114.03481623725098	s61-s67_ch-ch_o0-o0
2353	between	61	67	h	h	1	1	135.47711181564614	s61-s67_ch-ch_o1-o1
2354	between	61	67	k	k	0	0	125.97518544813742	s61-s67_ck-ck_o0-o0
2355	between	61	67	k	k	1	1	153.19205646875346	s61-s67_ck-ck_o1-o1
2356	between	61	67	s	s	0	0	193.09398377564673	s61-s67_cs-cs_o0-o0
2357	between	61	67	s	s	1	1	165.58500244165447	s61-s67_cs-cs_o1-o1
2358	between	61	74	h	h	0	0	115.30025847851121	s61-s74_ch-ch_o0-o0
2359	between	61	74	h	h	1	1	117.56331602027196	s61-s74_ch-ch_o1-o1
2360	between	61	74	k	k	0	0	103.81252589628885	s61-s74_ck-ck_o0-o0
2362	between	61	74	s	s	0	0	154.38503268406689	s61-s74_cs-cs_o0-o0
2363	between	61	74	s	s	1	1	138.44018355508078	s61-s74_cs-cs_o1-o1
2364	between	61	76	h	h	0	0	157.1953943543305	s61-s76_ch-ch_o0-o0
2365	between	61	76	h	h	1	1	112.17465203679599	s61-s76_ch-ch_o1-o1
2366	between	61	76	k	k	0	0	126.19545751640676	s61-s76_ck-ck_o0-o0
2368	between	61	76	s	s	0	0	149.7747431092408	s61-s76_cs-cs_o0-o0
2369	between	61	76	s	s	1	1	185.52183697885508	s61-s76_cs-cs_o1-o1
2370	between	61	79	h	h	0	0	128.31741595744114	s61-s79_ch-ch_o0-o0
2371	between	61	79	h	h	1	1	111.65418757369548	s61-s79_ch-ch_o1-o1
2372	between	61	79	k	k	0	0	133.16652147572498	s61-s79_ck-ck_o0-o0
2373	between	61	79	k	k	1	1	159.37776278922613	s61-s79_ck-ck_o1-o1
2374	between	61	79	s	s	0	0	147.0900563916605	s61-s79_cs-cs_o0-o0
2375	between	61	79	s	s	1	1	147.24340400320548	s61-s79_cs-cs_o1-o1
2376	between	61	80	h	h	0	0	157.6798673577088	s61-s80_ch-ch_o0-o0
2377	between	61	80	h	h	1	1	147.20806894850122	s61-s80_ch-ch_o1-o1
2378	between	61	80	k	k	0	0	166.9311855542804	s61-s80_ck-ck_o0-o0
2379	between	61	80	k	k	1	1	210.87595136108988	s61-s80_ck-ck_o1-o1
2380	between	61	80	s	s	0	0	163.7948966878259	s61-s80_cs-cs_o0-o0
2381	between	61	80	s	s	1	1	183.3199131093126	s61-s80_cs-cs_o1-o1
2382	between	61	81	h	h	0	0	133.39524425096286	s61-s81_ch-ch_o0-o0
2383	between	61	81	h	h	1	1	144.18443144197735	s61-s81_ch-ch_o1-o1
2384	between	61	81	k	k	0	0	138.06627249885645	s61-s81_ck-ck_o0-o0
2385	between	61	81	k	k	1	1	178.3558474408995	s61-s81_ck-ck_o1-o1
2386	between	61	81	s	s	0	0	195.1301292493394	s61-s81_cs-cs_o0-o0
2387	between	61	81	s	s	1	1	195.7938184594207	s61-s81_cs-cs_o1-o1
2388	between	61	87	h	h	0	0	115.77721046330313	s61-s87_ch-ch_o0-o0
2389	between	61	87	h	h	1	1	120.23379440119568	s61-s87_ch-ch_o1-o1
2390	between	61	87	k	k	0	0	137.1213061374543	s61-s87_ck-ck_o0-o0
2391	between	61	87	k	k	1	1	135.11836250327906	s61-s87_ck-ck_o1-o1
2392	between	61	87	s	s	0	0	170.9755585332779	s61-s87_cs-cs_o0-o0
2393	between	61	87	s	s	1	1	191.16801873618857	s61-s87_cs-cs_o1-o1
2394	between	61	88	h	h	0	0	139.33708398762585	s61-s88_ch-ch_o0-o0
2395	between	61	88	h	h	1	1	136.94200252211826	s61-s88_ch-ch_o1-o1
2396	between	61	88	k	k	0	0	160.3493823371913	s61-s88_ck-ck_o0-o0
2397	between	61	88	k	k	1	1	175.0999460151571	s61-s88_ck-ck_o1-o1
2398	between	61	88	s	s	0	0	196.13493506147626	s61-s88_cs-cs_o0-o0
2399	between	61	88	s	s	1	1	184.96127682025795	s61-s88_cs-cs_o1-o1
2400	between	61	89	h	h	0	0	77.48946184816421	s61-s89_ch-ch_o0-o0
2401	between	61	89	h	h	1	1	106.2312282621426	s61-s89_ch-ch_o1-o1
2402	between	61	89	k	k	0	0	103.16581556470838	s61-s89_ck-ck_o0-o0
2403	between	61	89	k	k	1	1	128.17561711342736	s61-s89_ck-ck_o1-o1
2404	between	61	89	s	s	0	0	159.58065874563064	s61-s89_cs-cs_o0-o0
2405	between	61	89	s	s	1	1	136.95584367867713	s61-s89_cs-cs_o1-o1
2406	between	61	90	h	h	0	0	141.7825077746751	s61-s90_ch-ch_o0-o0
2407	between	61	90	h	h	1	1	115.95991899629587	s61-s90_ch-ch_o1-o1
2408	between	61	90	k	k	0	0	151.6392664364846	s61-s90_ck-ck_o0-o0
2409	between	61	90	k	k	1	1	179.33833629576742	s61-s90_ck-ck_o1-o1
2410	between	61	90	s	s	0	0	150.51641682466558	s61-s90_cs-cs_o0-o0
2411	between	61	90	s	s	1	1	181.84631220326082	s61-s90_cs-cs_o1-o1
2412	between	61	91	h	h	0	0	101.67456299549117	s61-s91_ch-ch_o0-o0
2413	between	61	91	h	h	1	1	93.2978001429109	s61-s91_ch-ch_o1-o1
2414	between	61	91	k	k	0	0	105.43514671732261	s61-s91_ck-ck_o0-o0
2415	between	61	91	k	k	1	1	153.50117080961988	s61-s91_ck-ck_o1-o1
2416	between	61	91	s	s	0	0	190.80656528712467	s61-s91_cs-cs_o0-o0
2417	between	61	91	s	s	1	1	210.69555308406322	s61-s91_cs-cs_o1-o1
2418	between	61	92	h	h	0	0	126.29000313816974	s61-s92_ch-ch_o0-o0
2420	between	61	92	k	k	0	0	131.52779367238713	s61-s92_ck-ck_o0-o0
2421	between	61	92	k	k	1	1	142.02705244932537	s61-s92_ck-ck_o1-o1
2422	between	61	92	s	s	0	0	242.12206692809755	s61-s92_cs-cs_o0-o0
2423	between	61	92	s	s	1	1	148.13859263103282	s61-s92_cs-cs_o1-o1
2424	between	61	94	h	h	0	0	104.03271916913097	s61-s94_ch-ch_o0-o0
2425	between	61	94	h	h	1	1	117.01437178024152	s61-s94_ch-ch_o1-o1
2426	between	61	94	k	k	0	0	118.55391082999527	s61-s94_ck-ck_o0-o0
2427	between	61	94	k	k	1	1	138.0439392205355	s61-s94_ck-ck_o1-o1
2428	between	61	94	s	s	0	0	286.7691425707715	s61-s94_cs-cs_o0-o0
2429	between	61	94	s	s	1	1	225.15596262979585	s61-s94_cs-cs_o1-o1
2430	between	61	95	h	h	0	0	92.57953075873874	s61-s95_ch-ch_o0-o0
2431	between	61	95	h	h	1	1	100.47558502746448	s61-s95_ch-ch_o1-o1
2432	between	61	95	k	k	0	0	96.06272827007528	s61-s95_ck-ck_o0-o0
2433	between	61	95	k	k	1	1	119.86950017463448	s61-s95_ck-ck_o1-o1
2434	between	61	95	s	s	0	0	130.6989836004411	s61-s95_cs-cs_o0-o0
2435	between	61	95	s	s	1	1	137.06714110272296	s61-s95_cs-cs_o1-o1
2436	between	61	97	h	h	0	0	117.92718675996818	s61-s97_ch-ch_o0-o0
2437	between	61	97	h	h	1	1	147.02565066457882	s61-s97_ch-ch_o1-o1
2438	between	61	97	k	k	0	0	128.50416451225473	s61-s97_ck-ck_o0-o0
2439	between	61	97	k	k	1	1	169.61693427349363	s61-s97_ck-ck_o1-o1
2440	between	61	97	s	s	0	0	142.13816961057972	s61-s97_cs-cs_o0-o0
2441	between	61	97	s	s	1	1	145.51189971509973	s61-s97_cs-cs_o1-o1
2442	between	61	99	h	h	0	0	93.78130187663727	s61-s99_ch-ch_o0-o0
2443	between	61	99	h	h	1	1	113.10295492570873	s61-s99_ch-ch_o1-o1
2444	between	61	99	k	k	0	0	97.13578158581947	s61-s99_ck-ck_o0-o0
2445	between	61	99	k	k	1	1	154.407925865411	s61-s99_ck-ck_o1-o1
2446	between	61	99	s	s	0	0	154.25003575727783	s61-s99_cs-cs_o0-o0
2447	between	61	99	s	s	1	1	142.85936664069445	s61-s99_cs-cs_o1-o1
2448	between	65	67	h	h	0	0	117.79073753427359	s65-s67_ch-ch_o0-o0
2449	between	65	67	h	h	1	1	123.00876990486658	s65-s67_ch-ch_o1-o1
2450	between	65	67	k	k	0	0	133.47119815042524	s65-s67_ck-ck_o0-o0
2451	between	65	67	k	k	1	1	111.54197525146277	s65-s67_ck-ck_o1-o1
2452	between	65	67	s	s	0	0	210.79560941777896	s65-s67_cs-cs_o0-o0
2453	between	65	67	s	s	1	1	154.15594700304476	s65-s67_cs-cs_o1-o1
2454	between	65	74	h	h	0	0	111.86957838679191	s65-s74_ch-ch_o0-o0
2455	between	65	74	h	h	1	1	100.52535039966132	s65-s74_ch-ch_o1-o1
2456	between	65	74	k	k	0	0	104.07642428709936	s65-s74_ck-ck_o0-o0
2458	between	65	74	s	s	0	0	178.56050804139872	s65-s74_cs-cs_o0-o0
2459	between	65	74	s	s	1	1	160.48910996419053	s65-s74_cs-cs_o1-o1
2460	between	65	76	h	h	0	0	131.20327508030434	s65-s76_ch-ch_o0-o0
2461	between	65	76	h	h	1	1	96.29428909923018	s65-s76_ch-ch_o1-o1
2462	between	65	76	k	k	0	0	115.52969495092135	s65-s76_ck-ck_o0-o0
2464	between	65	76	s	s	0	0	147.8086473204019	s65-s76_cs-cs_o0-o0
2465	between	65	76	s	s	1	1	144.52270750666685	s65-s76_cs-cs_o1-o1
2466	between	65	79	h	h	0	0	116.52764325064426	s65-s79_ch-ch_o0-o0
2467	between	65	79	h	h	1	1	114.01903471951402	s65-s79_ch-ch_o1-o1
2468	between	65	79	k	k	0	0	114.85028212094174	s65-s79_ck-ck_o0-o0
2469	between	65	79	k	k	1	1	130.76490414451976	s65-s79_ck-ck_o1-o1
2470	between	65	79	s	s	0	0	147.38365225927473	s65-s79_cs-cs_o0-o0
2471	between	65	79	s	s	1	1	124.3774850026075	s65-s79_cs-cs_o1-o1
2472	between	65	80	h	h	0	0	134.89882544689863	s65-s80_ch-ch_o0-o0
2473	between	65	80	h	h	1	1	132.50829670430326	s65-s80_ch-ch_o1-o1
2474	between	65	80	k	k	0	0	135.00649871799732	s65-s80_ck-ck_o0-o0
2475	between	65	80	k	k	1	1	159.5929607023393	s65-s80_ck-ck_o1-o1
2476	between	65	80	s	s	0	0	155.19683015294743	s65-s80_cs-cs_o0-o0
2477	between	65	80	s	s	1	1	137.04607159686938	s65-s80_cs-cs_o1-o1
2478	between	65	81	h	h	0	0	138.88502497592287	s65-s81_ch-ch_o0-o0
2479	between	65	81	h	h	1	1	146.91831727974994	s65-s81_ch-ch_o1-o1
2480	between	65	81	k	k	0	0	150.25459149962123	s65-s81_ck-ck_o0-o0
2481	between	65	81	k	k	1	1	171.75652357703018	s65-s81_ck-ck_o1-o1
2482	between	65	81	s	s	0	0	155.91195172879137	s65-s81_cs-cs_o0-o0
2483	between	65	81	s	s	1	1	148.4398867380156	s65-s81_cs-cs_o1-o1
2484	between	65	87	h	h	0	0	128.6002442440025	s65-s87_ch-ch_o0-o0
2485	between	65	87	h	h	1	1	114.59318583970982	s65-s87_ch-ch_o1-o1
2486	between	65	87	k	k	0	0	139.09020144431602	s65-s87_ck-ck_o0-o0
2487	between	65	87	k	k	1	1	119.47531396617504	s65-s87_ck-ck_o1-o1
2488	between	65	87	s	s	0	0	162.72711921937974	s65-s87_cs-cs_o0-o0
2489	between	65	87	s	s	1	1	211.71622223368362	s65-s87_cs-cs_o1-o1
2490	between	65	88	h	h	0	0	119.65355183074296	s65-s88_ch-ch_o0-o0
2491	between	65	88	h	h	1	1	120.26393331681237	s65-s88_ch-ch_o1-o1
2492	between	65	88	k	k	0	0	146.05595875722162	s65-s88_ck-ck_o0-o0
2493	between	65	88	k	k	1	1	148.8904097474407	s65-s88_ck-ck_o1-o1
2494	between	65	88	s	s	0	0	203.41277146531655	s65-s88_cs-cs_o0-o0
2495	between	65	88	s	s	1	1	178.3317176646438	s65-s88_cs-cs_o1-o1
2496	between	65	89	h	h	0	0	91.08871485327933	s65-s89_ch-ch_o0-o0
2497	between	65	89	h	h	1	1	98.56726405616511	s65-s89_ch-ch_o1-o1
2498	between	65	89	k	k	0	0	94.21487478729888	s65-s89_ck-ck_o0-o0
2499	between	65	89	k	k	1	1	90.8190737935278	s65-s89_ck-ck_o1-o1
2500	between	65	89	s	s	0	0	149.70189052668985	s65-s89_cs-cs_o0-o0
2501	between	65	89	s	s	1	1	120.28023756377388	s65-s89_cs-cs_o1-o1
2502	between	65	90	h	h	0	0	140.24081513948863	s65-s90_ch-ch_o0-o0
2503	between	65	90	h	h	1	1	113.53469281817563	s65-s90_ch-ch_o1-o1
2504	between	65	90	k	k	0	0	156.13665038322873	s65-s90_ck-ck_o0-o0
2505	between	65	90	k	k	1	1	167.01345655280173	s65-s90_ck-ck_o1-o1
2506	between	65	90	s	s	0	0	183.09760855421678	s65-s90_cs-cs_o0-o0
2507	between	65	90	s	s	1	1	215.0913382598699	s65-s90_cs-cs_o1-o1
2508	between	65	91	h	h	0	0	94.33814015958083	s65-s91_ch-ch_o0-o0
2509	between	65	91	h	h	1	1	92.50471687726443	s65-s91_ch-ch_o1-o1
2510	between	65	91	k	k	0	0	110.42905277640143	s65-s91_ck-ck_o0-o0
2511	between	65	91	k	k	1	1	132.06167406455808	s65-s91_ck-ck_o1-o1
2512	between	65	91	s	s	0	0	209.98801508387248	s65-s91_cs-cs_o0-o0
2513	between	65	91	s	s	1	1	215.27440962516158	s65-s91_cs-cs_o1-o1
2514	between	65	92	h	h	0	0	123.71647500087987	s65-s92_ch-ch_o0-o0
2516	between	65	92	k	k	0	0	139.7546642467166	s65-s92_ck-ck_o0-o0
2517	between	65	92	k	k	1	1	127.83157705305202	s65-s92_ck-ck_o1-o1
2518	between	65	92	s	s	0	0	264.2359617075802	s65-s92_cs-cs_o0-o0
2519	between	65	92	s	s	1	1	142.18855889531653	s65-s92_cs-cs_o1-o1
2520	between	65	94	h	h	0	0	111.21855029798316	s65-s94_ch-ch_o0-o0
2521	between	65	94	h	h	1	1	118.42499614339624	s65-s94_ch-ch_o1-o1
2522	between	65	94	k	k	0	0	128.98035801072754	s65-s94_ck-ck_o0-o0
2523	between	65	94	k	k	1	1	139.24676335160396	s65-s94_ck-ck_o1-o1
2524	between	65	94	s	s	0	0	279.23474220855576	s65-s94_cs-cs_o0-o0
2525	between	65	94	s	s	1	1	239.89226848078397	s65-s94_cs-cs_o1-o1
2526	between	65	95	h	h	0	0	99.6180569611716	s65-s95_ch-ch_o0-o0
2527	between	65	95	h	h	1	1	97.23443743097167	s65-s95_ch-ch_o1-o1
2528	between	65	95	k	k	0	0	104.06657260848725	s65-s95_ck-ck_o0-o0
2529	between	65	95	k	k	1	1	100.02633618318406	s65-s95_ck-ck_o1-o1
2530	between	65	95	s	s	0	0	138.31973506506046	s65-s95_cs-cs_o0-o0
2531	between	65	95	s	s	1	1	140.78667649591944	s65-s95_cs-cs_o1-o1
2532	between	65	97	h	h	0	0	126.1197702771332	s65-s97_ch-ch_o0-o0
2533	between	65	97	h	h	1	1	125.33087745311688	s65-s97_ch-ch_o1-o1
2534	between	65	97	k	k	0	0	143.6019114044698	s65-s97_ck-ck_o0-o0
2535	between	65	97	k	k	1	1	142.30857183536477	s65-s97_ck-ck_o1-o1
2536	between	65	97	s	s	0	0	139.18014781202416	s65-s97_cs-cs_o0-o0
2537	between	65	97	s	s	1	1	131.75054983222535	s65-s97_cs-cs_o1-o1
2538	between	65	99	h	h	0	0	104.97619734457245	s65-s99_ch-ch_o0-o0
2539	between	65	99	h	h	1	1	119.61507677882584	s65-s99_ch-ch_o1-o1
2540	between	65	99	k	k	0	0	114.89692431906337	s65-s99_ck-ck_o0-o0
2541	between	65	99	k	k	1	1	144.23276280283625	s65-s99_ck-ck_o1-o1
2542	between	65	99	s	s	0	0	127.72669787011993	s65-s99_cs-cs_o0-o0
2543	between	65	99	s	s	1	1	143.12049071108714	s65-s99_cs-cs_o1-o1
2544	between	67	74	h	h	0	0	146.48208247515103	s67-s74_ch-ch_o0-o0
2545	between	67	74	h	h	1	1	140.7315750054109	s67-s74_ch-ch_o1-o1
2546	between	67	74	k	k	0	0	133.96853049848568	s67-s74_ck-ck_o0-o0
2548	between	67	74	s	s	0	0	236.94123684384004	s67-s74_cs-cs_o0-o0
2549	between	67	74	s	s	1	1	185.54469359121293	s67-s74_cs-cs_o1-o1
2550	between	67	76	h	h	0	0	132.0859364104103	s67-s76_ch-ch_o0-o0
2551	between	67	76	h	h	1	1	82.68740700144124	s67-s76_ch-ch_o1-o1
2552	between	67	76	k	k	0	0	105.63842303778398	s67-s76_ck-ck_o0-o0
2554	between	67	76	s	s	0	0	142.06752466282578	s67-s76_cs-cs_o0-o0
2555	between	67	76	s	s	1	1	141.46948598644173	s67-s76_cs-cs_o1-o1
2556	between	67	79	h	h	0	0	135.31211474501146	s67-s79_ch-ch_o0-o0
2557	between	67	79	h	h	1	1	119.0370194019871	s67-s79_ch-ch_o1-o1
2558	between	67	79	k	k	0	0	129.32587991293056	s67-s79_ck-ck_o0-o0
2559	between	67	79	k	k	1	1	124.35770919392124	s67-s79_ck-ck_o1-o1
2560	between	67	79	s	s	0	0	168.01543572522652	s67-s79_cs-cs_o0-o0
2561	between	67	79	s	s	1	1	127.7884929993427	s67-s79_cs-cs_o1-o1
2562	between	67	80	h	h	0	0	145.51461344279286	s67-s80_ch-ch_o0-o0
2563	between	67	80	h	h	1	1	99.75805304083445	s67-s80_ch-ch_o1-o1
2564	between	67	80	k	k	0	0	155.1514112974193	s67-s80_ck-ck_o0-o0
2565	between	67	80	k	k	1	1	156.20604755959997	s67-s80_ck-ck_o1-o1
2566	between	67	80	s	s	0	0	150.77506354520517	s67-s80_cs-cs_o0-o0
2567	between	67	80	s	s	1	1	138.56440326976994	s67-s80_cs-cs_o1-o1
2568	between	67	81	h	h	0	0	95.09473290875178	s67-s81_ch-ch_o0-o0
2569	between	67	81	h	h	1	1	76.12626425267075	s67-s81_ch-ch_o1-o1
2570	between	67	81	k	k	0	0	95.92332220531846	s67-s81_ck-ck_o0-o0
2571	between	67	81	k	k	1	1	153.14409111009272	s67-s81_ck-ck_o1-o1
2572	between	67	81	s	s	0	0	215.80922259135045	s67-s81_cs-cs_o0-o0
2573	between	67	81	s	s	1	1	183.41956903240865	s67-s81_cs-cs_o1-o1
2574	between	67	87	h	h	0	0	115.24402185802965	s67-s87_ch-ch_o0-o0
2575	between	67	87	h	h	1	1	95.02185169642044	s67-s87_ch-ch_o1-o1
2576	between	67	87	k	k	0	0	96.99818035728755	s67-s87_ck-ck_o0-o0
2577	between	67	87	k	k	1	1	101.29021878612495	s67-s87_ck-ck_o1-o1
2578	between	67	87	s	s	0	0	212.81014185243268	s67-s87_cs-cs_o0-o0
2579	between	67	87	s	s	1	1	205.07758599810631	s67-s87_cs-cs_o1-o1
2580	between	67	88	h	h	0	0	145.17807433252202	s67-s88_ch-ch_o0-o0
2581	between	67	88	h	h	1	1	147.4078805104226	s67-s88_ch-ch_o1-o1
2582	between	67	88	k	k	0	0	173.08442833200039	s67-s88_ck-ck_o0-o0
2583	between	67	88	k	k	1	1	164.03195997814535	s67-s88_ck-ck_o1-o1
2584	between	67	88	s	s	0	0	229.31343841583274	s67-s88_cs-cs_o0-o0
2585	between	67	88	s	s	1	1	187.57729009518414	s67-s88_cs-cs_o1-o1
2586	between	67	89	h	h	0	0	97.23426956236834	s67-s89_ch-ch_o0-o0
2587	between	67	89	h	h	1	1	101.89787583349606	s67-s89_ch-ch_o1-o1
2588	between	67	89	k	k	0	0	82.66240781233988	s67-s89_ck-ck_o0-o0
2589	between	67	89	k	k	1	1	91.22137253235479	s67-s89_ck-ck_o1-o1
2590	between	67	89	s	s	0	0	151.17221434383512	s67-s89_cs-cs_o0-o0
2591	between	67	89	s	s	1	1	107.77846172027324	s67-s89_cs-cs_o1-o1
2592	between	67	90	h	h	0	0	120.29369216295986	s67-s90_ch-ch_o0-o0
2593	between	67	90	h	h	1	1	110.85861662865318	s67-s90_ch-ch_o1-o1
2594	between	67	90	k	k	0	0	134.30095969091605	s67-s90_ck-ck_o0-o0
2595	between	67	90	k	k	1	1	156.65842999279357	s67-s90_ck-ck_o1-o1
2596	between	67	90	s	s	0	0	136.21688854930042	s67-s90_cs-cs_o0-o0
2597	between	67	90	s	s	1	1	160.2328580231097	s67-s90_cs-cs_o1-o1
2598	between	67	91	h	h	0	0	112.17808601480799	s67-s91_ch-ch_o0-o0
2599	between	67	91	h	h	1	1	104.84132178389225	s67-s91_ch-ch_o1-o1
2600	between	67	91	k	k	0	0	109.6433123009224	s67-s91_ck-ck_o0-o0
2601	between	67	91	k	k	1	1	119.2944625267153	s67-s91_ck-ck_o1-o1
2602	between	67	91	s	s	0	0	213.16099659443648	s67-s91_cs-cs_o0-o0
2603	between	67	91	s	s	1	1	187.54639394438666	s67-s91_cs-cs_o1-o1
2604	between	67	92	h	h	0	0	103.12636245344014	s67-s92_ch-ch_o0-o0
2606	between	67	92	k	k	0	0	107.11823122487726	s67-s92_ck-ck_o0-o0
2607	between	67	92	k	k	1	1	110.16081356639621	s67-s92_ck-ck_o1-o1
2608	between	67	92	s	s	0	0	253.2466194278261	s67-s92_cs-cs_o0-o0
2609	between	67	92	s	s	1	1	126.601426230008	s67-s92_cs-cs_o1-o1
2610	between	67	94	h	h	0	0	119.02561117902994	s67-s94_ch-ch_o0-o0
2611	between	67	94	h	h	1	1	120.36392057512798	s67-s94_ch-ch_o1-o1
2612	between	67	94	k	k	0	0	122.36234722646935	s67-s94_ck-ck_o0-o0
2613	between	67	94	k	k	1	1	131.84548808197303	s67-s94_ck-ck_o1-o1
2614	between	67	94	s	s	0	0	312.8865103240449	s67-s94_cs-cs_o0-o0
2615	between	67	94	s	s	1	1	225.96802856569502	s67-s94_cs-cs_o1-o1
2616	between	67	95	h	h	0	0	94.14822110790716	s67-s95_ch-ch_o0-o0
2617	between	67	95	h	h	1	1	101.24267498971301	s67-s95_ch-ch_o1-o1
2618	between	67	95	k	k	0	0	100.29883309143369	s67-s95_ck-ck_o0-o0
2619	between	67	95	k	k	1	1	91.43050454025084	s67-s95_ck-ck_o1-o1
2620	between	67	95	s	s	0	0	148.8597392984588	s67-s95_cs-cs_o0-o0
2621	between	67	95	s	s	1	1	125.81248546645055	s67-s95_cs-cs_o1-o1
2622	between	67	97	h	h	0	0	89.79681214251521	s67-s97_ch-ch_o0-o0
2623	between	67	97	h	h	1	1	106.65419394180515	s67-s97_ch-ch_o1-o1
2624	between	67	97	k	k	0	0	99.67521103488136	s67-s97_ck-ck_o0-o0
2625	between	67	97	k	k	1	1	122.47646317443701	s67-s97_ck-ck_o1-o1
2626	between	67	97	s	s	0	0	148.7503258887427	s67-s97_cs-cs_o0-o0
2627	between	67	97	s	s	1	1	148.23887416050056	s67-s97_cs-cs_o1-o1
2628	between	67	99	h	h	0	0	102.37453465781616	s67-s99_ch-ch_o0-o0
2629	between	67	99	h	h	1	1	98.01976677715494	s67-s99_ch-ch_o1-o1
2630	between	67	99	k	k	0	0	97.91682987729472	s67-s99_ck-ck_o0-o0
2631	between	67	99	k	k	1	1	146.49100510039142	s67-s99_ck-ck_o1-o1
2632	between	67	99	s	s	0	0	151.93915688063177	s67-s99_cs-cs_o0-o0
2633	between	67	99	s	s	1	1	138.2601896341092	s67-s99_cs-cs_o1-o1
2634	between	74	76	h	h	0	0	188.19735269845776	s74-s76_ch-ch_o0-o0
2635	between	74	76	h	h	1	1	114.97717934421757	s74-s76_ch-ch_o1-o1
2636	between	74	76	k	k	0	0	115.04493792270334	s74-s76_ck-ck_o0-o0
2638	between	74	76	s	s	0	0	188.42022148618918	s74-s76_cs-cs_o0-o0
2639	between	74	76	s	s	1	1	207.1102532004484	s74-s76_cs-cs_o1-o1
2640	between	74	79	h	h	0	0	124.47608662276208	s74-s79_ch-ch_o0-o0
2641	between	74	79	h	h	1	1	110.41729246839463	s74-s79_ch-ch_o1-o1
2642	between	74	79	k	k	0	0	113.35541582543757	s74-s79_ck-ck_o0-o0
2644	between	74	79	s	s	0	0	176.84463487924032	s74-s79_cs-cs_o0-o0
2645	between	74	79	s	s	1	1	139.99891613526577	s74-s79_cs-cs_o1-o1
2646	between	74	80	h	h	0	0	139.57699291090427	s74-s80_ch-ch_o0-o0
2647	between	74	80	h	h	1	1	144.36786705938133	s74-s80_ch-ch_o1-o1
2648	between	74	80	k	k	0	0	143.73566434220228	s74-s80_ck-ck_o0-o0
2650	between	74	80	s	s	0	0	200.00025245135078	s74-s80_cs-cs_o0-o0
2651	between	74	80	s	s	1	1	197.3738048811153	s74-s80_cs-cs_o1-o1
2652	between	74	81	h	h	0	0	141.7433713316499	s74-s81_ch-ch_o0-o0
2653	between	74	81	h	h	1	1	154.9489975294119	s74-s81_ch-ch_o1-o1
2654	between	74	81	k	k	0	0	144.26185111123303	s74-s81_ck-ck_o0-o0
2656	between	74	81	s	s	0	0	256.24057176905694	s74-s81_cs-cs_o0-o0
2657	between	74	81	s	s	1	1	214.6901144714818	s74-s81_cs-cs_o1-o1
2658	between	74	87	h	h	0	0	139.14405709417153	s74-s87_ch-ch_o0-o0
2659	between	74	87	h	h	1	1	154.2271776234953	s74-s87_ch-ch_o1-o1
2660	between	74	87	k	k	0	0	142.66981563286302	s74-s87_ck-ck_o0-o0
2662	between	74	87	s	s	0	0	226.46915992653567	s74-s87_cs-cs_o0-o0
2663	between	74	87	s	s	1	1	216.6684217479002	s74-s87_cs-cs_o1-o1
2664	between	74	88	h	h	0	0	155.22386915279546	s74-s88_ch-ch_o0-o0
2665	between	74	88	h	h	1	1	130.19145904564127	s74-s88_ch-ch_o1-o1
2666	between	74	88	k	k	0	0	158.57415507230039	s74-s88_ck-ck_o0-o0
2668	between	74	88	s	s	0	0	199.27577803394462	s74-s88_cs-cs_o0-o0
2669	between	74	88	s	s	1	1	192.18445322658837	s74-s88_cs-cs_o1-o1
2670	between	74	89	h	h	0	0	115.2498185667998	s74-s89_ch-ch_o0-o0
2671	between	74	89	h	h	1	1	143.247473444647	s74-s89_ch-ch_o1-o1
2672	between	74	89	k	k	0	0	117.97206939373024	s74-s89_ck-ck_o0-o0
2674	between	74	89	s	s	0	0	200.25316599862174	s74-s89_cs-cs_o0-o0
2675	between	74	89	s	s	1	1	167.5469048901922	s74-s89_cs-cs_o1-o1
2676	between	74	90	h	h	0	0	128.83675023906125	s74-s90_ch-ch_o0-o0
2677	between	74	90	h	h	1	1	106.97299080238845	s74-s90_ch-ch_o1-o1
2678	between	74	90	k	k	0	0	143.59401165521612	s74-s90_ck-ck_o0-o0
2680	between	74	90	s	s	0	0	213.69116205716915	s74-s90_cs-cs_o0-o0
2681	between	74	90	s	s	1	1	200.114633593599	s74-s90_cs-cs_o1-o1
2682	between	74	91	h	h	0	0	138.27123281689336	s74-s91_ch-ch_o0-o0
2683	between	74	91	h	h	1	1	129.05124705066655	s74-s91_ch-ch_o1-o1
2684	between	74	91	k	k	0	0	123.32399933437364	s74-s91_ck-ck_o0-o0
2686	between	74	91	s	s	0	0	215.63564687191246	s74-s91_cs-cs_o0-o0
2687	between	74	91	s	s	1	1	219.93323802412672	s74-s91_cs-cs_o1-o1
2688	between	74	92	h	h	0	0	123.40758895012358	s74-s92_ch-ch_o0-o0
2690	between	74	92	k	k	0	0	139.09914725288715	s74-s92_ck-ck_o0-o0
2692	between	74	92	s	s	0	0	295.9635936185008	s74-s92_cs-cs_o0-o0
2693	between	74	92	s	s	1	1	160.00026476380026	s74-s92_cs-cs_o1-o1
2694	between	74	94	h	h	0	0	121.11289178850959	s74-s94_ch-ch_o0-o0
2695	between	74	94	h	h	1	1	147.97312602216925	s74-s94_ch-ch_o1-o1
2696	between	74	94	k	k	0	0	139.19308691378433	s74-s94_ck-ck_o0-o0
2698	between	74	94	s	s	0	0	339.5635987237622	s74-s94_cs-cs_o0-o0
2699	between	74	94	s	s	1	1	214.92662355918608	s74-s94_cs-cs_o1-o1
2700	between	74	95	h	h	0	0	111.91940004793844	s74-s95_ch-ch_o0-o0
2701	between	74	95	h	h	1	1	117.31754465336525	s74-s95_ch-ch_o1-o1
2702	between	74	95	k	k	0	0	101.25459613330945	s74-s95_ck-ck_o0-o0
2704	between	74	95	s	s	0	0	158.2405899661193	s74-s95_cs-cs_o0-o0
2705	between	74	95	s	s	1	1	156.4750354799012	s74-s95_cs-cs_o1-o1
2706	between	74	97	h	h	0	0	141.04025104410772	s74-s97_ch-ch_o0-o0
2707	between	74	97	h	h	1	1	159.5425180371809	s74-s97_ch-ch_o1-o1
2708	between	74	97	k	k	0	0	136.59900893152633	s74-s97_ck-ck_o0-o0
2710	between	74	97	s	s	0	0	185.40533808386445	s74-s97_cs-cs_o0-o0
2711	between	74	97	s	s	1	1	154.77319689021303	s74-s97_cs-cs_o1-o1
2712	between	74	99	h	h	0	0	119.42355070689965	s74-s99_ch-ch_o0-o0
2713	between	74	99	h	h	1	1	117.46639372960989	s74-s99_ch-ch_o1-o1
2714	between	74	99	k	k	0	0	104.89639276943797	s74-s99_ck-ck_o0-o0
2716	between	74	99	s	s	0	0	208.08320748743245	s74-s99_cs-cs_o0-o0
2717	between	74	99	s	s	1	1	155.25751675177838	s74-s99_cs-cs_o1-o1
2718	between	76	79	h	h	0	0	168.56137016233228	s76-s79_ch-ch_o0-o0
2719	between	76	79	h	h	1	1	112.91092540055975	s76-s79_ch-ch_o1-o1
2720	between	76	79	k	k	0	0	120.58173114607013	s76-s79_ck-ck_o0-o0
2722	between	76	79	s	s	0	0	148.45814163788827	s76-s79_cs-cs_o0-o0
2723	between	76	79	s	s	1	1	148.03513402072272	s76-s79_cs-cs_o1-o1
2724	between	76	80	h	h	0	0	177.39456966881403	s76-s80_ch-ch_o0-o0
2725	between	76	80	h	h	1	1	103.20128178579984	s76-s80_ch-ch_o1-o1
2726	between	76	80	k	k	0	0	161.05457303878939	s76-s80_ck-ck_o0-o0
2728	between	76	80	s	s	0	0	130.64776160694856	s76-s80_cs-cs_o0-o0
2729	between	76	80	s	s	1	1	116.95343896471326	s76-s80_cs-cs_o1-o1
2730	between	76	81	h	h	0	0	153.9265811099227	s76-s81_ch-ch_o0-o0
2731	between	76	81	h	h	1	1	99.5913490001636	s76-s81_ch-ch_o1-o1
2732	between	76	81	k	k	0	0	120.55023502746	s76-s81_ck-ck_o0-o0
2734	between	76	81	s	s	0	0	156.97859657993087	s76-s81_cs-cs_o0-o0
2735	between	76	81	s	s	1	1	179.35556228497148	s76-s81_cs-cs_o1-o1
2736	between	76	87	h	h	0	0	160.184578938587	s76-s87_ch-ch_o0-o0
2737	between	76	87	h	h	1	1	86.58722817164436	s76-s87_ch-ch_o1-o1
2738	between	76	87	k	k	0	0	103.00033478851198	s76-s87_ck-ck_o0-o0
2740	between	76	87	s	s	0	0	188.42255441862082	s76-s87_cs-cs_o0-o0
2741	between	76	87	s	s	1	1	228.37859905868115	s76-s87_cs-cs_o1-o1
2742	between	76	88	h	h	0	0	166.90758695433746	s76-s88_ch-ch_o0-o0
2743	between	76	88	h	h	1	1	125.16962696786139	s76-s88_ch-ch_o1-o1
2744	between	76	88	k	k	0	0	155.1115544659953	s76-s88_ck-ck_o0-o0
2746	between	76	88	s	s	0	0	206.06238530580416	s76-s88_cs-cs_o0-o0
2747	between	76	88	s	s	1	1	192.38346358542236	s76-s88_cs-cs_o1-o1
2748	between	76	89	h	h	0	0	139.74819981274177	s76-s89_ch-ch_o0-o0
2749	between	76	89	h	h	1	1	86.19857906233301	s76-s89_ch-ch_o1-o1
2750	between	76	89	k	k	0	0	89.97213261483286	s76-s89_ck-ck_o0-o0
2752	between	76	89	s	s	0	0	133.18567129795903	s76-s89_cs-cs_o0-o0
2753	between	76	89	s	s	1	1	112.30272811726086	s76-s89_cs-cs_o1-o1
2754	between	76	90	h	h	0	0	173.3730786585565	s76-s90_ch-ch_o0-o0
2755	between	76	90	h	h	1	1	93.69944679173491	s76-s90_ch-ch_o1-o1
2756	between	76	90	k	k	0	0	145.53731705618245	s76-s90_ck-ck_o0-o0
2758	between	76	90	s	s	0	0	151.90252496901536	s76-s90_cs-cs_o0-o0
2759	between	76	90	s	s	1	1	184.52096345431102	s76-s90_cs-cs_o1-o1
2760	between	76	91	h	h	0	0	138.73461744988262	s76-s91_ch-ch_o0-o0
2761	between	76	91	h	h	1	1	88.83407469556195	s76-s91_ch-ch_o1-o1
2762	between	76	91	k	k	0	0	105.90534112314752	s76-s91_ck-ck_o0-o0
2764	between	76	91	s	s	0	0	202.87092207273474	s76-s91_cs-cs_o0-o0
2765	between	76	91	s	s	1	1	228.2127856312101	s76-s91_cs-cs_o1-o1
2766	between	76	92	h	h	0	0	162.15522883064574	s76-s92_ch-ch_o0-o0
2768	between	76	92	k	k	0	0	127.0540378527302	s76-s92_ck-ck_o0-o0
2770	between	76	92	s	s	0	0	235.35482202215323	s76-s92_cs-cs_o0-o0
2771	between	76	92	s	s	1	1	136.46087497679127	s76-s92_cs-cs_o1-o1
2772	between	76	94	h	h	0	0	159.23693664119065	s76-s94_ch-ch_o0-o0
2773	between	76	94	h	h	1	1	116.14211630938985	s76-s94_ch-ch_o1-o1
2774	between	76	94	k	k	0	0	123.78134485099729	s76-s94_ck-ck_o0-o0
2776	between	76	94	s	s	0	0	283.0075402758501	s76-s94_cs-cs_o0-o0
2777	between	76	94	s	s	1	1	253.9138662123307	s76-s94_cs-cs_o1-o1
2778	between	76	95	h	h	0	0	142.65024893302493	s76-s95_ch-ch_o0-o0
2779	between	76	95	h	h	1	1	78.36532228026688	s76-s95_ch-ch_o1-o1
2780	between	76	95	k	k	0	0	108.94155529233308	s76-s95_ck-ck_o0-o0
2782	between	76	95	s	s	0	0	126.72831672512837	s76-s95_cs-cs_o0-o0
2783	between	76	95	s	s	1	1	151.85659711843215	s76-s95_cs-cs_o1-o1
2784	between	76	97	h	h	0	0	146.12093901774566	s76-s97_ch-ch_o0-o0
2785	between	76	97	h	h	1	1	112.15925932211637	s76-s97_ch-ch_o1-o1
2786	between	76	97	k	k	0	0	134.86194815119546	s76-s97_ck-ck_o0-o0
2788	between	76	97	s	s	0	0	139.598077939623	s76-s97_cs-cs_o0-o0
2789	between	76	97	s	s	1	1	141.487757010168	s76-s97_cs-cs_o1-o1
2790	between	76	99	h	h	0	0	149.69394840757707	s76-s99_ch-ch_o0-o0
2791	between	76	99	h	h	1	1	91.08814891042029	s76-s99_ch-ch_o1-o1
2792	between	76	99	k	k	0	0	92.38046352656853	s76-s99_ck-ck_o0-o0
2794	between	76	99	s	s	0	0	139.81416619998834	s76-s99_cs-cs_o0-o0
2795	between	76	99	s	s	1	1	147.93969274731464	s76-s99_cs-cs_o1-o1
2796	between	79	80	h	h	0	0	118.28487479312264	s79-s80_ch-ch_o0-o0
2797	between	79	80	h	h	1	1	116.36140737975562	s79-s80_ch-ch_o1-o1
2798	between	79	80	k	k	0	0	110.76195257331463	s79-s80_ck-ck_o0-o0
2799	between	79	80	k	k	1	1	134.84262637882878	s79-s80_ck-ck_o1-o1
2800	between	79	80	s	s	0	0	136.32174658062544	s79-s80_cs-cs_o0-o0
2801	between	79	80	s	s	1	1	120.42167771121679	s79-s80_cs-cs_o1-o1
2802	between	79	81	h	h	0	0	124.91655438339595	s79-s81_ch-ch_o0-o0
2803	between	79	81	h	h	1	1	125.02623764712166	s79-s81_ch-ch_o1-o1
2804	between	79	81	k	k	0	0	128.3011255189491	s79-s81_ck-ck_o0-o0
2805	between	79	81	k	k	1	1	151.58610370710971	s79-s81_ck-ck_o1-o1
2806	between	79	81	s	s	0	0	188.6087471116446	s79-s81_cs-cs_o0-o0
2807	between	79	81	s	s	1	1	175.2877590470719	s79-s81_cs-cs_o1-o1
2808	between	79	87	h	h	0	0	135.6876160892979	s79-s87_ch-ch_o0-o0
2809	between	79	87	h	h	1	1	136.55301706734775	s79-s87_ch-ch_o1-o1
2810	between	79	87	k	k	0	0	137.8205891094067	s79-s87_ck-ck_o0-o0
2811	between	79	87	k	k	1	1	152.52137195718475	s79-s87_ck-ck_o1-o1
2812	between	79	87	s	s	0	0	193.51638462231327	s79-s87_cs-cs_o0-o0
2813	between	79	87	s	s	1	1	195.76589067469814	s79-s87_cs-cs_o1-o1
2814	between	79	88	h	h	0	0	124.26335899199596	s79-s88_ch-ch_o0-o0
2815	between	79	88	h	h	1	1	126.37769293713588	s79-s88_ch-ch_o1-o1
2816	between	79	88	k	k	0	0	137.64566894235168	s79-s88_ck-ck_o0-o0
2817	between	79	88	k	k	1	1	138.6040026547963	s79-s88_ck-ck_o1-o1
2818	between	79	88	s	s	0	0	201.4471327383895	s79-s88_cs-cs_o0-o0
2819	between	79	88	s	s	1	1	165.11828530964002	s79-s88_cs-cs_o1-o1
2820	between	79	89	h	h	0	0	119.86400956612599	s79-s89_ch-ch_o0-o0
2821	between	79	89	h	h	1	1	119.88737673054078	s79-s89_ch-ch_o1-o1
2822	between	79	89	k	k	0	0	103.89999796017572	s79-s89_ck-ck_o0-o0
2823	between	79	89	k	k	1	1	123.14085586479966	s79-s89_ck-ck_o1-o1
2824	between	79	89	s	s	0	0	137.05086246499724	s79-s89_cs-cs_o0-o0
2825	between	79	89	s	s	1	1	103.95979970816104	s79-s89_cs-cs_o1-o1
2826	between	79	90	h	h	0	0	112.18350652693515	s79-s90_ch-ch_o0-o0
2827	between	79	90	h	h	1	1	123.64604529843062	s79-s90_ch-ch_o1-o1
2828	between	79	90	k	k	0	0	129.84755852028226	s79-s90_ck-ck_o0-o0
2829	between	79	90	k	k	1	1	150.86806600705768	s79-s90_ck-ck_o1-o1
2830	between	79	90	s	s	0	0	165.03373801812631	s79-s90_cs-cs_o0-o0
2831	between	79	90	s	s	1	1	155.48077471581436	s79-s90_cs-cs_o1-o1
2832	between	79	91	h	h	0	0	129.558794449685	s79-s91_ch-ch_o0-o0
2833	between	79	91	h	h	1	1	114.14982769145065	s79-s91_ch-ch_o1-o1
2834	between	79	91	k	k	0	0	125.67021879260781	s79-s91_ck-ck_o0-o0
2835	between	79	91	k	k	1	1	156.51481006258595	s79-s91_ck-ck_o1-o1
2836	between	79	91	s	s	0	0	215.63064878811252	s79-s91_cs-cs_o0-o0
2837	between	79	91	s	s	1	1	195.38187755585753	s79-s91_cs-cs_o1-o1
2838	between	79	92	h	h	0	0	117.5678533932372	s79-s92_ch-ch_o0-o0
2840	between	79	92	k	k	0	0	132.34423663329895	s79-s92_ck-ck_o0-o0
2841	between	79	92	k	k	1	1	135.91122782993287	s79-s92_ck-ck_o1-o1
2842	between	79	92	s	s	0	0	262.82470673547795	s79-s92_cs-cs_o0-o0
2843	between	79	92	s	s	1	1	132.41680572365473	s79-s92_cs-cs_o1-o1
2844	between	79	94	h	h	0	0	130.95994177708485	s79-s94_ch-ch_o0-o0
2845	between	79	94	h	h	1	1	128.43606352478395	s79-s94_ch-ch_o1-o1
2846	between	79	94	k	k	0	0	133.52664205954403	s79-s94_ck-ck_o0-o0
2847	between	79	94	k	k	1	1	156.46518513426838	s79-s94_ck-ck_o1-o1
2848	between	79	94	s	s	0	0	288.9165034101421	s79-s94_cs-cs_o0-o0
2849	between	79	94	s	s	1	1	204.08572926480142	s79-s94_cs-cs_o1-o1
2850	between	79	95	h	h	0	0	108.66944329569286	s79-s95_ch-ch_o0-o0
2851	between	79	95	h	h	1	1	110.9887215606164	s79-s95_ch-ch_o1-o1
2852	between	79	95	k	k	0	0	104.45695006839425	s79-s95_ck-ck_o0-o0
2853	between	79	95	k	k	1	1	114.28153480638686	s79-s95_ck-ck_o1-o1
2854	between	79	95	s	s	0	0	127.28349194324876	s79-s95_cs-cs_o0-o0
2855	between	79	95	s	s	1	1	127.05873539181752	s79-s95_cs-cs_o1-o1
2856	between	79	97	h	h	0	0	140.71064835812177	s79-s97_ch-ch_o0-o0
2857	between	79	97	h	h	1	1	136.3014076957984	s79-s97_ch-ch_o1-o1
2858	between	79	97	k	k	0	0	146.23546093359036	s79-s97_ck-ck_o0-o0
2859	between	79	97	k	k	1	1	154.58742537094275	s79-s97_ck-ck_o1-o1
2860	between	79	97	s	s	0	0	143.36220889119195	s79-s97_cs-cs_o0-o0
2861	between	79	97	s	s	1	1	130.64099815988246	s79-s97_cs-cs_o1-o1
2862	between	79	99	h	h	0	0	113.19383373122125	s79-s99_ch-ch_o0-o0
2863	between	79	99	h	h	1	1	99.49854413520872	s79-s99_ch-ch_o1-o1
2864	between	79	99	k	k	0	0	118.32919204173196	s79-s99_ck-ck_o0-o0
2865	between	79	99	k	k	1	1	138.1739904693628	s79-s99_ck-ck_o1-o1
2866	between	79	99	s	s	0	0	134.10815830432267	s79-s99_cs-cs_o0-o0
2867	between	79	99	s	s	1	1	123.60324205445845	s79-s99_cs-cs_o1-o1
2868	between	80	81	h	h	0	0	119.7004568262194	s80-s81_ch-ch_o0-o0
2869	between	80	81	h	h	1	1	113.6943696092199	s80-s81_ch-ch_o1-o1
2870	between	80	81	k	k	0	0	158.34581349710916	s80-s81_ck-ck_o0-o0
2871	between	80	81	k	k	1	1	208.9836641101386	s80-s81_ck-ck_o1-o1
2872	between	80	81	s	s	0	0	174.49550705790693	s80-s81_cs-cs_o0-o0
2873	between	80	81	s	s	1	1	182.59378125651943	s80-s81_cs-cs_o1-o1
2874	between	80	87	h	h	0	0	175.31100997532587	s80-s87_ch-ch_o0-o0
2875	between	80	87	h	h	1	1	143.4388265985427	s80-s87_ch-ch_o1-o1
2876	between	80	87	k	k	0	0	170.56627447226487	s80-s87_ck-ck_o0-o0
2877	between	80	87	k	k	1	1	183.70800537226725	s80-s87_ck-ck_o1-o1
2878	between	80	87	s	s	0	0	192.82332244004732	s80-s87_cs-cs_o0-o0
2879	between	80	87	s	s	1	1	230.58754524207984	s80-s87_cs-cs_o1-o1
2880	between	80	88	h	h	0	0	157.7549292005935	s80-s88_ch-ch_o0-o0
2881	between	80	88	h	h	1	1	142.72774781650003	s80-s88_ch-ch_o1-o1
2882	between	80	88	k	k	0	0	175.5977936479891	s80-s88_ck-ck_o0-o0
2883	between	80	88	k	k	1	1	188.3675822370768	s80-s88_ck-ck_o1-o1
2884	between	80	88	s	s	0	0	210.57976437453993	s80-s88_cs-cs_o0-o0
2885	between	80	88	s	s	1	1	182.16882023022285	s80-s88_cs-cs_o1-o1
2886	between	80	89	h	h	0	0	162.74399405821814	s80-s89_ch-ch_o0-o0
2887	between	80	89	h	h	1	1	140.49705216620566	s80-s89_ch-ch_o1-o1
2888	between	80	89	k	k	0	0	147.64763380091932	s80-s89_ck-ck_o0-o0
2889	between	80	89	k	k	1	1	150.8089644508888	s80-s89_ck-ck_o1-o1
2890	between	80	89	s	s	0	0	133.82295339372618	s80-s89_cs-cs_o0-o0
2891	between	80	89	s	s	1	1	107.62735030654454	s80-s89_cs-cs_o1-o1
2892	between	80	90	h	h	0	0	123.82871845090422	s80-s90_ch-ch_o0-o0
2893	between	80	90	h	h	1	1	136.01530178540406	s80-s90_ch-ch_o1-o1
2894	between	80	90	k	k	0	0	135.26628976202792	s80-s90_ck-ck_o0-o0
2895	between	80	90	k	k	1	1	182.36494261188903	s80-s90_ck-ck_o1-o1
2896	between	80	90	s	s	0	0	166.378895528954	s80-s90_cs-cs_o0-o0
2897	between	80	90	s	s	1	1	193.5547425765188	s80-s90_cs-cs_o1-o1
2898	between	80	91	h	h	0	0	163.73688862266798	s80-s91_ch-ch_o0-o0
2899	between	80	91	h	h	1	1	128.61256379956797	s80-s91_ch-ch_o1-o1
2900	between	80	91	k	k	0	0	167.1022527869918	s80-s91_ck-ck_o0-o0
2901	between	80	91	k	k	1	1	193.01502855460862	s80-s91_ck-ck_o1-o1
2902	between	80	91	s	s	0	0	221.87172991202135	s80-s91_cs-cs_o0-o0
2903	between	80	91	s	s	1	1	220.3211548226736	s80-s91_cs-cs_o1-o1
2904	between	80	92	h	h	0	0	128.0887675697031	s80-s92_ch-ch_o0-o0
2906	between	80	92	k	k	0	0	162.01655080817545	s80-s92_ck-ck_o0-o0
2907	between	80	92	k	k	1	1	176.6959475868504	s80-s92_ck-ck_o1-o1
2908	between	80	92	s	s	0	0	267.02570330354644	s80-s92_cs-cs_o0-o0
2909	between	80	92	s	s	1	1	136.3295980527309	s80-s92_cs-cs_o1-o1
2910	between	80	94	h	h	0	0	175.41048917649442	s80-s94_ch-ch_o0-o0
2911	between	80	94	h	h	1	1	145.16472381693603	s80-s94_ch-ch_o1-o1
2912	between	80	94	k	k	0	0	177.6885743226979	s80-s94_ck-ck_o0-o0
2913	between	80	94	k	k	1	1	203.80208433134518	s80-s94_ck-ck_o1-o1
2914	between	80	94	s	s	0	0	300.6695821973116	s80-s94_cs-cs_o0-o0
2915	between	80	94	s	s	1	1	231.80265144603902	s80-s94_cs-cs_o1-o1
2916	between	80	95	h	h	0	0	137.7054768411999	s80-s95_ch-ch_o0-o0
2917	between	80	95	h	h	1	1	120.62795245654596	s80-s95_ch-ch_o1-o1
2918	between	80	95	k	k	0	0	138.07523810310383	s80-s95_ck-ck_o0-o0
2919	between	80	95	k	k	1	1	152.6706255707135	s80-s95_ck-ck_o1-o1
2920	between	80	95	s	s	0	0	133.03941662276983	s80-s95_cs-cs_o0-o0
2921	between	80	95	s	s	1	1	156.85735664434108	s80-s95_cs-cs_o1-o1
2922	between	80	97	h	h	0	0	151.99149726959698	s80-s97_ch-ch_o0-o0
2923	between	80	97	h	h	1	1	123.79794372699341	s80-s97_ch-ch_o1-o1
2924	between	80	97	k	k	0	0	160.51720051325697	s80-s97_ck-ck_o0-o0
2925	between	80	97	k	k	1	1	178.34791679716338	s80-s97_ck-ck_o1-o1
2926	between	80	97	s	s	0	0	150.41799844226088	s80-s97_cs-cs_o0-o0
2927	between	80	97	s	s	1	1	119.86425139249026	s80-s97_cs-cs_o1-o1
2928	between	80	99	h	h	0	0	143.65132913377371	s80-s99_ch-ch_o0-o0
2929	between	80	99	h	h	1	1	112.56468319978859	s80-s99_ch-ch_o1-o1
2930	between	80	99	k	k	0	0	161.1611655093355	s80-s99_ck-ck_o0-o0
2931	between	80	99	k	k	1	1	181.34025851640783	s80-s99_ck-ck_o1-o1
2932	between	80	99	s	s	0	0	137.36723143754213	s80-s99_cs-cs_o0-o0
2933	between	80	99	s	s	1	1	143.40703530767638	s80-s99_cs-cs_o1-o1
2934	between	81	87	h	h	0	0	131.1396018997645	s81-s87_ch-ch_o0-o0
2935	between	81	87	h	h	1	1	111.79750041914522	s81-s87_ch-ch_o1-o1
2936	between	81	87	k	k	0	0	112.71024059227638	s81-s87_ck-ck_o0-o0
2937	between	81	87	k	k	1	1	141.28622637178725	s81-s87_ck-ck_o1-o1
2938	between	81	87	s	s	0	0	204.62666589865452	s81-s87_cs-cs_o0-o0
2939	between	81	87	s	s	1	1	229.81450181477084	s81-s87_cs-cs_o1-o1
2940	between	81	88	h	h	0	0	149.26451077187528	s81-s88_ch-ch_o0-o0
2941	between	81	88	h	h	1	1	158.2849009630356	s81-s88_ch-ch_o1-o1
2942	between	81	88	k	k	0	0	182.78379344193374	s81-s88_ck-ck_o0-o0
2943	between	81	88	k	k	1	1	175.77304722681816	s81-s88_ck-ck_o1-o1
2944	between	81	88	s	s	0	0	284.01962711311506	s81-s88_cs-cs_o0-o0
2945	between	81	88	s	s	1	1	218.91384585420542	s81-s88_cs-cs_o1-o1
2946	between	81	89	h	h	0	0	124.48036821585511	s81-s89_ch-ch_o0-o0
2947	between	81	89	h	h	1	1	121.08703773835123	s81-s89_ch-ch_o1-o1
2948	between	81	89	k	k	0	0	112.74020263872092	s81-s89_ck-ck_o0-o0
2949	between	81	89	k	k	1	1	139.4205961311207	s81-s89_ck-ck_o1-o1
2950	between	81	89	s	s	0	0	159.48053017294902	s81-s89_cs-cs_o0-o0
2951	between	81	89	s	s	1	1	151.29927751826253	s81-s89_cs-cs_o1-o1
2952	between	81	90	h	h	0	0	114.2464034375454	s81-s90_ch-ch_o0-o0
2953	between	81	90	h	h	1	1	122.69103867106979	s81-s90_ch-ch_o1-o1
2954	between	81	90	k	k	0	0	140.52851770788482	s81-s90_ck-ck_o0-o0
2955	between	81	90	k	k	1	1	182.75925071423794	s81-s90_ck-ck_o1-o1
2956	between	81	90	s	s	0	0	210.69122366040642	s81-s90_cs-cs_o0-o0
2957	between	81	90	s	s	1	1	258.573305822525	s81-s90_cs-cs_o1-o1
2958	between	81	91	h	h	0	0	126.97134401299392	s81-s91_ch-ch_o0-o0
2959	between	81	91	h	h	1	1	120.95395077450881	s81-s91_ch-ch_o1-o1
2960	between	81	91	k	k	0	0	126.5720093309765	s81-s91_ck-ck_o0-o0
2961	between	81	91	k	k	1	1	150.59777163600532	s81-s91_ck-ck_o1-o1
2962	between	81	91	s	s	0	0	276.8873179150793	s81-s91_cs-cs_o0-o0
2963	between	81	91	s	s	1	1	269.56012304328107	s81-s91_cs-cs_o1-o1
2964	between	81	92	h	h	0	0	107.23246514972988	s81-s92_ch-ch_o0-o0
2966	between	81	92	k	k	0	0	121.74417635031504	s81-s92_ck-ck_o0-o0
2967	between	81	92	k	k	1	1	138.89280356174032	s81-s92_ck-ck_o1-o1
2968	between	81	92	s	s	0	0	285.12387578686497	s81-s92_cs-cs_o0-o0
2969	between	81	92	s	s	1	1	177.8002095260479	s81-s92_cs-cs_o1-o1
2970	between	81	94	h	h	0	0	141.19348768373624	s81-s94_ch-ch_o0-o0
2971	between	81	94	h	h	1	1	134.2202955829597	s81-s94_ch-ch_o1-o1
2972	between	81	94	k	k	0	0	137.15281010441555	s81-s94_ck-ck_o0-o0
2973	between	81	94	k	k	1	1	151.44684720057697	s81-s94_ck-ck_o1-o1
2974	between	81	94	s	s	0	0	285.9055077861393	s81-s94_cs-cs_o0-o0
2975	between	81	94	s	s	1	1	294.41777822758826	s81-s94_cs-cs_o1-o1
2976	between	81	95	h	h	0	0	113.42972342541741	s81-s95_ch-ch_o0-o0
2977	between	81	95	h	h	1	1	112.61993635537627	s81-s95_ch-ch_o1-o1
2978	between	81	95	k	k	0	0	123.56441202640602	s81-s95_ck-ck_o0-o0
2979	between	81	95	k	k	1	1	136.39579519363562	s81-s95_ck-ck_o1-o1
2980	between	81	95	s	s	0	0	173.28155319448445	s81-s95_cs-cs_o0-o0
2981	between	81	95	s	s	1	1	178.34049388525838	s81-s95_cs-cs_o1-o1
2982	between	81	97	h	h	0	0	115.71715539767268	s81-s97_ch-ch_o0-o0
2983	between	81	97	h	h	1	1	126.41809667318006	s81-s97_ch-ch_o1-o1
2984	between	81	97	k	k	0	0	120.36710739027296	s81-s97_ck-ck_o0-o0
2985	between	81	97	k	k	1	1	153.9405479403652	s81-s97_ck-ck_o1-o1
2986	between	81	97	s	s	0	0	197.1263726985257	s81-s97_cs-cs_o0-o0
2987	between	81	97	s	s	1	1	169.34905244614268	s81-s97_cs-cs_o1-o1
2988	between	81	99	h	h	0	0	112.13317294877513	s81-s99_ch-ch_o0-o0
2989	between	81	99	h	h	1	1	103.14548097167481	s81-s99_ch-ch_o1-o1
2990	between	81	99	k	k	0	0	122.92951527203577	s81-s99_ck-ck_o0-o0
2991	between	81	99	k	k	1	1	150.3732445581742	s81-s99_ck-ck_o1-o1
2992	between	81	99	s	s	0	0	133.84833514377252	s81-s99_cs-cs_o0-o0
2993	between	81	99	s	s	1	1	171.1122934136468	s81-s99_cs-cs_o1-o1
2994	between	87	88	h	h	0	0	158.30405642177635	s87-s88_ch-ch_o0-o0
2995	between	87	88	h	h	1	1	159.74094818037926	s87-s88_ch-ch_o1-o1
2996	between	87	88	k	k	0	0	180.25603392430554	s87-s88_ck-ck_o0-o0
2997	between	87	88	k	k	1	1	152.2974795843632	s87-s88_ck-ck_o1-o1
2998	between	87	88	s	s	0	0	274.88040362923687	s87-s88_cs-cs_o0-o0
2999	between	87	88	s	s	1	1	242.75665711273538	s87-s88_cs-cs_o1-o1
3000	between	87	89	h	h	0	0	98.60109924963112	s87-s89_ch-ch_o0-o0
3001	between	87	89	h	h	1	1	74.14506610468995	s87-s89_ch-ch_o1-o1
3002	between	87	89	k	k	0	0	94.09297898824781	s87-s89_ck-ck_o0-o0
3003	between	87	89	k	k	1	1	95.84083139364732	s87-s89_ck-ck_o1-o1
3004	between	87	89	s	s	0	0	183.23089730893744	s87-s89_cs-cs_o0-o0
3005	between	87	89	s	s	1	1	184.4875101094981	s87-s89_cs-cs_o1-o1
3006	between	87	90	h	h	0	0	146.54555018737832	s87-s90_ch-ch_o0-o0
3007	between	87	90	h	h	1	1	106.57216813327881	s87-s90_ch-ch_o1-o1
3008	between	87	90	k	k	0	0	137.55541904179634	s87-s90_ck-ck_o0-o0
3009	between	87	90	k	k	1	1	164.13307640731284	s87-s90_ck-ck_o1-o1
3010	between	87	90	s	s	0	0	185.10546636521437	s87-s90_cs-cs_o0-o0
3011	between	87	90	s	s	1	1	202.61470574660353	s87-s90_cs-cs_o1-o1
3012	between	87	91	h	h	0	0	126.93451155306339	s87-s91_ch-ch_o0-o0
3013	between	87	91	h	h	1	1	93.10024808656966	s87-s91_ch-ch_o1-o1
3014	between	87	91	k	k	0	0	119.12486314395595	s87-s91_ck-ck_o0-o0
3015	between	87	91	k	k	1	1	109.79227585366377	s87-s91_ck-ck_o1-o1
3016	between	87	91	s	s	0	0	246.00500284988027	s87-s91_cs-cs_o0-o0
3017	between	87	91	s	s	1	1	270.4730197001118	s87-s91_cs-cs_o1-o1
3018	between	87	92	h	h	0	0	119.8743435601153	s87-s92_ch-ch_o0-o0
3020	between	87	92	k	k	0	0	123.56233400076933	s87-s92_ck-ck_o0-o0
3021	between	87	92	k	k	1	1	107.58108196639341	s87-s92_ck-ck_o1-o1
3022	between	87	92	s	s	0	0	238.26388849161404	s87-s92_cs-cs_o0-o0
3023	between	87	92	s	s	1	1	195.7419184041417	s87-s92_cs-cs_o1-o1
3024	between	87	94	h	h	0	0	119.76464915062222	s87-s94_ch-ch_o0-o0
3025	between	87	94	h	h	1	1	108.85279821890465	s87-s94_ch-ch_o1-o1
3026	between	87	94	k	k	0	0	133.69715887482639	s87-s94_ck-ck_o0-o0
3027	between	87	94	k	k	1	1	102.78532278114837	s87-s94_ck-ck_o1-o1
3028	between	87	94	s	s	0	0	290.136241172538	s87-s94_cs-cs_o0-o0
3029	between	87	94	s	s	1	1	259.88012490423705	s87-s94_cs-cs_o1-o1
3030	between	87	95	h	h	0	0	107.50620187661595	s87-s95_ch-ch_o0-o0
3031	between	87	95	h	h	1	1	98.09340903082561	s87-s95_ch-ch_o1-o1
3032	between	87	95	k	k	0	0	117.6947407712221	s87-s95_ck-ck_o0-o0
3033	between	87	95	k	k	1	1	103.98002964991466	s87-s95_ck-ck_o1-o1
3034	between	87	95	s	s	0	0	188.19323094532055	s87-s95_cs-cs_o0-o0
3035	between	87	95	s	s	1	1	192.6080228940681	s87-s95_cs-cs_o1-o1
3036	between	87	97	h	h	0	0	122.60274110329183	s87-s97_ch-ch_o0-o0
3037	between	87	97	h	h	1	1	117.96509294863881	s87-s97_ch-ch_o1-o1
3038	between	87	97	k	k	0	0	119.25671621556012	s87-s97_ck-ck_o0-o0
3039	between	87	97	k	k	1	1	128.4866457663791	s87-s97_ck-ck_o1-o1
3040	between	87	97	s	s	0	0	162.54962990334192	s87-s97_cs-cs_o0-o0
3041	between	87	97	s	s	1	1	202.11038045848574	s87-s97_cs-cs_o1-o1
3042	between	87	99	h	h	0	0	124.33283726082009	s87-s99_ch-ch_o0-o0
3043	between	87	99	h	h	1	1	105.44681162629003	s87-s99_ch-ch_o1-o1
3044	between	87	99	k	k	0	0	106.2199637172467	s87-s99_ck-ck_o0-o0
3045	between	87	99	k	k	1	1	151.49078816324425	s87-s99_ck-ck_o1-o1
3046	between	87	99	s	s	0	0	162.72525083025053	s87-s99_cs-cs_o0-o0
3047	between	87	99	s	s	1	1	197.67112374658876	s87-s99_cs-cs_o1-o1
3048	between	88	89	h	h	0	0	139.5210300541091	s88-s89_ch-ch_o0-o0
3049	between	88	89	h	h	1	1	145.8760218669034	s88-s89_ch-ch_o1-o1
3050	between	88	89	k	k	0	0	148.69013468027944	s88-s89_ck-ck_o0-o0
3051	between	88	89	k	k	1	1	133.6823256170428	s88-s89_ck-ck_o1-o1
3052	between	88	89	s	s	0	0	229.16728420582194	s88-s89_cs-cs_o0-o0
3053	between	88	89	s	s	1	1	163.84909436041443	s88-s89_cs-cs_o1-o1
3054	between	88	90	h	h	0	0	151.82979648679554	s88-s90_ch-ch_o0-o0
3055	between	88	90	h	h	1	1	133.13629519577944	s88-s90_ch-ch_o1-o1
3056	between	88	90	k	k	0	0	186.37778809902733	s88-s90_ck-ck_o0-o0
3057	between	88	90	k	k	1	1	182.65753990258185	s88-s90_ck-ck_o1-o1
3058	between	88	90	s	s	0	0	223.503315731524	s88-s90_cs-cs_o0-o0
3059	between	88	90	s	s	1	1	196.5565426193006	s88-s90_cs-cs_o1-o1
3060	between	88	91	h	h	0	0	122.91992358398225	s88-s91_ch-ch_o0-o0
3061	between	88	91	h	h	1	1	130.36507154806077	s88-s91_ch-ch_o1-o1
3062	between	88	91	k	k	0	0	146.95722834931235	s88-s91_ck-ck_o0-o0
3063	between	88	91	k	k	1	1	154.9061547965539	s88-s91_ck-ck_o1-o1
3064	between	88	91	s	s	0	0	235.14109896821853	s88-s91_cs-cs_o0-o0
3065	between	88	91	s	s	1	1	215.98348256425052	s88-s91_cs-cs_o1-o1
3066	between	88	92	h	h	0	0	143.88694188267357	s88-s92_ch-ch_o0-o0
3068	between	88	92	k	k	0	0	163.55899856555342	s88-s92_ck-ck_o0-o0
3069	between	88	92	k	k	1	1	161.09729167602868	s88-s92_ck-ck_o1-o1
3070	between	88	92	s	s	0	0	276.3734713509985	s88-s92_cs-cs_o0-o0
3071	between	88	92	s	s	1	1	179.45858404308686	s88-s92_cs-cs_o1-o1
3072	between	88	94	h	h	0	0	137.8181761620576	s88-s94_ch-ch_o0-o0
3073	between	88	94	h	h	1	1	148.64342701070365	s88-s94_ch-ch_o1-o1
3074	between	88	94	k	k	0	0	162.1982866323834	s88-s94_ck-ck_o0-o0
3075	between	88	94	k	k	1	1	164.5730623934619	s88-s94_ck-ck_o1-o1
3076	between	88	94	s	s	0	0	349.0522431422932	s88-s94_cs-cs_o0-o0
3077	between	88	94	s	s	1	1	231.864374628284	s88-s94_cs-cs_o1-o1
3078	between	88	95	h	h	0	0	136.10084520852067	s88-s95_ch-ch_o0-o0
3079	between	88	95	h	h	1	1	124.92387007743959	s88-s95_ch-ch_o1-o1
3080	between	88	95	k	k	0	0	139.43079923516805	s88-s95_ck-ck_o0-o0
3081	between	88	95	k	k	1	1	142.8413052634966	s88-s95_ck-ck_o1-o1
3082	between	88	95	s	s	0	0	204.15757107257892	s88-s95_cs-cs_o0-o0
3083	between	88	95	s	s	1	1	178.01785448207787	s88-s95_cs-cs_o1-o1
3084	between	88	97	h	h	0	0	144.9746450793524	s88-s97_ch-ch_o0-o0
3085	between	88	97	h	h	1	1	155.9767945876168	s88-s97_ch-ch_o1-o1
3086	between	88	97	k	k	0	0	176.5109932567762	s88-s97_ck-ck_o0-o0
3087	between	88	97	k	k	1	1	169.0294200904434	s88-s97_ck-ck_o1-o1
3088	between	88	97	s	s	0	0	196.81079930303468	s88-s97_cs-cs_o0-o0
3089	between	88	97	s	s	1	1	173.91091512223872	s88-s97_cs-cs_o1-o1
3090	between	88	99	h	h	0	0	126.96142820492146	s88-s99_ch-ch_o0-o0
3091	between	88	99	h	h	1	1	127.3196107228111	s88-s99_ch-ch_o1-o1
3092	between	88	99	k	k	0	0	153.9337908806263	s88-s99_ck-ck_o0-o0
3093	between	88	99	k	k	1	1	174.757695279299	s88-s99_ck-ck_o1-o1
3094	between	88	99	s	s	0	0	216.76125105521754	s88-s99_cs-cs_o0-o0
3095	between	88	99	s	s	1	1	174.48405995306055	s88-s99_cs-cs_o1-o1
3096	between	89	90	h	h	0	0	132.05016886266685	s89-s90_ch-ch_o0-o0
3097	between	89	90	h	h	1	1	104.63991276828838	s89-s90_ch-ch_o1-o1
3098	between	89	90	k	k	0	0	130.27005419005323	s89-s90_ck-ck_o0-o0
3099	between	89	90	k	k	1	1	147.80056072599118	s89-s90_ck-ck_o1-o1
3100	between	89	90	s	s	0	0	158.37468959685916	s89-s90_cs-cs_o0-o0
3101	between	89	90	s	s	1	1	138.86254705385483	s89-s90_cs-cs_o1-o1
3102	between	89	91	h	h	0	0	98.44678684621013	s89-s91_ch-ch_o0-o0
3103	between	89	91	h	h	1	1	95.13097486986582	s89-s91_ch-ch_o1-o1
3104	between	89	91	k	k	0	0	82.53366194173455	s89-s91_ck-ck_o0-o0
3105	between	89	91	k	k	1	1	109.26465273260318	s89-s91_ck-ck_o1-o1
3106	between	89	91	s	s	0	0	233.52007705822626	s89-s91_cs-cs_o0-o0
3107	between	89	91	s	s	1	1	194.5066382312814	s89-s91_cs-cs_o1-o1
3108	between	89	92	h	h	0	0	117.96682457225498	s89-s92_ch-ch_o0-o0
3110	between	89	92	k	k	0	0	109.13063172989769	s89-s92_ck-ck_o0-o0
3111	between	89	92	k	k	1	1	95.76641878641728	s89-s92_ck-ck_o1-o1
3112	between	89	92	s	s	0	0	263.15541137647045	s89-s92_cs-cs_o0-o0
3113	between	89	92	s	s	1	1	97.5438634607432	s89-s92_cs-cs_o1-o1
3114	between	89	94	h	h	0	0	87.59098788450116	s89-s94_ch-ch_o0-o0
3115	between	89	94	h	h	1	1	104.07696765049924	s89-s94_ch-ch_o1-o1
3116	between	89	94	k	k	0	0	93.72661255389812	s89-s94_ck-ck_o0-o0
3117	between	89	94	k	k	1	1	119.37154787093614	s89-s94_ck-ck_o1-o1
3118	between	89	94	s	s	0	0	299.80897607546547	s89-s94_cs-cs_o0-o0
3119	between	89	94	s	s	1	1	213.76689368472927	s89-s94_cs-cs_o1-o1
3120	between	89	95	h	h	0	0	73.07083817416981	s89-s95_ch-ch_o0-o0
3121	between	89	95	h	h	1	1	99.60882504354728	s89-s95_ch-ch_o1-o1
3122	between	89	95	k	k	0	0	92.51624407766155	s89-s95_ck-ck_o0-o0
3123	between	89	95	k	k	1	1	77.47643171016388	s89-s95_ck-ck_o1-o1
3124	between	89	95	s	s	0	0	125.55212769114316	s89-s95_cs-cs_o0-o0
3125	between	89	95	s	s	1	1	122.42689099326894	s89-s95_cs-cs_o1-o1
3126	between	89	97	h	h	0	0	108.2411426632376	s89-s97_ch-ch_o0-o0
3127	between	89	97	h	h	1	1	114.51723779053857	s89-s97_ch-ch_o1-o1
3128	between	89	97	k	k	0	0	101.2569084995392	s89-s97_ck-ck_o0-o0
3129	between	89	97	k	k	1	1	115.59562548220934	s89-s97_ck-ck_o1-o1
3130	between	89	97	s	s	0	0	151.9484470933906	s89-s97_cs-cs_o0-o0
3131	between	89	97	s	s	1	1	87.54361072247231	s89-s97_cs-cs_o1-o1
3132	between	89	99	h	h	0	0	96.79355549004957	s89-s99_ch-ch_o0-o0
3133	between	89	99	h	h	1	1	106.33796341686416	s89-s99_ch-ch_o1-o1
3134	between	89	99	k	k	0	0	88.02816110361529	s89-s99_ck-ck_o0-o0
3135	between	89	99	k	k	1	1	138.26430989108582	s89-s99_ck-ck_o1-o1
3136	between	89	99	s	s	0	0	112.87686636045039	s89-s99_cs-cs_o0-o0
3137	between	89	99	s	s	1	1	105.56956798298889	s89-s99_cs-cs_o1-o1
3138	between	90	91	h	h	0	0	133.37518258677005	s90-s91_ch-ch_o0-o0
3139	between	90	91	h	h	1	1	106.11250382094265	s90-s91_ch-ch_o1-o1
3140	between	90	91	k	k	0	0	151.06152012854562	s90-s91_ck-ck_o0-o0
3141	between	90	91	k	k	1	1	186.63177310933406	s90-s91_ck-ck_o1-o1
3142	between	90	91	s	s	0	0	207.12705210790034	s90-s91_cs-cs_o0-o0
3143	between	90	91	s	s	1	1	217.99281348096255	s90-s91_cs-cs_o1-o1
3144	between	90	92	h	h	0	0	122.11047827791843	s90-s92_ch-ch_o0-o0
3146	between	90	92	k	k	0	0	147.30015042600192	s90-s92_ck-ck_o0-o0
3147	between	90	92	k	k	1	1	157.90866866860844	s90-s92_ck-ck_o1-o1
3148	between	90	92	s	s	0	0	218.11116486515584	s90-s92_cs-cs_o0-o0
3149	between	90	92	s	s	1	1	158.57146515588656	s90-s92_cs-cs_o1-o1
3150	between	90	94	h	h	0	0	132.64833757291984	s90-s94_ch-ch_o0-o0
3151	between	90	94	h	h	1	1	128.12074718751975	s90-s94_ch-ch_o1-o1
3152	between	90	94	k	k	0	0	178.7114333823916	s90-s94_ck-ck_o0-o0
3153	between	90	94	k	k	1	1	174.57289825402134	s90-s94_ck-ck_o1-o1
3154	between	90	94	s	s	0	0	282.8997015885797	s90-s94_cs-cs_o0-o0
3155	between	90	94	s	s	1	1	231.84228548037976	s90-s94_cs-cs_o1-o1
3156	between	90	95	h	h	0	0	116.23153267190142	s90-s95_ch-ch_o0-o0
3157	between	90	95	h	h	1	1	108.35206871126697	s90-s95_ch-ch_o1-o1
3158	between	90	95	k	k	0	0	121.49976511944605	s90-s95_ck-ck_o0-o0
3159	between	90	95	k	k	1	1	142.28137344044515	s90-s95_ck-ck_o1-o1
3160	between	90	95	s	s	0	0	148.70086340854644	s90-s95_cs-cs_o0-o0
3161	between	90	95	s	s	1	1	157.8392858474006	s90-s95_cs-cs_o1-o1
3162	between	90	97	h	h	0	0	126.10626221342073	s90-s97_ch-ch_o0-o0
3163	between	90	97	h	h	1	1	132.2350353937219	s90-s97_ch-ch_o1-o1
3164	between	90	97	k	k	0	0	162.5952971482972	s90-s97_ck-ck_o0-o0
3165	between	90	97	k	k	1	1	177.9768971110365	s90-s97_ck-ck_o1-o1
3166	between	90	97	s	s	0	0	150.50626687099773	s90-s97_cs-cs_o0-o0
3167	between	90	97	s	s	1	1	157.05480788996235	s90-s97_cs-cs_o1-o1
3168	between	90	99	h	h	0	0	114.80677750026808	s90-s99_ch-ch_o0-o0
3169	between	90	99	h	h	1	1	113.64220139004605	s90-s99_ch-ch_o1-o1
3170	between	90	99	k	k	0	0	137.2320545763009	s90-s99_ck-ck_o0-o0
3171	between	90	99	k	k	1	1	156.77897611594696	s90-s99_ck-ck_o1-o1
3172	between	90	99	s	s	0	0	162.79481729148296	s90-s99_cs-cs_o0-o0
3173	between	90	99	s	s	1	1	166.56887574329576	s90-s99_cs-cs_o1-o1
3174	between	91	92	h	h	0	0	132.92903044851568	s91-s92_ch-ch_o0-o0
3176	between	91	92	k	k	0	0	123.2469277207721	s91-s92_ck-ck_o0-o0
3177	between	91	92	k	k	1	1	119.24953432365228	s91-s92_ck-ck_o1-o1
3178	between	91	92	s	s	0	0	291.84636852465394	s91-s92_cs-cs_o0-o0
3179	between	91	92	s	s	1	1	208.0136899547844	s91-s92_cs-cs_o1-o1
3180	between	91	94	h	h	0	0	108.62238804458337	s91-s94_ch-ch_o0-o0
3181	between	91	94	h	h	1	1	112.44540030101341	s91-s94_ch-ch_o1-o1
3182	between	91	94	k	k	0	0	117.76667370878127	s91-s94_ck-ck_o0-o0
3183	between	91	94	k	k	1	1	120.21307879529151	s91-s94_ck-ck_o1-o1
3184	between	91	94	s	s	0	0	326.14657374726534	s91-s94_cs-cs_o0-o0
3185	between	91	94	s	s	1	1	249.4520550484356	s91-s94_cs-cs_o1-o1
3186	between	91	95	h	h	0	0	99.64327490554074	s91-s95_ch-ch_o0-o0
3187	between	91	95	h	h	1	1	86.9842778009429	s91-s95_ch-ch_o1-o1
3188	between	91	95	k	k	0	0	93.4700603492929	s91-s95_ck-ck_o0-o0
3189	between	91	95	k	k	1	1	115.51879769487726	s91-s95_ck-ck_o1-o1
3190	between	91	95	s	s	0	0	198.2303210456315	s91-s95_cs-cs_o0-o0
3191	between	91	95	s	s	1	1	183.60026085335997	s91-s95_cs-cs_o1-o1
3192	between	91	97	h	h	0	0	129.09476650820076	s91-s97_ch-ch_o0-o0
3193	between	91	97	h	h	1	1	121.5008461398565	s91-s97_ch-ch_o1-o1
3194	between	91	97	k	k	0	0	124.56806468544534	s91-s97_ck-ck_o0-o0
3195	between	91	97	k	k	1	1	146.79413755052806	s91-s97_ck-ck_o1-o1
3196	between	91	97	s	s	0	0	216.23719207154411	s91-s97_cs-cs_o0-o0
3197	between	91	97	s	s	1	1	212.29050492074623	s91-s97_cs-cs_o1-o1
3198	between	91	99	h	h	0	0	90.08293109341334	s91-s99_ch-ch_o0-o0
3199	between	91	99	h	h	1	1	106.34044346430966	s91-s99_ch-ch_o1-o1
3200	between	91	99	k	k	0	0	87.52457170217319	s91-s99_ck-ck_o0-o0
3201	between	91	99	k	k	1	1	160.59208450669095	s91-s99_ck-ck_o1-o1
3202	between	91	99	s	s	0	0	228.6387438160141	s91-s99_cs-cs_o0-o0
3203	between	91	99	s	s	1	1	186.9773225866303	s91-s99_cs-cs_o1-o1
3204	between	92	94	h	h	0	0	129.91265317531298	s92-s94_ch-ch_o0-o0
3206	between	92	94	k	k	0	0	139.98425975281046	s92-s94_ck-ck_o0-o0
3207	between	92	94	k	k	1	1	125.6072284710114	s92-s94_ck-ck_o1-o1
3208	between	92	94	s	s	0	0	294.319676364631	s92-s94_cs-cs_o0-o0
3209	between	92	94	s	s	1	1	220.1819654496486	s92-s94_cs-cs_o1-o1
3210	between	92	95	h	h	0	0	113.41974349427892	s92-s95_ch-ch_o0-o0
3212	between	92	95	k	k	0	0	111.76141390204914	s92-s95_ck-ck_o0-o0
3213	between	92	95	k	k	1	1	101.30171261987682	s92-s95_ck-ck_o1-o1
3214	between	92	95	s	s	0	0	257.502033794843	s92-s95_cs-cs_o0-o0
3215	between	92	95	s	s	1	1	133.09164357108955	s92-s95_cs-cs_o1-o1
3216	between	92	97	h	h	0	0	106.35023414162953	s92-s97_ch-ch_o0-o0
3218	between	92	97	k	k	0	0	124.92611886464205	s92-s97_ck-ck_o0-o0
3219	between	92	97	k	k	1	1	126.06200485479015	s92-s97_ck-ck_o1-o1
3220	between	92	97	s	s	0	0	215.09148347810296	s92-s97_cs-cs_o0-o0
3221	between	92	97	s	s	1	1	110.73942707540435	s92-s97_cs-cs_o1-o1
3222	between	92	99	h	h	0	0	113.51350504795495	s92-s99_ch-ch_o0-o0
3224	between	92	99	k	k	0	0	111.83129945580707	s92-s99_ck-ck_o0-o0
3225	between	92	99	k	k	1	1	149.3725822729192	s92-s99_ck-ck_o1-o1
3226	between	92	99	s	s	0	0	248.65325716246784	s92-s99_cs-cs_o0-o0
3227	between	92	99	s	s	1	1	129.80501165074338	s92-s99_cs-cs_o1-o1
3228	between	94	95	h	h	0	0	103.236377168355	s94-s95_ch-ch_o0-o0
3229	between	94	95	h	h	1	1	119.9877270023413	s94-s95_ch-ch_o1-o1
3230	between	94	95	k	k	0	0	119.06072114384811	s94-s95_ck-ck_o0-o0
3231	between	94	95	k	k	1	1	117.6529301035303	s94-s95_ck-ck_o1-o1
3232	between	94	95	s	s	0	0	297.25254647270333	s94-s95_cs-cs_o0-o0
3233	between	94	95	s	s	1	1	219.73385894633643	s94-s95_cs-cs_o1-o1
3234	between	94	97	h	h	0	0	120.58257345633244	s94-s97_ch-ch_o0-o0
3235	between	94	97	h	h	1	1	121.01244220893292	s94-s97_ch-ch_o1-o1
3236	between	94	97	k	k	0	0	113.67787860019209	s94-s97_ck-ck_o0-o0
3237	between	94	97	k	k	1	1	129.43254731255666	s94-s97_ck-ck_o1-o1
3238	between	94	97	s	s	0	0	266.00912477605164	s94-s97_cs-cs_o0-o0
3239	between	94	97	s	s	1	1	220.0577013855314	s94-s97_cs-cs_o1-o1
3240	between	94	99	h	h	0	0	108.62656469076128	s94-s99_ch-ch_o0-o0
3241	between	94	99	h	h	1	1	119.15771167530343	s94-s99_ch-ch_o1-o1
3242	between	94	99	k	k	0	0	119.247826327394	s94-s99_ck-ck_o0-o0
3243	between	94	99	k	k	1	1	170.61732070937842	s94-s99_ck-ck_o1-o1
3244	between	94	99	s	s	0	0	267.9165818269079	s94-s99_cs-cs_o0-o0
3245	between	94	99	s	s	1	1	194.70852130829647	s94-s99_cs-cs_o1-o1
3246	between	95	97	h	h	0	0	110.83669350522618	s95-s97_ch-ch_o0-o0
3247	between	95	97	h	h	1	1	124.88405080007608	s95-s97_ch-ch_o1-o1
3248	between	95	97	k	k	0	0	131.16026340319772	s95-s97_ck-ck_o0-o0
3249	between	95	97	k	k	1	1	134.16756577016764	s95-s97_ck-ck_o1-o1
3250	between	95	97	s	s	0	0	142.07155585579565	s95-s97_cs-cs_o0-o0
3251	between	95	97	s	s	1	1	134.0740515730933	s95-s97_cs-cs_o1-o1
3252	between	95	99	h	h	0	0	92.30610756345244	s95-s99_ch-ch_o0-o0
3253	between	95	99	h	h	1	1	94.20678681530121	s95-s99_ch-ch_o1-o1
3254	between	95	99	k	k	0	0	87.04553294573624	s95-s99_ck-ck_o0-o0
3255	between	95	99	k	k	1	1	127.95721572905497	s95-s99_ck-ck_o1-o1
3256	between	95	99	s	s	0	0	133.48993240706335	s95-s99_cs-cs_o0-o0
3257	between	95	99	s	s	1	1	123.40684731153704	s95-s99_cs-cs_o1-o1
3258	between	97	99	h	h	0	0	113.74722544311868	s97-s99_ch-ch_o0-o0
3259	between	97	99	h	h	1	1	133.90775616220014	s97-s99_ch-ch_o1-o1
3260	between	97	99	k	k	0	0	126.08631879595106	s97-s99_ck-ck_o0-o0
3261	between	97	99	k	k	1	1	171.23122330977972	s97-s99_ck-ck_o1-o1
3262	between	97	99	s	s	0	0	134.99080887149472	s97-s99_cs-cs_o0-o0
3263	between	97	99	s	s	1	1	116.40809910061624	s97-s99_cs-cs_o1-o1
