index	dtw_type	subject_1	subject_2	condition_1	condition_2	obstacles_1	obstacles_2	dtw_distance	distance_matrix_key
0	within	33	33	h	k	0	0	105.33472440277988	s33-s33_ch-ck_o0-o0
1	within	33	33	h	s	0	0	86.44492729892686	s33-s33_ch-cs_o0-o0
2	within	33	33	k	s	0	0	88.13320166025272	s33-s33_ck-cs_o0-o0
3	within	33	33	h	k	1	1	91.91604609420546	s33-s33_ch-ck_o1-o1
4	within	33	33	h	s	1	1	113.1065666102798	s33-s33_ch-cs_o1-o1
5	within	33	33	k	s	1	1	100.73436913952261	s33-s33_ck-cs_o1-o1
6	within	33	33	h	h	0	1	92.8997767696717	s33-s33_ch-ch_o0-o1
7	within	33	33	k	k	0	1	88.95220278105414	s33-s33_ck-ck_o0-o1
8	within	33	33	s	s	0	1	113.68128954217093	s33-s33_cs-cs_o0-o1
9	within	34	34	h	k	0	0	127.51831295890786	s34-s34_ch-ck_o0-o0
10	within	34	34	h	s	0	0	134.91793707531664	s34-s34_ch-cs_o0-o0
11	within	34	34	k	s	0	0	135.94995054746568	s34-s34_ck-cs_o0-o0
12	within	34	34	h	k	1	1	138.5693572344677	s34-s34_ch-ck_o1-o1
13	within	34	34	h	s	1	1	171.8982873538489	s34-s34_ch-cs_o1-o1
14	within	34	34	k	s	1	1	156.36972696535182	s34-s34_ck-cs_o1-o1
15	within	34	34	h	h	0	1	125.10509085074163	s34-s34_ch-ch_o0-o1
16	within	34	34	k	k	0	1	130.45804080239319	s34-s34_ck-ck_o0-o1
17	within	34	34	s	s	0	1	157.64896922397304	s34-s34_cs-cs_o0-o1
18	within	35	35	h	k	0	0	100.8946149418279	s35-s35_ch-ck_o0-o0
19	within	35	35	h	s	0	0	110.55155168249405	s35-s35_ch-cs_o0-o0
20	within	35	35	k	s	0	0	106.37843729158054	s35-s35_ck-cs_o0-o0
21	within	35	35	h	k	1	1	109.90113403819616	s35-s35_ch-ck_o1-o1
22	within	35	35	h	s	1	1	103.5343035789082	s35-s35_ch-cs_o1-o1
23	within	35	35	k	s	1	1	103.59180784855715	s35-s35_ck-cs_o1-o1
24	within	35	35	h	h	0	1	107.47443713358216	s35-s35_ch-ch_o0-o1
25	within	35	35	k	k	0	1	93.84026084568475	s35-s35_ck-ck_o0-o1
26	within	35	35	s	s	0	1	107.1576451530926	s35-s35_cs-cs_o0-o1
27	within	38	38	h	k	0	0	84.3857587389616	s38-s38_ch-ck_o0-o0
28	within	38	38	h	s	0	0	113.40778362544624	s38-s38_ch-cs_o0-o0
29	within	38	38	k	s	0	0	109.53273879941817	s38-s38_ck-cs_o0-o0
30	within	38	38	h	k	1	1	115.55378915177894	s38-s38_ch-ck_o1-o1
31	within	38	38	h	s	1	1	93.87234402953742	s38-s38_ch-cs_o1-o1
32	within	38	38	k	s	1	1	108.33624002098827	s38-s38_ck-cs_o1-o1
33	within	38	38	h	h	0	1	76.1932111626029	s38-s38_ch-ch_o0-o1
34	within	38	38	k	k	0	1	99.21930192355248	s38-s38_ck-ck_o0-o1
35	within	38	38	s	s	0	1	122.05891113699948	s38-s38_cs-cs_o0-o1
36	within	39	39	h	k	0	0	80.57884483269676	s39-s39_ch-ck_o0-o0
37	within	39	39	h	s	0	0	92.39710168518698	s39-s39_ch-cs_o0-o0
38	within	39	39	k	s	0	0	88.37909074175005	s39-s39_ck-cs_o0-o0
39	within	39	39	h	k	1	1	122.62530280221374	s39-s39_ch-ck_o1-o1
40	within	39	39	h	s	1	1	115.45837039145715	s39-s39_ch-cs_o1-o1
41	within	39	39	k	s	1	1	92.00945653188133	s39-s39_ck-cs_o1-o1
42	within	39	39	h	h	0	1	120.25735765816627	s39-s39_ch-ch_o0-o1
43	within	39	39	k	k	0	1	94.54104830675695	s39-s39_ck-ck_o0-o1
44	within	39	39	s	s	0	1	109.63564921418923	s39-s39_cs-cs_o0-o1
45	within	40	40	h	k	0	0	64.39981902119554	s40-s40_ch-ck_o0-o0
46	within	40	40	h	s	0	0	83.00487064297977	s40-s40_ch-cs_o0-o0
47	within	40	40	k	s	0	0	86.45630028409514	s40-s40_ck-cs_o0-o0
48	within	40	40	h	k	1	1	132.78141820708788	s40-s40_ch-ck_o1-o1
49	within	40	40	h	s	1	1	124.48565170953121	s40-s40_ch-cs_o1-o1
50	within	40	40	k	s	1	1	112.94759749787079	s40-s40_ck-cs_o1-o1
51	within	40	40	h	h	0	1	100.41085611957992	s40-s40_ch-ch_o0-o1
52	within	40	40	k	k	0	1	102.20929997785247	s40-s40_ck-ck_o0-o1
53	within	40	40	s	s	0	1	111.70963244461096	s40-s40_cs-cs_o0-o1
54	within	43	43	h	k	0	0	145.9233589240183	s43-s43_ch-ck_o0-o0
55	within	43	43	h	s	0	0	128.40110960664967	s43-s43_ch-cs_o0-o0
56	within	43	43	k	s	0	0	120.95334719328946	s43-s43_ck-cs_o0-o0
57	within	43	43	h	k	1	1	95.62040667088604	s43-s43_ch-ck_o1-o1
58	within	43	43	h	s	1	1	105.30828108869426	s43-s43_ch-cs_o1-o1
59	within	43	43	k	s	1	1	103.81458496014085	s43-s43_ck-cs_o1-o1
60	within	43	43	h	h	0	1	126.01775697016149	s43-s43_ch-ch_o0-o1
61	within	43	43	k	k	0	1	109.7926894201956	s43-s43_ck-ck_o0-o1
62	within	43	43	s	s	0	1	101.97129757383873	s43-s43_cs-cs_o0-o1
63	within	46	46	h	k	0	0	93.78041736054782	s46-s46_ch-ck_o0-o0
64	within	46	46	h	s	0	0	131.61607599313777	s46-s46_ch-cs_o0-o0
65	within	46	46	k	s	0	0	154.92509473297022	s46-s46_ck-cs_o0-o0
66	within	46	46	h	k	1	1	101.6084258489968	s46-s46_ch-ck_o1-o1
67	within	46	46	h	s	1	1	160.40922905101704	s46-s46_ch-cs_o1-o1
68	within	46	46	k	s	1	1	151.5435670465484	s46-s46_ck-cs_o1-o1
69	within	46	46	h	h	0	1	98.86372963902343	s46-s46_ch-ch_o0-o1
70	within	46	46	k	k	0	1	95.99135977416621	s46-s46_ck-ck_o0-o1
71	within	46	46	s	s	0	1	115.95775573586033	s46-s46_cs-cs_o0-o1
72	within	47	47	h	k	0	0	77.79884931153285	s47-s47_ch-ck_o0-o0
73	within	47	47	h	s	0	0	74.01460645390385	s47-s47_ch-cs_o0-o0
74	within	47	47	k	s	0	0	74.75900850932798	s47-s47_ck-cs_o0-o0
75	within	47	47	h	k	1	1	81.96707907499558	s47-s47_ch-ck_o1-o1
76	within	47	47	h	s	1	1	82.88463517248256	s47-s47_ch-cs_o1-o1
77	within	47	47	k	s	1	1	85.18251860299799	s47-s47_ck-cs_o1-o1
78	within	47	47	h	h	0	1	74.85614070749413	s47-s47_ch-ch_o0-o1
79	within	47	47	k	k	0	1	79.92895083128711	s47-s47_ck-ck_o0-o1
80	within	47	47	s	s	0	1	77.53283617001857	s47-s47_cs-cs_o0-o1
81	within	53	53	h	k	0	0	73.35055309243815	s53-s53_ch-ck_o0-o0
82	within	53	53	h	s	0	0	80.9435422618962	s53-s53_ch-cs_o0-o0
83	within	53	53	k	s	0	0	66.23532608809413	s53-s53_ck-cs_o0-o0
84	within	53	53	h	k	1	1	93.05510029295637	s53-s53_ch-ck_o1-o1
85	within	53	53	h	s	1	1	70.12159986652823	s53-s53_ch-cs_o1-o1
86	within	53	53	k	s	1	1	89.29233508414494	s53-s53_ck-cs_o1-o1
87	within	53	53	h	h	0	1	68.89139399997154	s53-s53_ch-ch_o0-o1
88	within	53	53	k	k	0	1	75.4402420326925	s53-s53_ck-ck_o0-o1
89	within	53	53	s	s	0	1	63.44048998805538	s53-s53_cs-cs_o0-o1
90	within	57	57	h	k	0	0	107.41390374228644	s57-s57_ch-ck_o0-o0
91	within	57	57	h	s	0	0	126.32478303435148	s57-s57_ch-cs_o0-o0
92	within	57	57	k	s	0	0	136.67712925218757	s57-s57_ck-cs_o0-o0
93	within	57	57	h	k	1	1	156.08175952844505	s57-s57_ch-ck_o1-o1
94	within	57	57	h	s	1	1	116.78195765957659	s57-s57_ch-cs_o1-o1
95	within	57	57	k	s	1	1	153.47261812113769	s57-s57_ck-cs_o1-o1
96	within	57	57	h	h	0	1	127.37063245338939	s57-s57_ch-ch_o0-o1
97	within	57	57	k	k	0	1	148.89147615586262	s57-s57_ck-ck_o0-o1
98	within	57	57	s	s	0	1	116.61814766376718	s57-s57_cs-cs_o0-o1
99	within	58	58	h	k	0	0	100.15309306375771	s58-s58_ch-ck_o0-o0
100	within	58	58	h	s	0	0	148.27922929101595	s58-s58_ch-cs_o0-o0
101	within	58	58	k	s	0	0	155.91649270247845	s58-s58_ck-cs_o0-o0
102	within	58	58	h	k	1	1	107.61032526055602	s58-s58_ch-ck_o1-o1
103	within	58	58	h	s	1	1	132.03331544674717	s58-s58_ch-cs_o1-o1
104	within	58	58	k	s	1	1	144.89319702951988	s58-s58_ck-cs_o1-o1
105	within	58	58	h	h	0	1	111.38574165258764	s58-s58_ch-ch_o0-o1
106	within	58	58	k	k	0	1	93.5148478690303	s58-s58_ck-ck_o0-o1
107	within	58	58	s	s	0	1	160.25267793018608	s58-s58_cs-cs_o0-o1
108	within	59	59	h	k	0	0	96.93703283908427	s59-s59_ch-ck_o0-o0
109	within	59	59	h	s	0	0	81.86459589222999	s59-s59_ch-cs_o0-o0
110	within	59	59	k	s	0	0	79.12836781873963	s59-s59_ck-cs_o0-o0
111	within	59	59	h	k	1	1	89.90910863038589	s59-s59_ch-ck_o1-o1
112	within	59	59	h	s	1	1	83.61894613508233	s59-s59_ch-cs_o1-o1
113	within	59	59	k	s	1	1	89.10447660512119	s59-s59_ck-cs_o1-o1
114	within	59	59	h	h	0	1	92.18701442268375	s59-s59_ch-ch_o0-o1
115	within	59	59	k	k	0	1	96.55809713163265	s59-s59_ck-ck_o0-o1
116	within	59	59	s	s	0	1	94.13573545815206	s59-s59_cs-cs_o0-o1
117	within	60	60	h	k	0	0	141.2953455467654	s60-s60_ch-ck_o0-o0
118	within	60	60	h	s	0	0	113.43785484329734	s60-s60_ch-cs_o0-o0
119	within	60	60	k	s	0	0	139.99071640335964	s60-s60_ck-cs_o0-o0
120	within	60	60	h	k	1	1	118.65040435436859	s60-s60_ch-ck_o1-o1
121	within	60	60	h	s	1	1	101.82564201602143	s60-s60_ch-cs_o1-o1
122	within	60	60	k	s	1	1	134.52525239141468	s60-s60_ck-cs_o1-o1
123	within	60	60	h	h	0	1	102.75830007168035	s60-s60_ch-ch_o0-o1
124	within	60	60	k	k	0	1	123.62542652446187	s60-s60_ck-ck_o0-o1
125	within	60	60	s	s	0	1	93.04094632002321	s60-s60_cs-cs_o0-o1
126	within	61	61	h	k	0	0	91.88968712848099	s61-s61_ch-ck_o0-o0
127	within	61	61	h	s	0	0	118.72316194884404	s61-s61_ch-cs_o0-o0
128	within	61	61	k	s	0	0	117.12315905885649	s61-s61_ck-cs_o0-o0
129	within	61	61	h	k	1	1	120.42077329585796	s61-s61_ch-ck_o1-o1
130	within	61	61	h	s	1	1	114.54369896120531	s61-s61_ch-cs_o1-o1
131	within	61	61	k	s	1	1	131.4083694161493	s61-s61_ck-cs_o1-o1
132	within	61	61	h	h	0	1	97.18410205325216	s61-s61_ch-ch_o0-o1
133	within	61	61	k	k	0	1	101.35293922534017	s61-s61_ck-ck_o0-o1
134	within	61	61	s	s	0	1	126.76767365922984	s61-s61_cs-cs_o0-o1
135	within	65	65	h	k	0	0	74.1071451173827	s65-s65_ch-ck_o0-o0
136	within	65	65	h	s	0	0	78.0085905814025	s65-s65_ch-cs_o0-o0
137	within	65	65	k	s	0	0	75.86017194083162	s65-s65_ck-cs_o0-o0
138	within	65	65	h	k	1	1	87.55573347288339	s65-s65_ch-ck_o1-o1
139	within	65	65	h	s	1	1	89.49050810959983	s65-s65_ch-cs_o1-o1
140	within	65	65	k	s	1	1	95.46180175272343	s65-s65_ck-cs_o1-o1
141	within	65	65	h	h	0	1	69.41677862768204	s65-s65_ch-ch_o0-o1
142	within	65	65	k	k	0	1	98.76216209164959	s65-s65_ck-ck_o0-o1
143	within	65	65	s	s	0	1	92.28533411557393	s65-s65_cs-cs_o0-o1
144	within	67	67	h	k	0	0	60.26111177087277	s67-s67_ch-ck_o0-o0
145	within	67	67	h	s	0	0	105.12769598125743	s67-s67_ch-cs_o0-o0
146	within	67	67	k	s	0	0	134.29627429633496	s67-s67_ck-cs_o0-o0
147	within	67	67	h	k	1	1	75.83771948704849	s67-s67_ch-ck_o1-o1
148	within	67	67	h	s	1	1	105.6344583073117	s67-s67_ch-cs_o1-o1
149	within	67	67	k	s	1	1	120.71702789941298	s67-s67_ck-cs_o1-o1
150	within	67	67	h	h	0	1	66.45405555151846	s67-s67_ch-ch_o0-o1
151	within	67	67	k	k	0	1	80.93238796503739	s67-s67_ck-ck_o0-o1
152	within	67	67	s	s	0	1	123.65340869742373	s67-s67_cs-cs_o0-o1
153	within	74	74	h	k	0	0	83.36257887068025	s74-s74_ch-ck_o0-o0
154	within	74	74	h	s	0	0	157.74291753629248	s74-s74_ch-cs_o0-o0
155	within	74	74	k	s	0	0	172.11521171368082	s74-s74_ck-cs_o0-o0
156	within	74	74	h	k	1	1	117.16780381754074	s74-s74_ch-ck_o1-o1
157	within	74	74	h	s	1	1	139.06061662466368	s74-s74_ch-cs_o1-o1
158	within	74	74	k	s	1	1	142.325044342558	s74-s74_ck-cs_o1-o1
159	within	74	74	h	h	0	1	82.0802388314428	s74-s74_ch-ch_o0-o1
160	within	74	74	k	k	0	1	106.23103567604797	s74-s74_ck-ck_o0-o1
161	within	74	74	s	s	0	1	133.35615180204837	s74-s74_cs-cs_o0-o1
162	within	76	76	h	k	0	0	149.5712149336831	s76-s76_ch-ck_o0-o0
163	within	76	76	h	s	0	0	168.13709970312587	s76-s76_ch-cs_o0-o0
164	within	76	76	k	s	0	0	130.7954851382418	s76-s76_ck-cs_o0-o0
165	within	76	76	h	k	1	1	85.19863309855069	s76-s76_ch-ck_o1-o1
166	within	76	76	h	s	1	1	113.78118082073374	s76-s76_ch-cs_o1-o1
167	within	76	76	k	s	1	1	125.17641095591843	s76-s76_ck-cs_o1-o1
168	within	76	76	h	h	0	1	141.1776714277571	s76-s76_ch-ch_o0-o1
169	within	76	76	k	k	0	1	105.30373567969482	s76-s76_ck-ck_o0-o1
170	within	76	76	s	s	0	1	148.15609848705842	s76-s76_cs-cs_o0-o1
171	within	79	79	h	k	0	0	64.57661579892553	s79-s79_ch-ck_o0-o0
172	within	79	79	h	s	0	0	107.23556883302106	s79-s79_ch-cs_o0-o0
173	within	79	79	k	s	0	0	111.4575434541051	s79-s79_ck-cs_o0-o0
174	within	79	79	h	k	1	1	96.74720925278585	s79-s79_ch-ck_o1-o1
175	within	79	79	h	s	1	1	100.2775229822414	s79-s79_ch-cs_o1-o1
176	within	79	79	k	s	1	1	112.29842175521107	s79-s79_ck-cs_o1-o1
177	within	79	79	h	h	0	1	88.68025226832906	s79-s79_ch-ch_o0-o1
178	within	79	79	k	k	0	1	79.48667136202093	s79-s79_ck-ck_o0-o1
179	within	79	79	s	s	0	1	104.66691476367117	s79-s79_cs-cs_o0-o1
180	within	80	80	h	k	0	0	97.40156423027985	s80-s80_ch-ck_o0-o0
181	within	80	80	h	s	0	0	108.2973306868288	s80-s80_ch-cs_o0-o0
182	within	80	80	k	s	0	0	119.69122039211179	s80-s80_ck-cs_o0-o0
183	within	80	80	h	k	1	1	124.17553516379294	s80-s80_ch-ck_o1-o1
184	within	80	80	h	s	1	1	106.0198454439491	s80-s80_ch-cs_o1-o1
185	within	80	80	k	s	1	1	115.61339288418033	s80-s80_ck-cs_o1-o1
186	within	80	80	h	h	0	1	101.7621878581775	s80-s80_ch-ch_o0-o1
187	within	80	80	k	k	0	1	139.4799444697798	s80-s80_ck-ck_o0-o1
188	within	80	80	s	s	0	1	109.408784093088	s80-s80_cs-cs_o0-o1
189	within	81	81	h	k	0	0	107.3511265924567	s81-s81_ch-ck_o0-o0
190	within	81	81	h	s	0	0	150.25538679972288	s81-s81_ch-cs_o0-o0
191	within	81	81	k	s	0	0	172.61986581111708	s81-s81_ck-cs_o0-o0
192	within	81	81	h	k	1	1	136.70274573804164	s81-s81_ch-ck_o1-o1
193	within	81	81	h	s	1	1	163.9924831031212	s81-s81_ch-cs_o1-o1
194	within	81	81	k	s	1	1	210.69228651197417	s81-s81_ck-cs_o1-o1
195	within	81	81	h	h	0	1	74.5903726249696	s81-s81_ch-ch_o0-o1
196	within	81	81	k	k	0	1	128.6409064341653	s81-s81_ck-ck_o0-o1
197	within	81	81	s	s	0	1	90.0064584308407	s81-s81_cs-cs_o0-o1
198	within	87	87	h	k	0	0	103.52290767779117	s87-s87_ch-ck_o0-o0
199	within	87	87	h	s	0	0	167.5011415968188	s87-s87_ch-cs_o0-o0
200	within	87	87	k	s	0	0	148.07338106570066	s87-s87_ck-cs_o0-o0
201	within	87	87	h	k	1	1	80.45238641764723	s87-s87_ch-ck_o1-o1
202	within	87	87	h	s	1	1	169.82151762766273	s87-s87_ch-cs_o1-o1
203	within	87	87	k	s	1	1	171.90822138191646	s87-s87_ck-cs_o1-o1
204	within	87	87	h	h	0	1	99.88720656317031	s87-s87_ch-ch_o0-o1
205	within	87	87	k	k	0	1	93.0672914103704	s87-s87_ck-ck_o0-o1
206	within	87	87	s	s	0	1	219.73045418144122	s87-s87_cs-cs_o0-o1
207	within	88	88	h	k	0	0	130.4432697875683	s88-s88_ch-ck_o0-o0
208	within	88	88	h	s	0	0	176.09850685028272	s88-s88_ch-cs_o0-o0
209	within	88	88	k	s	0	0	155.62016908806092	s88-s88_ck-cs_o0-o0
210	within	88	88	h	k	1	1	137.96939780090088	s88-s88_ch-ck_o1-o1
211	within	88	88	h	s	1	1	153.6907160761763	s88-s88_ch-cs_o1-o1
212	within	88	88	k	s	1	1	165.02170198446592	s88-s88_ck-cs_o1-o1
213	within	88	88	h	h	0	1	123.5977353666348	s88-s88_ch-ch_o0-o1
214	within	88	88	k	k	0	1	134.3305070843775	s88-s88_ck-ck_o0-o1
215	within	88	88	s	s	0	1	193.6834563034394	s88-s88_cs-cs_o0-o1
216	within	89	89	h	k	0	0	51.628176835123064	s89-s89_ch-ck_o0-o0
217	within	89	89	h	s	0	0	145.32594000481097	s89-s89_ch-cs_o0-o0
218	within	89	89	k	s	0	0	145.54270394873507	s89-s89_ck-cs_o0-o0
219	within	89	89	h	k	1	1	77.85938123409096	s89-s89_ch-ck_o1-o1
220	within	89	89	h	s	1	1	89.01095336059538	s89-s89_ch-cs_o1-o1
221	within	89	89	k	s	1	1	77.58856799541647	s89-s89_ck-cs_o1-o1
222	within	89	89	h	h	0	1	67.50459319856341	s89-s89_ch-ch_o0-o1
223	within	89	89	k	k	0	1	72.70084056206191	s89-s89_ck-ck_o0-o1
224	within	89	89	s	s	0	1	93.47309720229929	s89-s89_cs-cs_o0-o1
225	within	90	90	h	k	0	0	109.97198440038035	s90-s90_ch-ck_o0-o0
226	within	90	90	h	s	0	0	131.68906057498495	s90-s90_ch-cs_o0-o0
227	within	90	90	k	s	0	0	147.40255325247156	s90-s90_ck-cs_o0-o0
228	within	90	90	h	k	1	1	138.257492844575	s90-s90_ch-ck_o1-o1
229	within	90	90	h	s	1	1	147.50950682787735	s90-s90_ch-cs_o1-o1
230	within	90	90	k	s	1	1	174.4680966163358	s90-s90_ck-cs_o1-o1
231	within	90	90	h	h	0	1	119.74227535604714	s90-s90_ch-ch_o0-o1
232	within	90	90	k	k	0	1	125.88981473415625	s90-s90_ck-ck_o0-o1
233	within	90	90	s	s	0	1	134.52908148229295	s90-s90_cs-cs_o0-o1
234	within	91	91	h	k	0	0	79.27667175967012	s91-s91_ch-ck_o0-o0
235	within	91	91	h	s	0	0	175.11833926670204	s91-s91_ch-cs_o0-o0
236	within	91	91	k	s	0	0	178.9724093716589	s91-s91_ck-cs_o0-o0
237	within	91	91	h	k	1	1	109.5227738631197	s91-s91_ch-ck_o1-o1
238	within	91	91	h	s	1	1	170.34713858665398	s91-s91_ch-cs_o1-o1
239	within	91	91	k	s	1	1	182.3685543872407	s91-s91_ck-cs_o1-o1
240	within	91	91	h	h	0	1	77.81828196585866	s91-s91_ch-ch_o0-o1
241	within	91	91	k	k	0	1	107.78144386286013	s91-s91_ck-ck_o0-o1
242	within	91	91	s	s	0	1	214.4401840553371	s91-s91_cs-cs_o0-o1
243	within	92	92	h	k	0	0	119.45308157939463	s92-s92_ch-ck_o0-o0
244	within	92	92	h	s	0	0	225.0026179403474	s92-s92_ch-cs_o0-o0
245	within	92	92	k	s	0	0	220.73169965376493	s92-s92_ck-cs_o0-o0
246	within	92	92	h	k	1	1	98.36124589348326	s92-s92_ch-ck_o1-o1
247	within	92	92	h	s	1	1	99.50299539905993	s92-s92_ch-cs_o1-o1
248	within	92	92	k	s	1	1	106.03640394383321	s92-s92_ck-cs_o1-o1
249	within	92	92	h	h	0	1	93.1169465409528	s92-s92_ch-ch_o0-o1
250	within	92	92	k	k	0	1	104.18498706316736	s92-s92_ck-ck_o0-o1
251	within	92	92	s	s	0	1	204.02832266869532	s92-s92_cs-cs_o0-o1
252	within	94	94	h	k	0	0	82.77996224982466	s94-s94_ch-ck_o0-o0
253	within	94	94	h	s	0	0	279.7212482003626	s94-s94_ch-cs_o0-o0
254	within	94	94	k	s	0	0	289.7830427948419	s94-s94_ck-cs_o0-o0
255	within	94	94	h	k	1	1	115.71979332277901	s94-s94_ch-ck_o1-o1
256	within	94	94	h	s	1	1	228.4708325377858	s94-s94_ch-cs_o1-o1
257	within	94	94	k	s	1	1	231.27446126805825	s94-s94_ck-cs_o1-o1
258	within	94	94	h	h	0	1	107.79938229141166	s94-s94_ch-ch_o0-o1
259	within	94	94	k	k	0	1	99.12623581614005	s94-s94_ck-ck_o0-o1
260	within	94	94	s	s	0	1	346.4211923928743	s94-s94_cs-cs_o0-o1
261	within	95	95	h	k	0	0	83.44793417656568	s95-s95_ch-ck_o0-o0
262	within	95	95	h	s	0	0	107.88327486408743	s95-s95_ch-cs_o0-o0
263	within	95	95	k	s	0	0	84.26731210396737	s95-s95_ck-cs_o0-o0
264	within	95	95	h	k	1	1	64.9710033518949	s95-s95_ch-ck_o1-o1
265	within	95	95	h	s	1	1	96.89527480575507	s95-s95_ch-cs_o1-o1
266	within	95	95	k	s	1	1	94.55673780464627	s95-s95_ck-cs_o1-o1
267	within	95	95	h	h	0	1	75.06619397210841	s95-s95_ch-ch_o0-o1
268	within	95	95	k	k	0	1	74.71899854457331	s95-s95_ck-ck_o0-o1
269	within	95	95	s	s	0	1	115.62032055603616	s95-s95_cs-cs_o0-o1
270	within	97	97	h	k	0	0	72.02894346792954	s97-s97_ch-ck_o0-o0
271	within	97	97	h	s	0	0	105.01721015436082	s97-s97_ch-cs_o0-o0
272	within	97	97	k	s	0	0	104.19358069786456	s97-s97_ck-cs_o0-o0
273	within	97	97	h	k	1	1	106.58333603469008	s97-s97_ch-ck_o1-o1
274	within	97	97	h	s	1	1	86.64699300349088	s97-s97_ch-cs_o1-o1
275	within	97	97	k	s	1	1	105.7011237544068	s97-s97_ck-cs_o1-o1
276	within	97	97	h	h	0	1	95.84085217817314	s97-s97_ch-ch_o0-o1
277	within	97	97	k	k	0	1	107.53639691434982	s97-s97_ck-ck_o0-o1
278	within	97	97	s	s	0	1	104.57427781342446	s97-s97_cs-cs_o0-o1
279	within	99	99	h	k	0	0	50.46762764167049	s99-s99_ch-ck_o0-o0
280	within	99	99	h	s	0	0	102.76404504875867	s99-s99_ch-cs_o0-o0
281	within	99	99	k	s	0	0	119.89488992045075	s99-s99_ck-cs_o0-o0
282	within	99	99	h	k	1	1	116.47025858393314	s99-s99_ch-ck_o1-o1
283	within	99	99	h	s	1	1	108.77339114025935	s99-s99_ch-cs_o1-o1
284	within	99	99	k	s	1	1	133.31335287339036	s99-s99_ck-cs_o1-o1
285	within	99	99	h	h	0	1	89.62105700004024	s99-s99_ch-ch_o0-o1
286	within	99	99	k	k	0	1	132.47196952642327	s99-s99_ck-ck_o0-o1
287	within	99	99	s	s	0	1	115.99684786719341	s99-s99_cs-cs_o0-o1
288	between	33	34	h	h	0	0	118.2828813210747	s33-s34_ch-ch_o0-o0
289	between	33	34	h	h	1	1	124.26270957766562	s33-s34_ch-ch_o1-o1
290	between	33	34	k	k	0	0	134.72510031702265	s33-s34_ck-ck_o0-o0
291	between	33	34	k	k	1	1	118.68711865920976	s33-s34_ck-ck_o1-o1
292	between	33	34	s	s	0	0	149.4159284060769	s33-s34_cs-cs_o0-o0
293	between	33	34	s	s	1	1	181.629386272172	s33-s34_cs-cs_o1-o1
294	between	33	35	h	h	0	0	103.33696254426913	s33-s35_ch-ch_o0-o0
295	between	33	35	h	h	1	1	112.91858384954345	s33-s35_ch-ch_o1-o1
296	between	33	35	k	k	0	0	125.40436106526005	s33-s35_ck-ck_o0-o0
297	between	33	35	k	k	1	1	116.97988486618854	s33-s35_ck-ck_o1-o1
298	between	33	35	s	s	0	0	116.33407482838442	s33-s35_cs-cs_o0-o0
299	between	33	35	s	s	1	1	125.88456507256485	s33-s35_cs-cs_o1-o1
300	between	33	38	h	h	0	0	111.7998301974604	s33-s38_ch-ch_o0-o0
301	between	33	38	h	h	1	1	116.12230371987441	s33-s38_ch-ch_o1-o1
302	between	33	38	k	k	0	0	142.2747821586265	s33-s38_ck-ck_o0-o0
303	between	33	38	k	k	1	1	125.52864077315486	s33-s38_ck-ck_o1-o1
304	between	33	38	s	s	0	0	151.6593412054064	s33-s38_cs-cs_o0-o0
305	between	33	38	s	s	1	1	135.709943974023	s33-s38_cs-cs_o1-o1
306	between	33	39	h	h	0	0	109.18380941654685	s33-s39_ch-ch_o0-o0
307	between	33	39	h	h	1	1	144.76253456485256	s33-s39_ch-ch_o1-o1
308	between	33	39	k	k	0	0	130.81418200113023	s33-s39_ck-ck_o0-o0
309	between	33	39	k	k	1	1	121.73126983250762	s33-s39_ck-ck_o1-o1
310	between	33	39	s	s	0	0	133.64571154341533	s33-s39_cs-cs_o0-o0
311	between	33	39	s	s	1	1	121.10999871014465	s33-s39_cs-cs_o1-o1
312	between	33	40	h	h	0	0	109.80183110953608	s33-s40_ch-ch_o0-o0
313	between	33	40	h	h	1	1	137.9360400948056	s33-s40_ch-ch_o1-o1
314	between	33	40	k	k	0	0	126.52843323477386	s33-s40_ck-ck_o0-o0
315	between	33	40	k	k	1	1	122.31685527171734	s33-s40_ck-ck_o1-o1
316	between	33	40	s	s	0	0	134.9277026783718	s33-s40_cs-cs_o0-o0
317	between	33	40	s	s	1	1	125.3807332126875	s33-s40_cs-cs_o1-o1
318	between	33	43	h	h	0	0	144.13090462658164	s33-s43_ch-ch_o0-o0
319	between	33	43	h	h	1	1	119.33623605835737	s33-s43_ch-ch_o1-o1
320	between	33	43	k	k	0	0	130.73598127494256	s33-s43_ck-ck_o0-o0
321	between	33	43	k	k	1	1	120.51675965942637	s33-s43_ck-ck_o1-o1
322	between	33	43	s	s	0	0	127.32652796917202	s33-s43_cs-cs_o0-o0
323	between	33	43	s	s	1	1	118.46099375304738	s33-s43_cs-cs_o1-o1
324	between	33	46	h	h	0	0	110.44443095383981	s33-s46_ch-ch_o0-o0
325	between	33	46	h	h	1	1	124.12575234800822	s33-s46_ch-ch_o1-o1
326	between	33	46	k	k	0	0	132.58745561838964	s33-s46_ck-ck_o0-o0
327	between	33	46	k	k	1	1	110.21382330228387	s33-s46_ck-ck_o1-o1
328	between	33	46	s	s	0	0	152.94156593697687	s33-s46_cs-cs_o0-o0
329	between	33	46	s	s	1	1	164.69968929314837	s33-s46_cs-cs_o1-o1
330	between	33	47	h	h	0	0	119.86332787442352	s33-s47_ch-ch_o0-o0
331	between	33	47	h	h	1	1	116.88371437305628	s33-s47_ch-ch_o1-o1
332	between	33	47	k	k	0	0	144.18270998924814	s33-s47_ck-ck_o0-o0
333	between	33	47	k	k	1	1	139.36621413252803	s33-s47_ck-ck_o1-o1
334	between	33	47	s	s	0	0	134.4667948544157	s33-s47_cs-cs_o0-o0
335	between	33	47	s	s	1	1	148.3592644444929	s33-s47_cs-cs_o1-o1
336	between	33	53	h	h	0	0	106.76608902661461	s33-s53_ch-ch_o0-o0
337	between	33	53	h	h	1	1	116.52903501743758	s33-s53_ch-ch_o1-o1
338	between	33	53	k	k	0	0	138.5418592476492	s33-s53_ck-ck_o0-o0
339	between	33	53	k	k	1	1	131.24504657216798	s33-s53_ck-ck_o1-o1
340	between	33	53	s	s	0	0	143.06169799906058	s33-s53_cs-cs_o0-o0
341	between	33	53	s	s	1	1	155.81157676825094	s33-s53_cs-cs_o1-o1
342	between	33	57	h	h	0	0	128.62067496576532	s33-s57_ch-ch_o0-o0
343	between	33	57	h	h	1	1	136.46603195356238	s33-s57_ch-ch_o1-o1
344	between	33	57	k	k	0	0	159.28968225267232	s33-s57_ck-ck_o0-o0
345	between	33	57	k	k	1	1	168.48532857832495	s33-s57_ck-ck_o1-o1
346	between	33	57	s	s	0	0	154.227657288503	s33-s57_cs-cs_o0-o0
347	between	33	57	s	s	1	1	146.20967041045915	s33-s57_cs-cs_o1-o1
348	between	33	58	h	h	0	0	110.16586051902199	s33-s58_ch-ch_o0-o0
349	between	33	58	h	h	1	1	124.55296841651246	s33-s58_ch-ch_o1-o1
350	between	33	58	k	k	0	0	129.4714412754903	s33-s58_ck-ck_o0-o0
351	between	33	58	k	k	1	1	114.08941307683722	s33-s58_ck-ck_o1-o1
352	between	33	58	s	s	0	0	174.03649234735155	s33-s58_cs-cs_o0-o0
353	between	33	58	s	s	1	1	162.73995128821318	s33-s58_cs-cs_o1-o1
354	between	33	59	h	h	0	0	106.65659340831239	s33-s59_ch-ch_o0-o0
355	between	33	59	h	h	1	1	104.21362684067739	s33-s59_ch-ch_o1-o1
356	between	33	59	k	k	0	0	116.86218994821125	s33-s59_ck-ck_o0-o0
357	between	33	59	k	k	1	1	105.57067554134791	s33-s59_ck-ck_o1-o1
358	between	33	59	s	s	0	0	119.85846874034011	s33-s59_cs-cs_o0-o0
359	between	33	59	s	s	1	1	106.34325817845185	s33-s59_cs-cs_o1-o1
360	between	33	60	h	h	0	0	120.53998129647118	s33-s60_ch-ch_o0-o0
361	between	33	60	h	h	1	1	123.38368116991347	s33-s60_ch-ch_o1-o1
362	between	33	60	k	k	0	0	163.17288344049786	s33-s60_ck-ck_o0-o0
363	between	33	60	k	k	1	1	138.7170824648328	s33-s60_ck-ck_o1-o1
364	between	33	60	s	s	0	0	137.24969633173504	s33-s60_cs-cs_o0-o0
365	between	33	60	s	s	1	1	121.97542493335564	s33-s60_cs-cs_o1-o1
366	between	33	61	h	h	0	0	107.71124819378174	s33-s61_ch-ch_o0-o0
367	between	33	61	h	h	1	1	116.02011702729551	s33-s61_ch-ch_o1-o1
368	between	33	61	k	k	0	0	145.1972424679565	s33-s61_ck-ck_o0-o0
369	between	33	61	k	k	1	1	146.49438407771007	s33-s61_ck-ck_o1-o1
370	between	33	61	s	s	0	0	146.27971588495373	s33-s61_cs-cs_o0-o0
371	between	33	61	s	s	1	1	145.36468623962887	s33-s61_cs-cs_o1-o1
372	between	33	65	h	h	0	0	102.63073078311207	s33-s65_ch-ch_o0-o0
373	between	33	65	h	h	1	1	110.38776969199422	s33-s65_ch-ch_o1-o1
374	between	33	65	k	k	0	0	119.82585931728673	s33-s65_ck-ck_o0-o0
375	between	33	65	k	k	1	1	107.89087416803991	s33-s65_ck-ck_o1-o1
376	between	33	65	s	s	0	0	131.92738499041448	s33-s65_cs-cs_o0-o0
377	between	33	65	s	s	1	1	124.10849874503201	s33-s65_cs-cs_o1-o1
378	between	33	67	h	h	0	0	93.15402711410593	s33-s67_ch-ch_o0-o0
379	between	33	67	h	h	1	1	105.99522815822	s33-s67_ch-ch_o1-o1
380	between	33	67	k	k	0	0	119.66832472455779	s33-s67_ck-ck_o0-o0
381	between	33	67	k	k	1	1	113.73103427978067	s33-s67_ck-ck_o1-o1
382	between	33	67	s	s	0	0	150.55868404130553	s33-s67_cs-cs_o0-o0
383	between	33	67	s	s	1	1	148.30605328241924	s33-s67_cs-cs_o1-o1
384	between	33	74	h	h	0	0	121.73832280307846	s33-s74_ch-ch_o0-o0
385	between	33	74	h	h	1	1	127.78405607470415	s33-s74_ch-ch_o1-o1
386	between	33	74	k	k	0	0	128.39894525802913	s33-s74_ck-ck_o0-o0
387	between	33	74	k	k	1	1	138.0415673133874	s33-s74_ck-ck_o1-o1
388	between	33	74	s	s	0	0	184.33665317779017	s33-s74_cs-cs_o0-o0
389	between	33	74	s	s	1	1	166.46553543830444	s33-s74_cs-cs_o1-o1
390	between	33	76	h	h	0	0	148.54643735414015	s33-s76_ch-ch_o0-o0
391	between	33	76	h	h	1	1	97.12427107334697	s33-s76_ch-ch_o1-o1
392	between	33	76	k	k	0	0	121.62568146554922	s33-s76_ck-ck_o0-o0
393	between	33	76	k	k	1	1	113.24407241442658	s33-s76_ck-ck_o1-o1
394	between	33	76	s	s	0	0	127.58179757475392	s33-s76_cs-cs_o0-o0
395	between	33	76	s	s	1	1	146.82111387203722	s33-s76_cs-cs_o1-o1
396	between	33	79	h	h	0	0	124.43334693994994	s33-s79_ch-ch_o0-o0
397	between	33	79	h	h	1	1	120.26674481433145	s33-s79_ch-ch_o1-o1
398	between	33	79	k	k	0	0	108.87104700802138	s33-s79_ck-ck_o0-o0
399	between	33	79	k	k	1	1	118.19681140859193	s33-s79_ck-ck_o1-o1
400	between	33	79	s	s	0	0	146.45018454503665	s33-s79_cs-cs_o0-o0
401	between	33	79	s	s	1	1	135.21838073315024	s33-s79_cs-cs_o1-o1
402	between	33	80	h	h	0	0	147.56130836723787	s33-s80_ch-ch_o0-o0
403	between	33	80	h	h	1	1	132.84394972588044	s33-s80_ch-ch_o1-o1
404	between	33	80	k	k	0	0	138.02945670389158	s33-s80_ck-ck_o0-o0
405	between	33	80	k	k	1	1	154.18677528111232	s33-s80_ck-ck_o1-o1
406	between	33	80	s	s	0	0	138.6403225196315	s33-s80_cs-cs_o0-o0
407	between	33	80	s	s	1	1	139.2100789935912	s33-s80_cs-cs_o1-o1
408	between	33	81	h	h	0	0	122.6425117868331	s33-s81_ch-ch_o0-o0
409	between	33	81	h	h	1	1	112.7370928287754	s33-s81_ch-ch_o1-o1
410	between	33	81	k	k	0	0	125.67754792499943	s33-s81_ck-ck_o0-o0
411	between	33	81	k	k	1	1	155.04222546883423	s33-s81_ck-ck_o1-o1
412	between	33	81	s	s	0	0	149.2139527609662	s33-s81_cs-cs_o0-o0
413	between	33	81	s	s	1	1	166.8510993957594	s33-s81_cs-cs_o1-o1
414	between	33	87	h	h	0	0	126.39768187577447	s33-s87_ch-ch_o0-o0
415	between	33	87	h	h	1	1	105.49744309597426	s33-s87_ch-ch_o1-o1
416	between	33	87	k	k	0	0	134.83077039963027	s33-s87_ck-ck_o0-o0
417	between	33	87	k	k	1	1	124.18020239764303	s33-s87_ck-ck_o1-o1
418	between	33	87	s	s	0	0	166.23338839357814	s33-s87_cs-cs_o0-o0
419	between	33	87	s	s	1	1	192.1166093160548	s33-s87_cs-cs_o1-o1
420	between	33	88	h	h	0	0	136.1747553595735	s33-s88_ch-ch_o0-o0
421	between	33	88	h	h	1	1	131.05583912637002	s33-s88_ch-ch_o1-o1
422	between	33	88	k	k	0	0	160.8119962802615	s33-s88_ck-ck_o0-o0
423	between	33	88	k	k	1	1	137.77818463216607	s33-s88_ck-ck_o1-o1
424	between	33	88	s	s	0	0	197.75569519744488	s33-s88_cs-cs_o0-o0
425	between	33	88	s	s	1	1	172.2934168213295	s33-s88_cs-cs_o1-o1
426	between	33	89	h	h	0	0	101.65576299925485	s33-s89_ch-ch_o0-o0
427	between	33	89	h	h	1	1	103.78134225486414	s33-s89_ch-ch_o1-o1
428	between	33	89	k	k	0	0	127.46691257382952	s33-s89_ck-ck_o0-o0
429	between	33	89	k	k	1	1	91.29552296541549	s33-s89_ck-ck_o1-o1
430	between	33	89	s	s	0	0	126.43252135696981	s33-s89_cs-cs_o0-o0
431	between	33	89	s	s	1	1	103.15441955042425	s33-s89_cs-cs_o1-o1
432	between	33	90	h	h	0	0	130.07598704012682	s33-s90_ch-ch_o0-o0
433	between	33	90	h	h	1	1	119.2790326336902	s33-s90_ch-ch_o1-o1
434	between	33	90	k	k	0	0	138.05843804393973	s33-s90_ck-ck_o0-o0
435	between	33	90	k	k	1	1	153.64998291535866	s33-s90_ck-ck_o1-o1
436	between	33	90	s	s	0	0	152.03904060831724	s33-s90_cs-cs_o0-o0
437	between	33	90	s	s	1	1	163.2450428306979	s33-s90_cs-cs_o1-o1
438	between	33	91	h	h	0	0	119.54543059733238	s33-s91_ch-ch_o0-o0
439	between	33	91	h	h	1	1	109.5395845467446	s33-s91_ch-ch_o1-o1
440	between	33	91	k	k	0	0	139.93251030998036	s33-s91_ck-ck_o0-o0
441	between	33	91	k	k	1	1	137.35501055329308	s33-s91_ck-ck_o1-o1
442	between	33	91	s	s	0	0	199.69888883794312	s33-s91_cs-cs_o0-o0
443	between	33	91	s	s	1	1	192.36870570179286	s33-s91_cs-cs_o1-o1
444	between	33	92	h	h	0	0	104.39034526086145	s33-s92_ch-ch_o0-o0
445	between	33	92	h	h	1	1	99.7064474752601	s33-s92_ch-ch_o1-o1
446	between	33	92	k	k	0	0	131.49400891716857	s33-s92_ck-ck_o0-o0
447	between	33	92	k	k	1	1	120.7641742480161	s33-s92_ck-ck_o1-o1
448	between	33	92	s	s	0	0	222.81413787034197	s33-s92_cs-cs_o0-o0
449	between	33	92	s	s	1	1	122.72789205896694	s33-s92_cs-cs_o1-o1
450	between	33	94	h	h	0	0	117.05479967535427	s33-s94_ch-ch_o0-o0
451	between	33	94	h	h	1	1	119.60582010392476	s33-s94_ch-ch_o1-o1
452	between	33	94	k	k	0	0	158.0382489555724	s33-s94_ck-ck_o0-o0
453	between	33	94	k	k	1	1	138.6821963861568	s33-s94_ck-ck_o1-o1
454	between	33	94	s	s	0	0	255.44750678958982	s33-s94_cs-cs_o0-o0
455	between	33	94	s	s	1	1	223.1230348725541	s33-s94_cs-cs_o1-o1
456	between	33	95	h	h	0	0	105.0925519913022	s33-s95_ch-ch_o0-o0
457	between	33	95	h	h	1	1	108.91154058837157	s33-s95_ch-ch_o1-o1
458	between	33	95	k	k	0	0	129.11380119110967	s33-s95_ck-ck_o0-o0
459	between	33	95	k	k	1	1	106.15098438263095	s33-s95_ck-ck_o1-o1
460	between	33	95	s	s	0	0	143.03619726992704	s33-s95_cs-cs_o0-o0
461	between	33	95	s	s	1	1	137.891543223777	s33-s95_cs-cs_o1-o1
462	between	33	97	h	h	0	0	110.27507460188731	s33-s97_ch-ch_o0-o0
463	between	33	97	h	h	1	1	126.63595886643078	s33-s97_ch-ch_o1-o1
464	between	33	97	k	k	0	0	142.2846428453593	s33-s97_ck-ck_o0-o0
465	between	33	97	k	k	1	1	133.2307680909918	s33-s97_ck-ck_o1-o1
466	between	33	97	s	s	0	0	125.49378278267403	s33-s97_cs-cs_o0-o0
467	between	33	97	s	s	1	1	111.02663910097012	s33-s97_cs-cs_o1-o1
468	between	33	99	h	h	0	0	105.87661066817178	s33-s99_ch-ch_o0-o0
469	between	33	99	h	h	1	1	115.72256942044687	s33-s99_ch-ch_o1-o1
470	between	33	99	k	k	0	0	124.58671163609503	s33-s99_ck-ck_o0-o0
471	between	33	99	k	k	1	1	141.2485471572385	s33-s99_ck-ck_o1-o1
472	between	33	99	s	s	0	0	123.07248305590737	s33-s99_cs-cs_o0-o0
473	between	33	99	s	s	1	1	137.16813960379162	s33-s99_cs-cs_o1-o1
474	between	34	35	h	h	0	0	121.88995029978766	s34-s35_ch-ch_o0-o0
475	between	34	35	h	h	1	1	135.66038778314717	s34-s35_ch-ch_o1-o1
476	between	34	35	k	k	0	0	135.43066626711732	s34-s35_ck-ck_o0-o0
477	between	34	35	k	k	1	1	132.87158052407358	s34-s35_ck-ck_o1-o1
478	between	34	35	s	s	0	0	137.8358318359812	s34-s35_cs-cs_o0-o0
479	between	34	35	s	s	1	1	185.2327049329433	s34-s35_cs-cs_o1-o1
480	between	34	38	h	h	0	0	121.7496806542329	s34-s38_ch-ch_o0-o0
481	between	34	38	h	h	1	1	125.36011609085048	s34-s38_ch-ch_o1-o1
482	between	34	38	k	k	0	0	142.1646657358582	s34-s38_ck-ck_o0-o0
483	between	34	38	k	k	1	1	129.51139486203823	s34-s38_ck-ck_o1-o1
484	between	34	38	s	s	0	0	143.55650670021842	s34-s38_cs-cs_o0-o0
485	between	34	38	s	s	1	1	171.7672587831044	s34-s38_cs-cs_o1-o1
486	between	34	39	h	h	0	0	119.01823516435776	s34-s39_ch-ch_o0-o0
487	between	34	39	h	h	1	1	171.27907850723525	s34-s39_ch-ch_o1-o1
488	between	34	39	k	k	0	0	144.67867403593402	s34-s39_ck-ck_o0-o0
489	between	34	39	k	k	1	1	140.0631441951474	s34-s39_ck-ck_o1-o1
490	between	34	39	s	s	0	0	175.59474194219638	s34-s39_cs-cs_o0-o0
491	between	34	39	s	s	1	1	188.93143207929873	s34-s39_cs-cs_o1-o1
492	between	34	40	h	h	0	0	123.23423319869683	s34-s40_ch-ch_o0-o0
493	between	34	40	h	h	1	1	162.72945145229096	s34-s40_ch-ch_o1-o1
494	between	34	40	k	k	0	0	136.89454557464714	s34-s40_ck-ck_o0-o0
495	between	34	40	k	k	1	1	150.29610385522804	s34-s40_ck-ck_o1-o1
496	between	34	40	s	s	0	0	164.53825794296526	s34-s40_cs-cs_o0-o0
497	between	34	40	s	s	1	1	205.0189924982211	s34-s40_cs-cs_o1-o1
498	between	34	43	h	h	0	0	154.73992112780593	s34-s43_ch-ch_o0-o0
499	between	34	43	h	h	1	1	125.58001150280386	s34-s43_ch-ch_o1-o1
500	between	34	43	k	k	0	0	170.84024090042942	s34-s43_ck-ck_o0-o0
501	between	34	43	k	k	1	1	145.4484491813456	s34-s43_ck-ck_o1-o1
502	between	34	43	s	s	0	0	143.72360178106854	s34-s43_cs-cs_o0-o0
503	between	34	43	s	s	1	1	169.84988013645685	s34-s43_cs-cs_o1-o1
504	between	34	46	h	h	0	0	126.56711591319952	s34-s46_ch-ch_o0-o0
505	between	34	46	h	h	1	1	143.3841276538099	s34-s46_ch-ch_o1-o1
506	between	34	46	k	k	0	0	149.2292760177878	s34-s46_ck-ck_o0-o0
507	between	34	46	k	k	1	1	147.97486180731082	s34-s46_ck-ck_o1-o1
508	between	34	46	s	s	0	0	181.4108500296379	s34-s46_cs-cs_o0-o0
509	between	34	46	s	s	1	1	209.475226039085	s34-s46_cs-cs_o1-o1
510	between	34	47	h	h	0	0	135.39583821560984	s34-s47_ch-ch_o0-o0
511	between	34	47	h	h	1	1	140.17763957317126	s34-s47_ch-ch_o1-o1
512	between	34	47	k	k	0	0	165.1089022876383	s34-s47_ck-ck_o0-o0
513	between	34	47	k	k	1	1	155.7176433841865	s34-s47_ck-ck_o1-o1
514	between	34	47	s	s	0	0	152.12908563532824	s34-s47_cs-cs_o0-o0
515	between	34	47	s	s	1	1	201.13993389644892	s34-s47_cs-cs_o1-o1
516	between	34	53	h	h	0	0	116.74761758565852	s34-s53_ch-ch_o0-o0
517	between	34	53	h	h	1	1	141.1100202710221	s34-s53_ch-ch_o1-o1
518	between	34	53	k	k	0	0	170.68278535679204	s34-s53_ck-ck_o0-o0
519	between	34	53	k	k	1	1	157.94648817567685	s34-s53_ck-ck_o1-o1
520	between	34	53	s	s	0	0	178.59866929000398	s34-s53_cs-cs_o0-o0
521	between	34	53	s	s	1	1	194.93690490298482	s34-s53_cs-cs_o1-o1
522	between	34	57	h	h	0	0	145.2914510285526	s34-s57_ch-ch_o0-o0
523	between	34	57	h	h	1	1	169.2595245360924	s34-s57_ch-ch_o1-o1
524	between	34	57	k	k	0	0	172.66062464840982	s34-s57_ck-ck_o0-o0
525	between	34	57	k	k	1	1	173.31562180737248	s34-s57_ck-ck_o1-o1
526	between	34	57	s	s	0	0	174.6594883285563	s34-s57_cs-cs_o0-o0
527	between	34	57	s	s	1	1	196.8375086677266	s34-s57_cs-cs_o1-o1
528	between	34	58	h	h	0	0	120.35349771847204	s34-s58_ch-ch_o0-o0
529	between	34	58	h	h	1	1	140.17596796705195	s34-s58_ch-ch_o1-o1
530	between	34	58	k	k	0	0	153.96536443810163	s34-s58_ck-ck_o0-o0
531	between	34	58	k	k	1	1	133.62222125967708	s34-s58_ck-ck_o1-o1
532	between	34	58	s	s	0	0	166.86696999872703	s34-s58_cs-cs_o0-o0
533	between	34	58	s	s	1	1	186.78107632075535	s34-s58_cs-cs_o1-o1
534	between	34	59	h	h	0	0	117.90107386099282	s34-s59_ch-ch_o0-o0
535	between	34	59	h	h	1	1	113.73766410613726	s34-s59_ch-ch_o1-o1
536	between	34	59	k	k	0	0	138.50693881478705	s34-s59_ck-ck_o0-o0
537	between	34	59	k	k	1	1	134.10478049182586	s34-s59_ck-ck_o1-o1
538	between	34	59	s	s	0	0	137.41919630641067	s34-s59_cs-cs_o0-o0
539	between	34	59	s	s	1	1	160.59715726402615	s34-s59_cs-cs_o1-o1
540	between	34	60	h	h	0	0	138.0562031916499	s34-s60_ch-ch_o0-o0
541	between	34	60	h	h	1	1	137.23955190824043	s34-s60_ch-ch_o1-o1
542	between	34	60	k	k	0	0	174.29862783103704	s34-s60_ck-ck_o0-o0
543	between	34	60	k	k	1	1	163.62138180507057	s34-s60_ck-ck_o1-o1
544	between	34	60	s	s	0	0	143.68548336233275	s34-s60_cs-cs_o0-o0
545	between	34	60	s	s	1	1	173.22386344106602	s34-s60_cs-cs_o1-o1
546	between	34	61	h	h	0	0	139.72507457672853	s34-s61_ch-ch_o0-o0
547	between	34	61	h	h	1	1	144.80638915930976	s34-s61_ch-ch_o1-o1
548	between	34	61	k	k	0	0	175.03333025286685	s34-s61_ck-ck_o0-o0
549	between	34	61	k	k	1	1	169.11043618541856	s34-s61_ck-ck_o1-o1
550	between	34	61	s	s	0	0	168.80366381195958	s34-s61_cs-cs_o0-o0
551	between	34	61	s	s	1	1	215.13875421526546	s34-s61_cs-cs_o1-o1
552	between	34	65	h	h	0	0	135.13510886423128	s34-s65_ch-ch_o0-o0
553	between	34	65	h	h	1	1	139.38634977675432	s34-s65_ch-ch_o1-o1
554	between	34	65	k	k	0	0	153.58564954699418	s34-s65_ck-ck_o0-o0
555	between	34	65	k	k	1	1	130.60812559098795	s34-s65_ck-ck_o1-o1
556	between	34	65	s	s	0	0	178.71141928450552	s34-s65_cs-cs_o0-o0
557	between	34	65	s	s	1	1	181.63650069723036	s34-s65_cs-cs_o1-o1
558	between	34	67	h	h	0	0	112.68371074866482	s34-s67_ch-ch_o0-o0
559	between	34	67	h	h	1	1	114.37761414042352	s34-s67_ch-ch_o1-o1
560	between	34	67	k	k	0	0	132.21176638210764	s34-s67_ck-ck_o0-o0
561	between	34	67	k	k	1	1	144.65963166652068	s34-s67_ck-ck_o1-o1
562	between	34	67	s	s	0	0	160.87052257233526	s34-s67_cs-cs_o0-o0
563	between	34	67	s	s	1	1	178.05188753942033	s34-s67_cs-cs_o1-o1
564	between	34	74	h	h	0	0	145.7497803889859	s34-s74_ch-ch_o0-o0
565	between	34	74	h	h	1	1	136.0375877240227	s34-s74_ch-ch_o1-o1
566	between	34	74	k	k	0	0	161.61587590262118	s34-s74_ck-ck_o0-o0
567	between	34	74	k	k	1	1	163.0532492621253	s34-s74_ck-ck_o1-o1
568	between	34	74	s	s	0	0	209.04481831170148	s34-s74_cs-cs_o0-o0
569	between	34	74	s	s	1	1	214.3231691555106	s34-s74_cs-cs_o1-o1
570	between	34	76	h	h	0	0	156.25689751157643	s34-s76_ch-ch_o0-o0
571	between	34	76	h	h	1	1	120.47741644318126	s34-s76_ch-ch_o1-o1
572	between	34	76	k	k	0	0	152.59526314978353	s34-s76_ck-ck_o0-o0
573	between	34	76	k	k	1	1	131.46029786674814	s34-s76_ck-ck_o1-o1
574	between	34	76	s	s	0	0	156.13665796730382	s34-s76_cs-cs_o0-o0
575	between	34	76	s	s	1	1	181.95097275422708	s34-s76_cs-cs_o1-o1
576	between	34	79	h	h	0	0	126.06352464721206	s34-s79_ch-ch_o0-o0
577	between	34	79	h	h	1	1	118.70844642357093	s34-s79_ch-ch_o1-o1
578	between	34	79	k	k	0	0	134.5133663182686	s34-s79_ck-ck_o0-o0
579	between	34	79	k	k	1	1	148.27216344551715	s34-s79_ck-ck_o1-o1
580	between	34	79	s	s	0	0	144.97001516845324	s34-s79_cs-cs_o0-o0
581	between	34	79	s	s	1	1	159.07552449798848	s34-s79_cs-cs_o1-o1
582	between	34	80	h	h	0	0	143.7714695484909	s34-s80_ch-ch_o0-o0
583	between	34	80	h	h	1	1	124.88673472146391	s34-s80_ch-ch_o1-o1
584	between	34	80	k	k	0	0	160.09637397126411	s34-s80_ck-ck_o0-o0
585	between	34	80	k	k	1	1	158.29200433817888	s34-s80_ck-ck_o1-o1
586	between	34	80	s	s	0	0	145.24430983325541	s34-s80_cs-cs_o0-o0
587	between	34	80	s	s	1	1	175.03987756104206	s34-s80_cs-cs_o1-o1
588	between	34	81	h	h	0	0	126.39096170095634	s34-s81_ch-ch_o0-o0
589	between	34	81	h	h	1	1	125.4223638567917	s34-s81_ch-ch_o1-o1
590	between	34	81	k	k	0	0	146.76105978097112	s34-s81_ck-ck_o0-o0
591	between	34	81	k	k	1	1	188.52316906612143	s34-s81_ck-ck_o1-o1
592	between	34	81	s	s	0	0	232.8279756481861	s34-s81_cs-cs_o0-o0
593	between	34	81	s	s	1	1	248.34365167930923	s34-s81_cs-cs_o1-o1
594	between	34	87	h	h	0	0	144.4208742459463	s34-s87_ch-ch_o0-o0
595	between	34	87	h	h	1	1	152.35812362108206	s34-s87_ch-ch_o1-o1
596	between	34	87	k	k	0	0	158.6652946661968	s34-s87_ck-ck_o0-o0
597	between	34	87	k	k	1	1	146.94468814493848	s34-s87_ck-ck_o1-o1
598	between	34	87	s	s	0	0	208.31096080797212	s34-s87_cs-cs_o0-o0
599	between	34	87	s	s	1	1	257.0734442939611	s34-s87_cs-cs_o1-o1
600	between	34	88	h	h	0	0	133.63249039415285	s34-s88_ch-ch_o0-o0
601	between	34	88	h	h	1	1	134.8472933791935	s34-s88_ch-ch_o1-o1
602	between	34	88	k	k	0	0	163.1030718046938	s34-s88_ck-ck_o0-o0
603	between	34	88	k	k	1	1	145.80212883129812	s34-s88_ck-ck_o1-o1
604	between	34	88	s	s	0	0	200.28421738809035	s34-s88_cs-cs_o0-o0
605	between	34	88	s	s	1	1	191.84416673103777	s34-s88_cs-cs_o1-o1
606	between	34	89	h	h	0	0	128.23408139419507	s34-s89_ch-ch_o0-o0
607	between	34	89	h	h	1	1	151.23543045142725	s34-s89_ch-ch_o1-o1
608	between	34	89	k	k	0	0	133.79196005839583	s34-s89_ck-ck_o0-o0
609	between	34	89	k	k	1	1	111.77419212789232	s34-s89_ck-ck_o1-o1
610	between	34	89	s	s	0	0	168.972040339037	s34-s89_cs-cs_o0-o0
611	between	34	89	s	s	1	1	163.1682057438768	s34-s89_cs-cs_o1-o1
612	between	34	90	h	h	0	0	133.31324025162567	s34-s90_ch-ch_o0-o0
613	between	34	90	h	h	1	1	135.70424493574285	s34-s90_ch-ch_o1-o1
614	between	34	90	k	k	0	0	156.1797669128662	s34-s90_ck-ck_o0-o0
615	between	34	90	k	k	1	1	157.34336683505308	s34-s90_ck-ck_o1-o1
616	between	34	90	s	s	0	0	173.51635260957715	s34-s90_cs-cs_o0-o0
617	between	34	90	s	s	1	1	203.74763320657436	s34-s90_cs-cs_o1-o1
618	between	34	91	h	h	0	0	135.85820914068972	s34-s91_ch-ch_o0-o0
619	between	34	91	h	h	1	1	133.70314404195645	s34-s91_ch-ch_o1-o1
620	between	34	91	k	k	0	0	148.16693367397295	s34-s91_ck-ck_o0-o0
621	between	34	91	k	k	1	1	154.84224548179017	s34-s91_ck-ck_o1-o1
622	between	34	91	s	s	0	0	216.39196218424743	s34-s91_cs-cs_o0-o0
623	between	34	91	s	s	1	1	230.85566480537182	s34-s91_cs-cs_o1-o1
624	between	34	92	h	h	0	0	120.8450975973831	s34-s92_ch-ch_o0-o0
625	between	34	92	h	h	1	1	132.00675479249566	s34-s92_ch-ch_o1-o1
626	between	34	92	k	k	0	0	154.17958397969207	s34-s92_ck-ck_o0-o0
627	between	34	92	k	k	1	1	148.50376316113756	s34-s92_ck-ck_o1-o1
628	between	34	92	s	s	0	0	244.42153778388504	s34-s92_cs-cs_o0-o0
629	between	34	92	s	s	1	1	182.38610142647485	s34-s92_cs-cs_o1-o1
630	between	34	94	h	h	0	0	134.5204781395587	s34-s94_ch-ch_o0-o0
631	between	34	94	h	h	1	1	150.3936990939257	s34-s94_ch-ch_o1-o1
632	between	34	94	k	k	0	0	167.54668068068966	s34-s94_ck-ck_o0-o0
633	between	34	94	k	k	1	1	167.71055153759107	s34-s94_ck-ck_o1-o1
634	between	34	94	s	s	0	0	301.66436506263585	s34-s94_cs-cs_o0-o0
635	between	34	94	s	s	1	1	240.6226215216089	s34-s94_cs-cs_o1-o1
636	between	34	95	h	h	0	0	121.671762649769	s34-s95_ch-ch_o0-o0
637	between	34	95	h	h	1	1	125.43015703553019	s34-s95_ch-ch_o1-o1
638	between	34	95	k	k	0	0	154.48167318107724	s34-s95_ck-ck_o0-o0
639	between	34	95	k	k	1	1	133.21265150123457	s34-s95_ck-ck_o1-o1
640	between	34	95	s	s	0	0	159.69577075527724	s34-s95_cs-cs_o0-o0
641	between	34	95	s	s	1	1	185.88739112705687	s34-s95_cs-cs_o1-o1
642	between	34	97	h	h	0	0	121.96542374749465	s34-s97_ch-ch_o0-o0
643	between	34	97	h	h	1	1	143.4810352686329	s34-s97_ch-ch_o1-o1
644	between	34	97	k	k	0	0	152.9922875221082	s34-s97_ck-ck_o0-o0
645	between	34	97	k	k	1	1	154.05262334753223	s34-s97_ck-ck_o1-o1
646	between	34	97	s	s	0	0	145.18210728071273	s34-s97_cs-cs_o0-o0
647	between	34	97	s	s	1	1	184.30954102522344	s34-s97_cs-cs_o1-o1
648	between	34	99	h	h	0	0	118.59139526707365	s34-s99_ch-ch_o0-o0
649	between	34	99	h	h	1	1	119.7294263374729	s34-s99_ch-ch_o1-o1
650	between	34	99	k	k	0	0	149.31806938872734	s34-s99_ck-ck_o0-o0
651	between	34	99	k	k	1	1	170.72500467750936	s34-s99_ck-ck_o1-o1
652	between	34	99	s	s	0	0	157.7715715877862	s34-s99_cs-cs_o0-o0
653	between	34	99	s	s	1	1	175.09827547777695	s34-s99_cs-cs_o1-o1
654	between	35	38	h	h	0	0	113.29162466203347	s35-s38_ch-ch_o0-o0
655	between	35	38	h	h	1	1	127.91822368006098	s35-s38_ch-ch_o1-o1
656	between	35	38	k	k	0	0	129.58842511400775	s35-s38_ck-ck_o0-o0
657	between	35	38	k	k	1	1	120.94893946340574	s35-s38_ck-ck_o1-o1
658	between	35	38	s	s	0	0	127.94746057918287	s35-s38_cs-cs_o0-o0
659	between	35	38	s	s	1	1	151.17189586879738	s35-s38_cs-cs_o1-o1
660	between	35	39	h	h	0	0	106.91776209961724	s35-s39_ch-ch_o0-o0
661	between	35	39	h	h	1	1	178.11692995713025	s35-s39_ch-ch_o1-o1
662	between	35	39	k	k	0	0	134.46005154839622	s35-s39_ck-ck_o0-o0
663	between	35	39	k	k	1	1	129.85241317039672	s35-s39_ck-ck_o1-o1
664	between	35	39	s	s	0	0	135.31283405071005	s35-s39_cs-cs_o0-o0
665	between	35	39	s	s	1	1	134.05475491003705	s35-s39_cs-cs_o1-o1
666	between	35	40	h	h	0	0	106.1095281053965	s35-s40_ch-ch_o0-o0
667	between	35	40	h	h	1	1	143.62533461855602	s35-s40_ch-ch_o1-o1
668	between	35	40	k	k	0	0	106.61084672602325	s35-s40_ck-ck_o0-o0
669	between	35	40	k	k	1	1	143.19208320033616	s35-s40_ck-ck_o1-o1
670	between	35	40	s	s	0	0	125.96029115282845	s35-s40_cs-cs_o0-o0
671	between	35	40	s	s	1	1	135.7707056438803	s35-s40_cs-cs_o1-o1
672	between	35	43	h	h	0	0	144.0932950550387	s35-s43_ch-ch_o0-o0
673	between	35	43	h	h	1	1	139.0347404294585	s35-s43_ch-ch_o1-o1
674	between	35	43	k	k	0	0	156.8396782463238	s35-s43_ck-ck_o0-o0
675	between	35	43	k	k	1	1	130.73481801227925	s35-s43_ck-ck_o1-o1
676	between	35	43	s	s	0	0	126.54948639649223	s35-s43_cs-cs_o0-o0
677	between	35	43	s	s	1	1	126.68506591499941	s35-s43_cs-cs_o1-o1
678	between	35	46	h	h	0	0	126.72282139965978	s35-s46_ch-ch_o0-o0
679	between	35	46	h	h	1	1	119.28237640428874	s35-s46_ch-ch_o1-o1
680	between	35	46	k	k	0	0	108.21705128487967	s35-s46_ck-ck_o0-o0
681	between	35	46	k	k	1	1	126.31774908387357	s35-s46_ck-ck_o1-o1
682	between	35	46	s	s	0	0	157.14139585366803	s35-s46_cs-cs_o0-o0
683	between	35	46	s	s	1	1	193.04833447714972	s35-s46_cs-cs_o1-o1
684	between	35	47	h	h	0	0	113.73461862504486	s35-s47_ch-ch_o0-o0
685	between	35	47	h	h	1	1	122.48512698839514	s35-s47_ch-ch_o1-o1
686	between	35	47	k	k	0	0	127.23271748164896	s35-s47_ck-ck_o0-o0
687	between	35	47	k	k	1	1	121.85091587740848	s35-s47_ck-ck_o1-o1
688	between	35	47	s	s	0	0	117.24076024511068	s35-s47_cs-cs_o0-o0
689	between	35	47	s	s	1	1	139.17211619223121	s35-s47_cs-cs_o1-o1
690	between	35	53	h	h	0	0	104.47727021134875	s35-s53_ch-ch_o0-o0
691	between	35	53	h	h	1	1	134.19830157547796	s35-s53_ch-ch_o1-o1
692	between	35	53	k	k	0	0	128.95587082161646	s35-s53_ck-ck_o0-o0
693	between	35	53	k	k	1	1	125.9826159122244	s35-s53_ck-ck_o1-o1
694	between	35	53	s	s	0	0	148.06002780326978	s35-s53_cs-cs_o0-o0
695	between	35	53	s	s	1	1	155.93328141780674	s35-s53_cs-cs_o1-o1
696	between	35	57	h	h	0	0	122.63637902299703	s35-s57_ch-ch_o0-o0
697	between	35	57	h	h	1	1	146.35692510242413	s35-s57_ch-ch_o1-o1
698	between	35	57	k	k	0	0	157.7711628484611	s35-s57_ck-ck_o0-o0
699	between	35	57	k	k	1	1	151.5727497015032	s35-s57_ck-ck_o1-o1
700	between	35	57	s	s	0	0	145.70298448913474	s35-s57_cs-cs_o0-o0
701	between	35	57	s	s	1	1	132.43388593023914	s35-s57_cs-cs_o1-o1
702	between	35	58	h	h	0	0	108.71270720067037	s35-s58_ch-ch_o0-o0
703	between	35	58	h	h	1	1	134.58563909791772	s35-s58_ch-ch_o1-o1
704	between	35	58	k	k	0	0	135.20536986883567	s35-s58_ck-ck_o0-o0
705	between	35	58	k	k	1	1	122.60773961732095	s35-s58_ck-ck_o1-o1
706	between	35	58	s	s	0	0	170.100028393845	s35-s58_cs-cs_o0-o0
707	between	35	58	s	s	1	1	179.8027777014879	s35-s58_cs-cs_o1-o1
708	between	35	59	h	h	0	0	106.12330979019326	s35-s59_ch-ch_o0-o0
709	between	35	59	h	h	1	1	105.22239098531699	s35-s59_ch-ch_o1-o1
710	between	35	59	k	k	0	0	122.20069037582316	s35-s59_ck-ck_o0-o0
711	between	35	59	k	k	1	1	106.87655663032916	s35-s59_ck-ck_o1-o1
712	between	35	59	s	s	0	0	117.87876009961914	s35-s59_cs-cs_o0-o0
713	between	35	59	s	s	1	1	115.30356292213628	s35-s59_cs-cs_o1-o1
714	between	35	60	h	h	0	0	122.85861220741081	s35-s60_ch-ch_o0-o0
715	between	35	60	h	h	1	1	132.48056533248032	s35-s60_ch-ch_o1-o1
716	between	35	60	k	k	0	0	156.86840828010804	s35-s60_ck-ck_o0-o0
717	between	35	60	k	k	1	1	141.96477071726872	s35-s60_ck-ck_o1-o1
718	between	35	60	s	s	0	0	126.7931443300153	s35-s60_cs-cs_o0-o0
719	between	35	60	s	s	1	1	125.53986261612732	s35-s60_cs-cs_o1-o1
720	between	35	61	h	h	0	0	108.7897714818881	s35-s61_ch-ch_o0-o0
721	between	35	61	h	h	1	1	140.63577623737393	s35-s61_ch-ch_o1-o1
722	between	35	61	k	k	0	0	137.38480203818074	s35-s61_ck-ck_o0-o0
723	between	35	61	k	k	1	1	158.50679267609874	s35-s61_ck-ck_o1-o1
724	between	35	61	s	s	0	0	141.85602746321354	s35-s61_cs-cs_o0-o0
725	between	35	61	s	s	1	1	161.37279094057644	s35-s61_cs-cs_o1-o1
726	between	35	65	h	h	0	0	106.27407307341224	s35-s65_ch-ch_o0-o0
727	between	35	65	h	h	1	1	134.2430168153775	s35-s65_ch-ch_o1-o1
728	between	35	65	k	k	0	0	137.95066719915965	s35-s65_ck-ck_o0-o0
729	between	35	65	k	k	1	1	126.18681722040412	s35-s65_ck-ck_o1-o1
730	between	35	65	s	s	0	0	153.78429650489485	s35-s65_cs-cs_o0-o0
731	between	35	65	s	s	1	1	148.85690229787636	s35-s65_cs-cs_o1-o1
732	between	35	67	h	h	0	0	104.80245936188952	s35-s67_ch-ch_o0-o0
733	between	35	67	h	h	1	1	100.98913099273491	s35-s67_ch-ch_o1-o1
734	between	35	67	k	k	0	0	91.1980433884999	s35-s67_ck-ck_o0-o0
735	between	35	67	k	k	1	1	115.12603237866081	s35-s67_ck-ck_o1-o1
736	between	35	67	s	s	0	0	129.48046772830102	s35-s67_cs-cs_o0-o0
737	between	35	67	s	s	1	1	138.92949128256785	s35-s67_cs-cs_o1-o1
738	between	35	74	h	h	0	0	119.59746348073163	s35-s74_ch-ch_o0-o0
739	between	35	74	h	h	1	1	150.85812409304677	s35-s74_ch-ch_o1-o1
740	between	35	74	k	k	0	0	137.36437214838173	s35-s74_ck-ck_o0-o0
741	between	35	74	k	k	1	1	145.84011579298993	s35-s74_ck-ck_o1-o1
742	between	35	74	s	s	0	0	194.46353772564683	s35-s74_cs-cs_o0-o0
743	between	35	74	s	s	1	1	185.9458494038646	s35-s74_cs-cs_o1-o1
744	between	35	76	h	h	0	0	153.28273933982854	s35-s76_ch-ch_o0-o0
745	between	35	76	h	h	1	1	115.76477255821968	s35-s76_ch-ch_o1-o1
746	between	35	76	k	k	0	0	133.32033578138547	s35-s76_ck-ck_o0-o0
747	between	35	76	k	k	1	1	109.63466250457581	s35-s76_ck-ck_o1-o1
748	between	35	76	s	s	0	0	130.07460648192557	s35-s76_cs-cs_o0-o0
749	between	35	76	s	s	1	1	132.44809299644328	s35-s76_cs-cs_o1-o1
750	between	35	79	h	h	0	0	120.93836926018204	s35-s79_ch-ch_o0-o0
751	between	35	79	h	h	1	1	127.6972268673683	s35-s79_ch-ch_o1-o1
752	between	35	79	k	k	0	0	134.91476628727412	s35-s79_ck-ck_o0-o0
753	between	35	79	k	k	1	1	144.56255673773822	s35-s79_ck-ck_o1-o1
754	between	35	79	s	s	0	0	151.97605843585322	s35-s79_cs-cs_o0-o0
755	between	35	79	s	s	1	1	137.66635755502588	s35-s79_cs-cs_o1-o1
756	between	35	80	h	h	0	0	130.11881075603162	s35-s80_ch-ch_o0-o0
757	between	35	80	h	h	1	1	121.85514507627383	s35-s80_ch-ch_o1-o1
758	between	35	80	k	k	0	0	149.09112526017577	s35-s80_ck-ck_o0-o0
759	between	35	80	k	k	1	1	156.17722814242555	s35-s80_ck-ck_o1-o1
760	between	35	80	s	s	0	0	138.49726741580912	s35-s80_cs-cs_o0-o0
761	between	35	80	s	s	1	1	133.51023283772804	s35-s80_cs-cs_o1-o1
762	between	35	81	h	h	0	0	122.08119015618976	s35-s81_ch-ch_o0-o0
763	between	35	81	h	h	1	1	114.54205125659209	s35-s81_ch-ch_o1-o1
764	between	35	81	k	k	0	0	109.74372173121733	s35-s81_ck-ck_o0-o0
765	between	35	81	k	k	1	1	145.55662373537837	s35-s81_ck-ck_o1-o1
766	between	35	81	s	s	0	0	164.32953451735193	s35-s81_cs-cs_o0-o0
767	between	35	81	s	s	1	1	196.91497780726965	s35-s81_cs-cs_o1-o1
768	between	35	87	h	h	0	0	134.1129996231529	s35-s87_ch-ch_o0-o0
769	between	35	87	h	h	1	1	121.67594587641672	s35-s87_ch-ch_o1-o1
770	between	35	87	k	k	0	0	119.41877448046853	s35-s87_ck-ck_o0-o0
771	between	35	87	k	k	1	1	115.52953477116975	s35-s87_ck-ck_o1-o1
772	between	35	87	s	s	0	0	168.72978295040554	s35-s87_cs-cs_o0-o0
773	between	35	87	s	s	1	1	198.89091158544477	s35-s87_cs-cs_o1-o1
774	between	35	88	h	h	0	0	137.39066700023412	s35-s88_ch-ch_o0-o0
775	between	35	88	h	h	1	1	149.5659440847081	s35-s88_ch-ch_o1-o1
776	between	35	88	k	k	0	0	178.48237260927164	s35-s88_ck-ck_o0-o0
777	between	35	88	k	k	1	1	145.4231107547263	s35-s88_ck-ck_o1-o1
778	between	35	88	s	s	0	0	191.44582317107123	s35-s88_cs-cs_o0-o0
779	between	35	88	s	s	1	1	173.40848432221003	s35-s88_cs-cs_o1-o1
780	between	35	89	h	h	0	0	109.72449729380263	s35-s89_ch-ch_o0-o0
781	between	35	89	h	h	1	1	125.28829697871123	s35-s89_ch-ch_o1-o1
782	between	35	89	k	k	0	0	110.00813566778659	s35-s89_ck-ck_o0-o0
783	between	35	89	k	k	1	1	103.67408924849879	s35-s89_ck-ck_o1-o1
784	between	35	89	s	s	0	0	121.05883335784323	s35-s89_cs-cs_o0-o0
785	between	35	89	s	s	1	1	88.31885781269716	s35-s89_cs-cs_o1-o1
786	between	35	90	h	h	0	0	132.56731231693104	s35-s90_ch-ch_o0-o0
787	between	35	90	h	h	1	1	125.08003775423676	s35-s90_ch-ch_o1-o1
788	between	35	90	k	k	0	0	145.47256471628293	s35-s90_ck-ck_o0-o0
789	between	35	90	k	k	1	1	154.5717751060995	s35-s90_ck-ck_o1-o1
790	between	35	90	s	s	0	0	147.01247032787748	s35-s90_cs-cs_o0-o0
791	between	35	90	s	s	1	1	160.31087739569995	s35-s90_cs-cs_o1-o1
792	between	35	91	h	h	0	0	118.46939257260574	s35-s91_ch-ch_o0-o0
793	between	35	91	h	h	1	1	124.10459462408208	s35-s91_ch-ch_o1-o1
794	between	35	91	k	k	0	0	130.06968891966196	s35-s91_ck-ck_o0-o0
795	between	35	91	k	k	1	1	129.27817430937807	s35-s91_ck-ck_o1-o1
796	between	35	91	s	s	0	0	202.55598602626614	s35-s91_cs-cs_o0-o0
797	between	35	91	s	s	1	1	217.79728778398288	s35-s91_cs-cs_o1-o1
798	between	35	92	h	h	0	0	105.02749728727069	s35-s92_ch-ch_o0-o0
799	between	35	92	h	h	1	1	94.16983066080124	s35-s92_ch-ch_o1-o1
800	between	35	92	k	k	0	0	117.28041256030086	s35-s92_ck-ck_o0-o0
801	between	35	92	k	k	1	1	112.74755062409253	s35-s92_ck-ck_o1-o1
802	between	35	92	s	s	0	0	221.44520020893162	s35-s92_cs-cs_o0-o0
803	between	35	92	s	s	1	1	115.98366193862812	s35-s92_cs-cs_o1-o1
804	between	35	94	h	h	0	0	123.67814932226717	s35-s94_ch-ch_o0-o0
805	between	35	94	h	h	1	1	131.80489149023944	s35-s94_ch-ch_o1-o1
806	between	35	94	k	k	0	0	136.39604502297718	s35-s94_ck-ck_o0-o0
807	between	35	94	k	k	1	1	131.2997953503904	s35-s94_ck-ck_o1-o1
808	between	35	94	s	s	0	0	265.50839416396593	s35-s94_cs-cs_o0-o0
809	between	35	94	s	s	1	1	219.14520321517023	s35-s94_cs-cs_o1-o1
810	between	35	95	h	h	0	0	109.64010238770975	s35-s95_ch-ch_o0-o0
811	between	35	95	h	h	1	1	130.03895224886978	s35-s95_ch-ch_o1-o1
812	between	35	95	k	k	0	0	122.9979732442337	s35-s95_ck-ck_o0-o0
813	between	35	95	k	k	1	1	108.41291817898929	s35-s95_ck-ck_o1-o1
814	between	35	95	s	s	0	0	140.10483568482735	s35-s95_cs-cs_o0-o0
815	between	35	95	s	s	1	1	151.69956110645788	s35-s95_cs-cs_o1-o1
816	between	35	97	h	h	0	0	107.25132487315304	s35-s97_ch-ch_o0-o0
817	between	35	97	h	h	1	1	112.38923118753054	s35-s97_ch-ch_o1-o1
818	between	35	97	k	k	0	0	106.1933568079106	s35-s97_ck-ck_o0-o0
819	between	35	97	k	k	1	1	118.1430527594225	s35-s97_ck-ck_o1-o1
820	between	35	97	s	s	0	0	113.6150590375865	s35-s97_cs-cs_o0-o0
821	between	35	97	s	s	1	1	112.11632361660449	s35-s97_cs-cs_o1-o1
822	between	35	99	h	h	0	0	116.19918807967143	s35-s99_ch-ch_o0-o0
823	between	35	99	h	h	1	1	120.72228673779065	s35-s99_ch-ch_o1-o1
824	between	35	99	k	k	0	0	116.57690540247141	s35-s99_ck-ck_o0-o0
825	between	35	99	k	k	1	1	153.5829342030653	s35-s99_ck-ck_o1-o1
826	between	35	99	s	s	0	0	130.9079787030095	s35-s99_cs-cs_o0-o0
827	between	35	99	s	s	1	1	140.65560431127577	s35-s99_cs-cs_o1-o1
828	between	38	39	h	h	0	0	88.35632490207543	s38-s39_ch-ch_o0-o0
829	between	38	39	h	h	1	1	134.86698446025633	s38-s39_ch-ch_o1-o1
830	between	38	39	k	k	0	0	107.59628035715436	s38-s39_ck-ck_o0-o0
831	between	38	39	k	k	1	1	113.64414513693197	s38-s39_ck-ck_o1-o1
832	between	38	39	s	s	0	0	148.00687156696264	s38-s39_cs-cs_o0-o0
833	between	38	39	s	s	1	1	124.78525807796024	s38-s39_cs-cs_o1-o1
834	between	38	40	h	h	0	0	98.95490529627362	s38-s40_ch-ch_o0-o0
835	between	38	40	h	h	1	1	136.2711154255086	s38-s40_ch-ch_o1-o1
836	between	38	40	k	k	0	0	92.58561028731914	s38-s40_ck-ck_o0-o0
837	between	38	40	k	k	1	1	127.38818698558984	s38-s40_ck-ck_o1-o1
838	between	38	40	s	s	0	0	137.58345797094182	s38-s40_cs-cs_o0-o0
839	between	38	40	s	s	1	1	138.78009292955815	s38-s40_cs-cs_o1-o1
840	between	38	43	h	h	0	0	138.72157353280645	s38-s43_ch-ch_o0-o0
841	between	38	43	h	h	1	1	105.4286343918306	s38-s43_ch-ch_o1-o1
842	between	38	43	k	k	0	0	134.873475118682	s38-s43_ck-ck_o0-o0
843	between	38	43	k	k	1	1	137.9150110989275	s38-s43_ck-ck_o1-o1
844	between	38	43	s	s	0	0	129.52667047385606	s38-s43_cs-cs_o0-o0
845	between	38	43	s	s	1	1	112.52331693981347	s38-s43_cs-cs_o1-o1
846	between	38	46	h	h	0	0	120.61272406787984	s38-s46_ch-ch_o0-o0
847	between	38	46	h	h	1	1	125.43563294722257	s38-s46_ch-ch_o1-o1
848	between	38	46	k	k	0	0	142.9381330286546	s38-s46_ck-ck_o0-o0
849	between	38	46	k	k	1	1	143.45575872898027	s38-s46_ck-ck_o1-o1
850	between	38	46	s	s	0	0	171.57167590899016	s38-s46_cs-cs_o0-o0
851	between	38	46	s	s	1	1	163.7285168293881	s38-s46_cs-cs_o1-o1
852	between	38	47	h	h	0	0	116.92564965240031	s38-s47_ch-ch_o0-o0
853	between	38	47	h	h	1	1	119.78560625792228	s38-s47_ch-ch_o1-o1
854	between	38	47	k	k	0	0	112.42752626012525	s38-s47_ck-ck_o0-o0
855	between	38	47	k	k	1	1	128.1527198244134	s38-s47_ck-ck_o1-o1
856	between	38	47	s	s	0	0	145.30120895101786	s38-s47_cs-cs_o0-o0
857	between	38	47	s	s	1	1	139.18148217774223	s38-s47_cs-cs_o1-o1
858	between	38	53	h	h	0	0	92.33202252312702	s38-s53_ch-ch_o0-o0
859	between	38	53	h	h	1	1	102.98795610821394	s38-s53_ch-ch_o1-o1
860	between	38	53	k	k	0	0	111.81580121941887	s38-s53_ck-ck_o0-o0
861	between	38	53	k	k	1	1	130.3043386448723	s38-s53_ck-ck_o1-o1
862	between	38	53	s	s	0	0	169.36307498741064	s38-s53_cs-cs_o0-o0
863	between	38	53	s	s	1	1	119.95245761982952	s38-s53_cs-cs_o1-o1
864	between	38	57	h	h	0	0	118.50517149886524	s38-s57_ch-ch_o0-o0
865	between	38	57	h	h	1	1	136.6269263334227	s38-s57_ch-ch_o1-o1
866	between	38	57	k	k	0	0	124.79117667548378	s38-s57_ck-ck_o0-o0
867	between	38	57	k	k	1	1	179.28178523701789	s38-s57_ck-ck_o1-o1
868	between	38	57	s	s	0	0	168.97261871692646	s38-s57_cs-cs_o0-o0
869	between	38	57	s	s	1	1	145.51477898365002	s38-s57_cs-cs_o1-o1
870	between	38	58	h	h	0	0	114.73256998166674	s38-s58_ch-ch_o0-o0
871	between	38	58	h	h	1	1	101.07664417638144	s38-s58_ch-ch_o1-o1
872	between	38	58	k	k	0	0	106.1162070521286	s38-s58_ck-ck_o0-o0
873	between	38	58	k	k	1	1	136.20552299665346	s38-s58_ck-ck_o1-o1
874	between	38	58	s	s	0	0	171.27708304527425	s38-s58_cs-cs_o0-o0
875	between	38	58	s	s	1	1	157.18027785869367	s38-s58_cs-cs_o1-o1
876	between	38	59	h	h	0	0	97.5044280257688	s38-s59_ch-ch_o0-o0
877	between	38	59	h	h	1	1	91.3108410225447	s38-s59_ch-ch_o1-o1
878	between	38	59	k	k	0	0	86.06793078612829	s38-s59_ck-ck_o0-o0
879	between	38	59	k	k	1	1	107.07857682415445	s38-s59_ck-ck_o1-o1
880	between	38	59	s	s	0	0	117.85672612630889	s38-s59_cs-cs_o0-o0
881	between	38	59	s	s	1	1	115.96118028416646	s38-s59_cs-cs_o1-o1
882	between	38	60	h	h	0	0	96.08000134954133	s38-s60_ch-ch_o0-o0
883	between	38	60	h	h	1	1	118.31616250604775	s38-s60_ch-ch_o1-o1
884	between	38	60	k	k	0	0	131.84641301670746	s38-s60_ck-ck_o0-o0
885	between	38	60	k	k	1	1	146.91159134243216	s38-s60_ck-ck_o1-o1
886	between	38	60	s	s	0	0	150.23522407196842	s38-s60_cs-cs_o0-o0
887	between	38	60	s	s	1	1	121.4706335111433	s38-s60_cs-cs_o1-o1
888	between	38	61	h	h	0	0	111.1145467715594	s38-s61_ch-ch_o0-o0
889	between	38	61	h	h	1	1	109.44845042673188	s38-s61_ch-ch_o1-o1
890	between	38	61	k	k	0	0	117.09278471737012	s38-s61_ck-ck_o0-o0
891	between	38	61	k	k	1	1	145.6202076348935	s38-s61_ck-ck_o1-o1
892	between	38	61	s	s	0	0	154.14605148758955	s38-s61_cs-cs_o0-o0
893	between	38	61	s	s	1	1	148.42803007333072	s38-s61_cs-cs_o1-o1
894	between	38	65	h	h	0	0	92.69160170597215	s38-s65_ch-ch_o0-o0
895	between	38	65	h	h	1	1	102.89350434122565	s38-s65_ch-ch_o1-o1
896	between	38	65	k	k	0	0	104.44451448389471	s38-s65_ck-ck_o0-o0
897	between	38	65	k	k	1	1	114.69652842929821	s38-s65_ck-ck_o1-o1
898	between	38	65	s	s	0	0	163.86396406234638	s38-s65_cs-cs_o0-o0
899	between	38	65	s	s	1	1	122.33382324111359	s38-s65_cs-cs_o1-o1
900	between	38	67	h	h	0	0	113.0923815264189	s38-s67_ch-ch_o0-o0
901	between	38	67	h	h	1	1	120.31401694174008	s38-s67_ch-ch_o1-o1
902	between	38	67	k	k	0	0	108.0747848885036	s38-s67_ck-ck_o0-o0
903	between	38	67	k	k	1	1	116.94626063357912	s38-s67_ck-ck_o1-o1
904	between	38	67	s	s	0	0	155.87830284040356	s38-s67_cs-cs_o0-o0
905	between	38	67	s	s	1	1	131.82141245941952	s38-s67_cs-cs_o1-o1
906	between	38	74	h	h	0	0	114.42133520490188	s38-s74_ch-ch_o0-o0
907	between	38	74	h	h	1	1	126.51378796724794	s38-s74_ch-ch_o1-o1
908	between	38	74	k	k	0	0	132.3637252152934	s38-s74_ck-ck_o0-o0
909	between	38	74	k	k	1	1	146.58526464275363	s38-s74_ck-ck_o1-o1
910	between	38	74	s	s	0	0	181.96795062183494	s38-s74_cs-cs_o0-o0
911	between	38	74	s	s	1	1	147.44589664310215	s38-s74_cs-cs_o1-o1
912	between	38	76	h	h	0	0	148.31663827117848	s38-s76_ch-ch_o0-o0
913	between	38	76	h	h	1	1	98.27838538690011	s38-s76_ch-ch_o1-o1
914	between	38	76	k	k	0	0	116.25824773130452	s38-s76_ck-ck_o0-o0
915	between	38	76	k	k	1	1	123.85247833264233	s38-s76_ck-ck_o1-o1
916	between	38	76	s	s	0	0	144.55855667737052	s38-s76_cs-cs_o0-o0
917	between	38	76	s	s	1	1	140.6266283433248	s38-s76_cs-cs_o1-o1
918	between	38	79	h	h	0	0	108.20005959386134	s38-s79_ch-ch_o0-o0
919	between	38	79	h	h	1	1	110.69578718918518	s38-s79_ch-ch_o1-o1
920	between	38	79	k	k	0	0	112.20519032041285	s38-s79_ck-ck_o0-o0
921	between	38	79	k	k	1	1	133.31122329956526	s38-s79_ck-ck_o1-o1
922	between	38	79	s	s	0	0	146.04877487704414	s38-s79_cs-cs_o0-o0
923	between	38	79	s	s	1	1	116.32248632275441	s38-s79_cs-cs_o1-o1
924	between	38	80	h	h	0	0	121.20822663168163	s38-s80_ch-ch_o0-o0
925	between	38	80	h	h	1	1	126.65812069975196	s38-s80_ch-ch_o1-o1
926	between	38	80	k	k	0	0	141.732667284662	s38-s80_ck-ck_o0-o0
927	between	38	80	k	k	1	1	169.74049981998095	s38-s80_ck-ck_o1-o1
928	between	38	80	s	s	0	0	143.73296981077357	s38-s80_cs-cs_o0-o0
929	between	38	80	s	s	1	1	135.87509592983798	s38-s80_cs-cs_o1-o1
930	between	38	81	h	h	0	0	115.691068442449	s38-s81_ch-ch_o0-o0
931	between	38	81	h	h	1	1	127.11007198177005	s38-s81_ch-ch_o1-o1
932	between	38	81	k	k	0	0	136.25834632724906	s38-s81_ck-ck_o0-o0
933	between	38	81	k	k	1	1	164.91050563617202	s38-s81_ck-ck_o1-o1
934	between	38	81	s	s	0	0	215.62603521146156	s38-s81_cs-cs_o0-o0
935	between	38	81	s	s	1	1	169.62163351961127	s38-s81_cs-cs_o1-o1
936	between	38	87	h	h	0	0	136.2798598862999	s38-s87_ch-ch_o0-o0
937	between	38	87	h	h	1	1	122.23840112242003	s38-s87_ch-ch_o1-o1
938	between	38	87	k	k	0	0	126.60934639668172	s38-s87_ck-ck_o0-o0
939	between	38	87	k	k	1	1	113.96798534059997	s38-s87_ck-ck_o1-o1
940	between	38	87	s	s	0	0	216.9134195675114	s38-s87_cs-cs_o0-o0
941	between	38	87	s	s	1	1	215.70377659916608	s38-s87_cs-cs_o1-o1
942	between	38	88	h	h	0	0	123.84897141659984	s38-s88_ch-ch_o0-o0
943	between	38	88	h	h	1	1	111.2805462407487	s38-s88_ch-ch_o1-o1
944	between	38	88	k	k	0	0	131.71419612997963	s38-s88_ck-ck_o0-o0
945	between	38	88	k	k	1	1	133.61356170819752	s38-s88_ck-ck_o1-o1
946	between	38	88	s	s	0	0	187.55089365499367	s38-s88_cs-cs_o0-o0
947	between	38	88	s	s	1	1	168.7184507574486	s38-s88_cs-cs_o1-o1
948	between	38	89	h	h	0	0	99.51884773053344	s38-s89_ch-ch_o0-o0
949	between	38	89	h	h	1	1	117.4035115948652	s38-s89_ch-ch_o1-o1
950	between	38	89	k	k	0	0	85.18791430918016	s38-s89_ck-ck_o0-o0
951	between	38	89	k	k	1	1	98.26092376083513	s38-s89_ck-ck_o1-o1
952	between	38	89	s	s	0	0	154.41697038905357	s38-s89_cs-cs_o0-o0
953	between	38	89	s	s	1	1	118.35402032505787	s38-s89_cs-cs_o1-o1
954	between	38	90	h	h	0	0	119.86294492827984	s38-s90_ch-ch_o0-o0
955	between	38	90	h	h	1	1	114.45603666895771	s38-s90_ch-ch_o1-o1
956	between	38	90	k	k	0	0	139.47066541247722	s38-s90_ck-ck_o0-o0
957	between	38	90	k	k	1	1	168.88814490839823	s38-s90_ck-ck_o1-o1
958	between	38	90	s	s	0	0	163.85813221279352	s38-s90_cs-cs_o0-o0
959	between	38	90	s	s	1	1	177.49118636719672	s38-s90_cs-cs_o1-o1
960	between	38	91	h	h	0	0	103.85325227327273	s38-s91_ch-ch_o0-o0
961	between	38	91	h	h	1	1	104.11669875763073	s38-s91_ch-ch_o1-o1
962	between	38	91	k	k	0	0	90.95708491208691	s38-s91_ck-ck_o0-o0
963	between	38	91	k	k	1	1	117.55350896333702	s38-s91_ck-ck_o1-o1
964	between	38	91	s	s	0	0	207.2656846674443	s38-s91_cs-cs_o0-o0
965	between	38	91	s	s	1	1	193.0393066320445	s38-s91_cs-cs_o1-o1
966	between	38	92	h	h	0	0	121.56393280333758	s38-s92_ch-ch_o0-o0
967	between	38	92	h	h	1	1	116.80200339567689	s38-s92_ch-ch_o1-o1
968	between	38	92	k	k	0	0	128.01335288894134	s38-s92_ck-ck_o0-o0
969	between	38	92	k	k	1	1	126.21943792192899	s38-s92_ck-ck_o1-o1
970	between	38	92	s	s	0	0	238.9640482578766	s38-s92_cs-cs_o0-o0
971	between	38	92	s	s	1	1	139.68399987563754	s38-s92_cs-cs_o1-o1
972	between	38	94	h	h	0	0	113.67176504843378	s38-s94_ch-ch_o0-o0
973	between	38	94	h	h	1	1	134.7464604400184	s38-s94_ch-ch_o1-o1
974	between	38	94	k	k	0	0	116.37151817263643	s38-s94_ck-ck_o0-o0
975	between	38	94	k	k	1	1	118.72076007792282	s38-s94_ck-ck_o1-o1
976	between	38	94	s	s	0	0	306.2817646352249	s38-s94_cs-cs_o0-o0
977	between	38	94	s	s	1	1	218.04072701513758	s38-s94_cs-cs_o1-o1
978	between	38	95	h	h	0	0	91.25099282866525	s38-s95_ch-ch_o0-o0
979	between	38	95	h	h	1	1	87.83691978640847	s38-s95_ch-ch_o1-o1
980	between	38	95	k	k	0	0	80.86319545843993	s38-s95_ck-ck_o0-o0
981	between	38	95	k	k	1	1	110.77859158798323	s38-s95_ck-ck_o1-o1
982	between	38	95	s	s	0	0	148.31503167140318	s38-s95_cs-cs_o0-o0
983	between	38	95	s	s	1	1	120.53087345394206	s38-s95_cs-cs_o1-o1
984	between	38	97	h	h	0	0	128.601803901994	s38-s97_ch-ch_o0-o0
985	between	38	97	h	h	1	1	138.31286111711518	s38-s97_ch-ch_o1-o1
986	between	38	97	k	k	0	0	127.75512450994928	s38-s97_ck-ck_o0-o0
987	between	38	97	k	k	1	1	140.46774757375042	s38-s97_ck-ck_o1-o1
988	between	38	97	s	s	0	0	135.2831627146105	s38-s97_cs-cs_o0-o0
989	between	38	97	s	s	1	1	126.15679872031367	s38-s97_cs-cs_o1-o1
990	between	38	99	h	h	0	0	102.04039958955765	s38-s99_ch-ch_o0-o0
991	between	38	99	h	h	1	1	109.7649763691877	s38-s99_ch-ch_o1-o1
992	between	38	99	k	k	0	0	103.36594448413432	s38-s99_ck-ck_o0-o0
993	between	38	99	k	k	1	1	159.66561382401864	s38-s99_ck-ck_o1-o1
994	between	38	99	s	s	0	0	153.7047979379453	s38-s99_cs-cs_o0-o0
995	between	38	99	s	s	1	1	123.62949477555239	s38-s99_cs-cs_o1-o1
996	between	39	40	h	h	0	0	71.6606995455699	s39-s40_ch-ch_o0-o0
997	between	39	40	h	h	1	1	158.203894311786	s39-s40_ch-ch_o1-o1
998	between	39	40	k	k	0	0	99.47500638007405	s39-s40_ck-ck_o0-o0
999	between	39	40	k	k	1	1	126.16202636958118	s39-s40_ck-ck_o1-o1
1000	between	39	40	s	s	0	0	117.09941869679095	s39-s40_cs-cs_o0-o0
1001	between	39	40	s	s	1	1	134.26393325039263	s39-s40_cs-cs_o1-o1
1002	between	39	43	h	h	0	0	133.36184220984651	s39-s43_ch-ch_o0-o0
1003	between	39	43	h	h	1	1	143.9093679320112	s39-s43_ch-ch_o1-o1
1004	between	39	43	k	k	0	0	135.5387845485756	s39-s43_ck-ck_o0-o0
1005	between	39	43	k	k	1	1	130.25160912828343	s39-s43_ck-ck_o1-o1
1006	between	39	43	s	s	0	0	130.60844142418534	s39-s43_cs-cs_o0-o0
1007	between	39	43	s	s	1	1	109.98010401349507	s39-s43_cs-cs_o1-o1
1008	between	39	46	h	h	0	0	126.21931034953374	s39-s46_ch-ch_o0-o0
1009	between	39	46	h	h	1	1	167.90954921738475	s39-s46_ch-ch_o1-o1
1010	between	39	46	k	k	0	0	140.61990959069055	s39-s46_ck-ck_o0-o0
1011	between	39	46	k	k	1	1	149.65655084008083	s39-s46_ck-ck_o1-o1
1012	between	39	46	s	s	0	0	172.62881233335037	s39-s46_cs-cs_o0-o0
1013	between	39	46	s	s	1	1	173.2222484070866	s39-s46_cs-cs_o1-o1
1014	between	39	47	h	h	0	0	86.14390606182188	s39-s47_ch-ch_o0-o0
1015	between	39	47	h	h	1	1	166.01495580809237	s39-s47_ch-ch_o1-o1
1016	between	39	47	k	k	0	0	128.0296070048145	s39-s47_ck-ck_o0-o0
1017	between	39	47	k	k	1	1	138.49562542188255	s39-s47_ck-ck_o1-o1
1018	between	39	47	s	s	0	0	143.8837210258052	s39-s47_cs-cs_o0-o0
1019	between	39	47	s	s	1	1	142.0835379648791	s39-s47_cs-cs_o1-o1
1020	between	39	53	h	h	0	0	80.96522403858364	s39-s53_ch-ch_o0-o0
1021	between	39	53	h	h	1	1	159.06518283227587	s39-s53_ch-ch_o1-o1
1022	between	39	53	k	k	0	0	124.6073986038195	s39-s53_ck-ck_o0-o0
1023	between	39	53	k	k	1	1	134.6643847406906	s39-s53_ck-ck_o1-o1
1024	between	39	53	s	s	0	0	132.46076432552357	s39-s53_cs-cs_o0-o0
1025	between	39	53	s	s	1	1	137.206670437617	s39-s53_cs-cs_o1-o1
1026	between	39	57	h	h	0	0	109.3698022667851	s39-s57_ch-ch_o0-o0
1027	between	39	57	h	h	1	1	171.89250406668359	s39-s57_ch-ch_o1-o1
1028	between	39	57	k	k	0	0	138.98971128778396	s39-s57_ck-ck_o0-o0
1029	between	39	57	k	k	1	1	173.40759263588942	s39-s57_ck-ck_o1-o1
1030	between	39	57	s	s	0	0	171.9448285000401	s39-s57_cs-cs_o0-o0
1031	between	39	57	s	s	1	1	135.96405983658454	s39-s57_cs-cs_o1-o1
1032	between	39	58	h	h	0	0	100.46385679900176	s39-s58_ch-ch_o0-o0
1033	between	39	58	h	h	1	1	150.6135543564329	s39-s58_ch-ch_o1-o1
1034	between	39	58	k	k	0	0	113.00278162725186	s39-s58_ck-ck_o0-o0
1035	between	39	58	k	k	1	1	139.3376412311334	s39-s58_ck-ck_o1-o1
1036	between	39	58	s	s	0	0	180.9974183289026	s39-s58_cs-cs_o0-o0
1037	between	39	58	s	s	1	1	169.48990955281258	s39-s58_cs-cs_o1-o1
1038	between	39	59	h	h	0	0	80.43238291776122	s39-s59_ch-ch_o0-o0
1039	between	39	59	h	h	1	1	136.92141734623686	s39-s59_ch-ch_o1-o1
1040	between	39	59	k	k	0	0	98.65363727977292	s39-s59_ck-ck_o0-o0
1041	between	39	59	k	k	1	1	109.07434137425174	s39-s59_ck-ck_o1-o1
1042	between	39	59	s	s	0	0	111.25716580706585	s39-s59_cs-cs_o0-o0
1043	between	39	59	s	s	1	1	103.76524291178569	s39-s59_cs-cs_o1-o1
1044	between	39	60	h	h	0	0	92.08257536239789	s39-s60_ch-ch_o0-o0
1045	between	39	60	h	h	1	1	146.05260729727053	s39-s60_ch-ch_o1-o1
1046	between	39	60	k	k	0	0	141.2286439905989	s39-s60_ck-ck_o0-o0
1047	between	39	60	k	k	1	1	137.28206473398726	s39-s60_ck-ck_o1-o1
1048	between	39	60	s	s	0	0	142.42509460772686	s39-s60_cs-cs_o0-o0
1049	between	39	60	s	s	1	1	114.059476581414	s39-s60_cs-cs_o1-o1
1050	between	39	61	h	h	0	0	90.54938681088473	s39-s61_ch-ch_o0-o0
1051	between	39	61	h	h	1	1	159.50507313273485	s39-s61_ch-ch_o1-o1
1052	between	39	61	k	k	0	0	128.7644757107799	s39-s61_ck-ck_o0-o0
1053	between	39	61	k	k	1	1	146.90937063922442	s39-s61_ck-ck_o1-o1
1054	between	39	61	s	s	0	0	139.46977437881677	s39-s61_cs-cs_o0-o0
1055	between	39	61	s	s	1	1	146.7770470521813	s39-s61_cs-cs_o1-o1
1056	between	39	65	h	h	0	0	86.62548294789322	s39-s65_ch-ch_o0-o0
1057	between	39	65	h	h	1	1	146.57104971038822	s39-s65_ch-ch_o1-o1
1058	between	39	65	k	k	0	0	108.92454889446667	s39-s65_ck-ck_o0-o0
1059	between	39	65	k	k	1	1	109.05079693688006	s39-s65_ck-ck_o1-o1
1060	between	39	65	s	s	0	0	117.72628804320672	s39-s65_cs-cs_o0-o0
1061	between	39	65	s	s	1	1	122.77442315038518	s39-s65_cs-cs_o1-o1
1062	between	39	67	h	h	0	0	95.1382583982177	s39-s67_ch-ch_o0-o0
1063	between	39	67	h	h	1	1	160.89559626142318	s39-s67_ch-ch_o1-o1
1064	between	39	67	k	k	0	0	112.02305695260733	s39-s67_ck-ck_o0-o0
1065	between	39	67	k	k	1	1	121.15929080654276	s39-s67_ck-ck_o1-o1
1066	between	39	67	s	s	0	0	170.43152221424054	s39-s67_cs-cs_o0-o0
1067	between	39	67	s	s	1	1	133.647774417847	s39-s67_cs-cs_o1-o1
1068	between	39	74	h	h	0	0	112.36879194752338	s39-s74_ch-ch_o0-o0
1069	between	39	74	h	h	1	1	166.4470285474413	s39-s74_ch-ch_o1-o1
1070	between	39	74	k	k	0	0	126.20881206197768	s39-s74_ck-ck_o0-o0
1071	between	39	74	k	k	1	1	154.59113715723925	s39-s74_ck-ck_o1-o1
1072	between	39	74	s	s	0	0	168.21134310857286	s39-s74_cs-cs_o0-o0
1073	between	39	74	s	s	1	1	176.5215148989096	s39-s74_cs-cs_o1-o1
1074	between	39	76	h	h	0	0	141.2648270070246	s39-s76_ch-ch_o0-o0
1075	between	39	76	h	h	1	1	135.02966988491346	s39-s76_ch-ch_o1-o1
1076	between	39	76	k	k	0	0	109.48662818705522	s39-s76_ck-ck_o0-o0
1077	between	39	76	k	k	1	1	125.77532834191055	s39-s76_ck-ck_o1-o1
1078	between	39	76	s	s	0	0	130.58860038547385	s39-s76_cs-cs_o0-o0
1079	between	39	76	s	s	1	1	133.48866794940375	s39-s76_cs-cs_o1-o1
1080	between	39	79	h	h	0	0	102.20139160367577	s39-s79_ch-ch_o0-o0
1081	between	39	79	h	h	1	1	149.29631892899533	s39-s79_ch-ch_o1-o1
1082	between	39	79	k	k	0	0	124.04489243444493	s39-s79_ck-ck_o0-o0
1083	between	39	79	k	k	1	1	144.11808916210714	s39-s79_ck-ck_o1-o1
1084	between	39	79	s	s	0	0	145.38470771191302	s39-s79_cs-cs_o0-o0
1085	between	39	79	s	s	1	1	126.23195290338154	s39-s79_cs-cs_o1-o1
1086	between	39	80	h	h	0	0	135.88591898557956	s39-s80_ch-ch_o0-o0
1087	between	39	80	h	h	1	1	172.55464246235175	s39-s80_ch-ch_o1-o1
1088	between	39	80	k	k	0	0	150.97828723769499	s39-s80_ck-ck_o0-o0
1089	between	39	80	k	k	1	1	175.01701193857338	s39-s80_ck-ck_o1-o1
1090	between	39	80	s	s	0	0	147.54922588419575	s39-s80_cs-cs_o0-o0
1091	between	39	80	s	s	1	1	145.46928234797292	s39-s80_cs-cs_o1-o1
1092	between	39	81	h	h	0	0	110.83586875279889	s39-s81_ch-ch_o0-o0
1093	between	39	81	h	h	1	1	172.9287674190137	s39-s81_ch-ch_o1-o1
1094	between	39	81	k	k	0	0	138.53956324580335	s39-s81_ck-ck_o0-o0
1095	between	39	81	k	k	1	1	168.13951037652558	s39-s81_ck-ck_o1-o1
1096	between	39	81	s	s	0	0	149.00390405903138	s39-s81_cs-cs_o0-o0
1097	between	39	81	s	s	1	1	153.18443008518577	s39-s81_cs-cs_o1-o1
1098	between	39	87	h	h	0	0	104.44900102533299	s39-s87_ch-ch_o0-o0
1099	between	39	87	h	h	1	1	143.08866904471418	s39-s87_ch-ch_o1-o1
1100	between	39	87	k	k	0	0	119.9142914828578	s39-s87_ck-ck_o0-o0
1101	between	39	87	k	k	1	1	117.31253080270366	s39-s87_ck-ck_o1-o1
1102	between	39	87	s	s	0	0	168.83564226483753	s39-s87_cs-cs_o0-o0
1103	between	39	87	s	s	1	1	201.92848431294564	s39-s87_cs-cs_o1-o1
1104	between	39	88	h	h	0	0	117.94692608941656	s39-s88_ch-ch_o0-o0
1105	between	39	88	h	h	1	1	163.77894884628077	s39-s88_ch-ch_o1-o1
1106	between	39	88	k	k	0	0	148.73541236493767	s39-s88_ck-ck_o0-o0
1107	between	39	88	k	k	1	1	133.56055955240612	s39-s88_ck-ck_o1-o1
1108	between	39	88	s	s	0	0	197.45520677590747	s39-s88_cs-cs_o0-o0
1109	between	39	88	s	s	1	1	177.21319661555572	s39-s88_cs-cs_o1-o1
1110	between	39	89	h	h	0	0	76.23541991637877	s39-s89_ch-ch_o0-o0
1111	between	39	89	h	h	1	1	149.50279365193802	s39-s89_ch-ch_o1-o1
1112	between	39	89	k	k	0	0	95.55233859382945	s39-s89_ck-ck_o0-o0
1113	between	39	89	k	k	1	1	107.09140757015571	s39-s89_ck-ck_o1-o1
1114	between	39	89	s	s	0	0	144.62936297103002	s39-s89_cs-cs_o0-o0
1115	between	39	89	s	s	1	1	105.93749343145441	s39-s89_cs-cs_o1-o1
1116	between	39	90	h	h	0	0	107.08860195511508	s39-s90_ch-ch_o0-o0
1117	between	39	90	h	h	1	1	169.42134238134184	s39-s90_ch-ch_o1-o1
1118	between	39	90	k	k	0	0	141.96727955359225	s39-s90_ck-ck_o0-o0
1119	between	39	90	k	k	1	1	183.35017377350914	s39-s90_ck-ck_o1-o1
1120	between	39	90	s	s	0	0	163.39547335141117	s39-s90_cs-cs_o0-o0
1121	between	39	90	s	s	1	1	162.80544077095632	s39-s90_cs-cs_o1-o1
1122	between	39	91	h	h	0	0	92.34951244180219	s39-s91_ch-ch_o0-o0
1123	between	39	91	h	h	1	1	136.68052302518896	s39-s91_ch-ch_o1-o1
1124	between	39	91	k	k	0	0	102.41864688598926	s39-s91_ck-ck_o0-o0
1125	between	39	91	k	k	1	1	122.07476951074548	s39-s91_ck-ck_o1-o1
1126	between	39	91	s	s	0	0	197.26383914519943	s39-s91_cs-cs_o0-o0
1127	between	39	91	s	s	1	1	200.88863004522017	s39-s91_cs-cs_o1-o1
1128	between	39	92	h	h	0	0	111.86882222200786	s39-s92_ch-ch_o0-o0
1129	between	39	92	h	h	1	1	142.40866410154496	s39-s92_ch-ch_o1-o1
1130	between	39	92	k	k	0	0	131.81406071966998	s39-s92_ck-ck_o0-o0
1131	between	39	92	k	k	1	1	130.1089725306804	s39-s92_ck-ck_o1-o1
1132	between	39	92	s	s	0	0	244.8952633635035	s39-s92_cs-cs_o0-o0
1133	between	39	92	s	s	1	1	128.72576239630013	s39-s92_cs-cs_o1-o1
1134	between	39	94	h	h	0	0	85.10793703489732	s39-s94_ch-ch_o0-o0
1135	between	39	94	h	h	1	1	161.0978451016338	s39-s94_ch-ch_o1-o1
1136	between	39	94	k	k	0	0	128.21647631062135	s39-s94_ck-ck_o0-o0
1137	between	39	94	k	k	1	1	134.98637538167134	s39-s94_ck-ck_o1-o1
1138	between	39	94	s	s	0	0	286.3984498113502	s39-s94_cs-cs_o0-o0
1139	between	39	94	s	s	1	1	241.80220115485548	s39-s94_cs-cs_o1-o1
1140	between	39	95	h	h	0	0	76.61935121836333	s39-s95_ch-ch_o0-o0
1141	between	39	95	h	h	1	1	139.91094355348386	s39-s95_ch-ch_o1-o1
1142	between	39	95	k	k	0	0	105.54502177845751	s39-s95_ck-ck_o0-o0
1143	between	39	95	k	k	1	1	114.04283463129671	s39-s95_ck-ck_o1-o1
1144	between	39	95	s	s	0	0	137.55047209961447	s39-s95_cs-cs_o0-o0
1145	between	39	95	s	s	1	1	139.6982508913352	s39-s95_cs-cs_o1-o1
1146	between	39	97	h	h	0	0	105.3224520140176	s39-s97_ch-ch_o0-o0
1147	between	39	97	h	h	1	1	177.69251607873392	s39-s97_ch-ch_o1-o1
1148	between	39	97	k	k	0	0	134.94639924219283	s39-s97_ck-ck_o0-o0
1149	between	39	97	k	k	1	1	144.97513598736967	s39-s97_ck-ck_o1-o1
1150	between	39	97	s	s	0	0	143.01278614082406	s39-s97_cs-cs_o0-o0
1151	between	39	97	s	s	1	1	126.67264297391098	s39-s97_cs-cs_o1-o1
1152	between	39	99	h	h	0	0	78.39040449431381	s39-s99_ch-ch_o0-o0
1153	between	39	99	h	h	1	1	148.10919315645677	s39-s99_ch-ch_o1-o1
1154	between	39	99	k	k	0	0	103.06167649706758	s39-s99_ck-ck_o0-o0
1155	between	39	99	k	k	1	1	157.19659280048444	s39-s99_ck-ck_o1-o1
1156	between	39	99	s	s	0	0	128.00807466526152	s39-s99_cs-cs_o0-o0
1157	between	39	99	s	s	1	1	132.74371519544576	s39-s99_cs-cs_o1-o1
1158	between	40	43	h	h	0	0	134.3272166344494	s40-s43_ch-ch_o0-o0
1159	between	40	43	h	h	1	1	138.58485088070134	s40-s43_ch-ch_o1-o1
1160	between	40	43	k	k	0	0	131.04353894697067	s40-s43_ck-ck_o0-o0
1161	between	40	43	k	k	1	1	127.08079563140284	s40-s43_ck-ck_o1-o1
1162	between	40	43	s	s	0	0	123.93058181440928	s40-s43_cs-cs_o0-o0
1163	between	40	43	s	s	1	1	123.7702947594967	s40-s43_cs-cs_o1-o1
1164	between	40	46	h	h	0	0	125.71212769731858	s40-s46_ch-ch_o0-o0
1165	between	40	46	h	h	1	1	125.70761450801092	s40-s46_ch-ch_o1-o1
1166	between	40	46	k	k	0	0	119.49865342216822	s40-s46_ck-ck_o0-o0
1167	between	40	46	k	k	1	1	134.5614612710463	s40-s46_ck-ck_o1-o1
1168	between	40	46	s	s	0	0	172.42313505962713	s40-s46_cs-cs_o0-o0
1169	between	40	46	s	s	1	1	174.25599230438425	s40-s46_cs-cs_o1-o1
1170	between	40	47	h	h	0	0	93.36494626341413	s40-s47_ch-ch_o0-o0
1171	between	40	47	h	h	1	1	144.73756453729285	s40-s47_ch-ch_o1-o1
1172	between	40	47	k	k	0	0	115.81067296555331	s40-s47_ck-ck_o0-o0
1173	between	40	47	k	k	1	1	142.7761965881521	s40-s47_ck-ck_o1-o1
1174	between	40	47	s	s	0	0	132.74247439874048	s40-s47_cs-cs_o0-o0
1175	between	40	47	s	s	1	1	158.59526571793444	s40-s47_cs-cs_o1-o1
1176	between	40	53	h	h	0	0	71.99408419625296	s40-s53_ch-ch_o0-o0
1177	between	40	53	h	h	1	1	131.38432654894348	s40-s53_ch-ch_o1-o1
1178	between	40	53	k	k	0	0	112.04769738614947	s40-s53_ck-ck_o0-o0
1179	between	40	53	k	k	1	1	124.27634259783612	s40-s53_ck-ck_o1-o1
1180	between	40	53	s	s	0	0	130.83925978907914	s40-s53_cs-cs_o0-o0
1181	between	40	53	s	s	1	1	149.89230658402334	s40-s53_cs-cs_o1-o1
1182	between	40	57	h	h	0	0	104.32535766901793	s40-s57_ch-ch_o0-o0
1183	between	40	57	h	h	1	1	156.98015121528474	s40-s57_ch-ch_o1-o1
1184	between	40	57	k	k	0	0	128.78905311232802	s40-s57_ck-ck_o0-o0
1185	between	40	57	k	k	1	1	172.28423204248355	s40-s57_ck-ck_o1-o1
1186	between	40	57	s	s	0	0	160.1450461907932	s40-s57_cs-cs_o0-o0
1187	between	40	57	s	s	1	1	153.8393956358045	s40-s57_cs-cs_o1-o1
1188	between	40	58	h	h	0	0	109.30751451758165	s40-s58_ch-ch_o0-o0
1189	between	40	58	h	h	1	1	142.9231179289962	s40-s58_ch-ch_o1-o1
1190	between	40	58	k	k	0	0	112.46122281798029	s40-s58_ck-ck_o0-o0
1191	between	40	58	k	k	1	1	127.46896921904276	s40-s58_ck-ck_o1-o1
1192	between	40	58	s	s	0	0	177.23895741322403	s40-s58_cs-cs_o0-o0
1193	between	40	58	s	s	1	1	188.68154999065726	s40-s58_cs-cs_o1-o1
1194	between	40	59	h	h	0	0	96.34360636068243	s40-s59_ch-ch_o0-o0
1195	between	40	59	h	h	1	1	108.17781167635829	s40-s59_ch-ch_o1-o1
1196	between	40	59	k	k	0	0	86.4784431236689	s40-s59_ck-ck_o0-o0
1197	between	40	59	k	k	1	1	122.21513104646857	s40-s59_ck-ck_o1-o1
1198	between	40	59	s	s	0	0	107.03840999123341	s40-s59_cs-cs_o0-o0
1199	between	40	59	s	s	1	1	113.57218863440195	s40-s59_cs-cs_o1-o1
1200	between	40	60	h	h	0	0	97.65967458103118	s40-s60_ch-ch_o0-o0
1201	between	40	60	h	h	1	1	120.16697613391489	s40-s60_ch-ch_o1-o1
1202	between	40	60	k	k	0	0	134.27974950515423	s40-s60_ck-ck_o0-o0
1203	between	40	60	k	k	1	1	139.66054614111061	s40-s60_ck-ck_o1-o1
1204	between	40	60	s	s	0	0	130.50518803986014	s40-s60_cs-cs_o0-o0
1205	between	40	60	s	s	1	1	137.0920023413318	s40-s60_cs-cs_o1-o1
1206	between	40	61	h	h	0	0	83.8306067982468	s40-s61_ch-ch_o0-o0
1207	between	40	61	h	h	1	1	145.53394952736164	s40-s61_ch-ch_o1-o1
1208	between	40	61	k	k	0	0	106.54009118119299	s40-s61_ck-ck_o0-o0
1209	between	40	61	k	k	1	1	131.23437939702197	s40-s61_ck-ck_o1-o1
1210	between	40	61	s	s	0	0	128.4120290474759	s40-s61_cs-cs_o0-o0
1211	between	40	61	s	s	1	1	145.27148349639873	s40-s61_cs-cs_o1-o1
1212	between	40	65	h	h	0	0	93.18252975917433	s40-s65_ch-ch_o0-o0
1213	between	40	65	h	h	1	1	105.14349554739621	s40-s65_ch-ch_o1-o1
1214	between	40	65	k	k	0	0	96.58825948116402	s40-s65_ck-ck_o0-o0
1215	between	40	65	k	k	1	1	116.26083497652407	s40-s65_ck-ck_o1-o1
1216	between	40	65	s	s	0	0	116.44344019878851	s40-s65_cs-cs_o0-o0
1217	between	40	65	s	s	1	1	126.15454827768507	s40-s65_cs-cs_o1-o1
1218	between	40	67	h	h	0	0	95.0498898466632	s40-s67_ch-ch_o0-o0
1219	between	40	67	h	h	1	1	123.2261201102214	s40-s67_ch-ch_o1-o1
1220	between	40	67	k	k	0	0	91.81864612392853	s40-s67_ck-ck_o0-o0
1221	between	40	67	k	k	1	1	122.70731525949691	s40-s67_ck-ck_o1-o1
1222	between	40	67	s	s	0	0	173.35161553867897	s40-s67_cs-cs_o0-o0
1223	between	40	67	s	s	1	1	162.18731232195876	s40-s67_cs-cs_o1-o1
1224	between	40	74	h	h	0	0	119.18317561773937	s40-s74_ch-ch_o0-o0
1225	between	40	74	h	h	1	1	159.40520897191203	s40-s74_ch-ch_o1-o1
1226	between	40	74	k	k	0	0	115.98497275668993	s40-s74_ck-ck_o0-o0
1227	between	40	74	k	k	1	1	134.23203020078964	s40-s74_ck-ck_o1-o1
1228	between	40	74	s	s	0	0	180.83754828671889	s40-s74_cs-cs_o0-o0
1229	between	40	74	s	s	1	1	154.83405065266436	s40-s74_cs-cs_o1-o1
1230	between	40	76	h	h	0	0	133.5579097883833	s40-s76_ch-ch_o0-o0
1231	between	40	76	h	h	1	1	116.1902250899516	s40-s76_ch-ch_o1-o1
1232	between	40	76	k	k	0	0	93.57611589193779	s40-s76_ck-ck_o0-o0
1233	between	40	76	k	k	1	1	129.57261015116197	s40-s76_ck-ck_o1-o1
1234	between	40	76	s	s	0	0	137.96476255054944	s40-s76_cs-cs_o0-o0
1235	between	40	76	s	s	1	1	145.94346533124244	s40-s76_cs-cs_o1-o1
1236	between	40	79	h	h	0	0	123.23117894583034	s40-s79_ch-ch_o0-o0
1237	between	40	79	h	h	1	1	142.2837836698984	s40-s79_ch-ch_o1-o1
1238	between	40	79	k	k	0	0	106.87200110038518	s40-s79_ck-ck_o0-o0
1239	between	40	79	k	k	1	1	155.0961177787269	s40-s79_ck-ck_o1-o1
1240	between	40	79	s	s	0	0	148.77227130358645	s40-s79_cs-cs_o0-o0
1241	between	40	79	s	s	1	1	139.10518060471836	s40-s79_cs-cs_o1-o1
1242	between	40	80	h	h	0	0	153.98406125934255	s40-s80_ch-ch_o0-o0
1243	between	40	80	h	h	1	1	140.17520911881945	s40-s80_ch-ch_o1-o1
1244	between	40	80	k	k	0	0	148.70865869572765	s40-s80_ck-ck_o0-o0
1245	between	40	80	k	k	1	1	181.43422222170108	s40-s80_ck-ck_o1-o1
1246	between	40	80	s	s	0	0	142.11697055562573	s40-s80_cs-cs_o0-o0
1247	between	40	80	s	s	1	1	137.6961606947389	s40-s80_cs-cs_o1-o1
1248	between	40	81	h	h	0	0	112.53555160272879	s40-s81_ch-ch_o0-o0
1249	between	40	81	h	h	1	1	146.37571117870192	s40-s81_ch-ch_o1-o1
1250	between	40	81	k	k	0	0	120.23898380238933	s40-s81_ck-ck_o0-o0
1251	between	40	81	k	k	1	1	176.4030252939219	s40-s81_ck-ck_o1-o1
1252	between	40	81	s	s	0	0	152.70660264757961	s40-s81_cs-cs_o0-o0
1253	between	40	81	s	s	1	1	165.0671681777846	s40-s81_cs-cs_o1-o1
1254	between	40	87	h	h	0	0	106.94508614482812	s40-s87_ch-ch_o0-o0
1255	between	40	87	h	h	1	1	121.26076649826193	s40-s87_ch-ch_o1-o1
1256	between	40	87	k	k	0	0	99.73907218550679	s40-s87_ck-ck_o0-o0
1257	between	40	87	k	k	1	1	127.58141158165242	s40-s87_ck-ck_o1-o1
1258	between	40	87	s	s	0	0	162.16984179262798	s40-s87_cs-cs_o0-o0
1259	between	40	87	s	s	1	1	205.47196430592953	s40-s87_cs-cs_o1-o1
1260	between	40	88	h	h	0	0	133.91152374811452	s40-s88_ch-ch_o0-o0
1261	between	40	88	h	h	1	1	168.597364671521	s40-s88_ch-ch_o1-o1
1262	between	40	88	k	k	0	0	145.83185518537869	s40-s88_ck-ck_o0-o0
1263	between	40	88	k	k	1	1	171.12223604718244	s40-s88_ck-ck_o1-o1
1264	between	40	88	s	s	0	0	190.42012739051438	s40-s88_cs-cs_o0-o0
1265	between	40	88	s	s	1	1	178.92401343990764	s40-s88_cs-cs_o1-o1
1266	between	40	89	h	h	0	0	73.28896589577124	s40-s89_ch-ch_o0-o0
1267	between	40	89	h	h	1	1	114.6578292258464	s40-s89_ch-ch_o1-o1
1268	between	40	89	k	k	0	0	65.96162379154157	s40-s89_ck-ck_o0-o0
1269	between	40	89	k	k	1	1	114.30275713072872	s40-s89_ck-ck_o1-o1
1270	between	40	89	s	s	0	0	159.55657530668995	s40-s89_cs-cs_o0-o0
1271	between	40	89	s	s	1	1	114.99121023757975	s40-s89_cs-cs_o1-o1
1272	between	40	90	h	h	0	0	132.82164619168492	s40-s90_ch-ch_o0-o0
1273	between	40	90	h	h	1	1	139.15026559332142	s40-s90_ch-ch_o1-o1
1274	between	40	90	k	k	0	0	135.075289026592	s40-s90_ck-ck_o0-o0
1275	between	40	90	k	k	1	1	175.53792446985105	s40-s90_ck-ck_o1-o1
1276	between	40	90	s	s	0	0	151.573333090121	s40-s90_cs-cs_o0-o0
1277	between	40	90	s	s	1	1	193.33412996536836	s40-s90_cs-cs_o1-o1
1278	between	40	91	h	h	0	0	82.55755633936204	s40-s91_ch-ch_o0-o0
1279	between	40	91	h	h	1	1	121.14783377618063	s40-s91_ch-ch_o1-o1
1280	between	40	91	k	k	0	0	85.77310825456135	s40-s91_ck-ck_o0-o0
1281	between	40	91	k	k	1	1	141.02685415598984	s40-s91_ck-ck_o1-o1
1282	between	40	91	s	s	0	0	191.98112234595328	s40-s91_cs-cs_o0-o0
1283	between	40	91	s	s	1	1	225.13128474277966	s40-s91_cs-cs_o1-o1
1284	between	40	92	h	h	0	0	118.0751487547252	s40-s92_ch-ch_o0-o0
1285	between	40	92	h	h	1	1	117.20480263657296	s40-s92_ch-ch_o1-o1
1286	between	40	92	k	k	0	0	116.40873638515815	s40-s92_ck-ck_o0-o0
1287	between	40	92	k	k	1	1	134.32883653292572	s40-s92_ck-ck_o1-o1
1288	between	40	92	s	s	0	0	225.60468068548306	s40-s92_cs-cs_o0-o0
1289	between	40	92	s	s	1	1	127.36255965831496	s40-s92_cs-cs_o1-o1
1290	between	40	94	h	h	0	0	100.79188949210871	s40-s94_ch-ch_o0-o0
1291	between	40	94	h	h	1	1	134.5116883556687	s40-s94_ch-ch_o1-o1
1292	between	40	94	k	k	0	0	93.12174261584224	s40-s94_ck-ck_o0-o0
1293	between	40	94	k	k	1	1	139.98685655890733	s40-s94_ck-ck_o1-o1
1294	between	40	94	s	s	0	0	277.19833333649484	s40-s94_cs-cs_o0-o0
1295	between	40	94	s	s	1	1	244.783677710766	s40-s94_cs-cs_o1-o1
1296	between	40	95	h	h	0	0	78.61945222038256	s40-s95_ch-ch_o0-o0
1297	between	40	95	h	h	1	1	129.15074497666308	s40-s95_ch-ch_o1-o1
1298	between	40	95	k	k	0	0	95.95019903891375	s40-s95_ck-ck_o0-o0
1299	between	40	95	k	k	1	1	101.79876237302389	s40-s95_ck-ck_o1-o1
1300	between	40	95	s	s	0	0	142.29858824672922	s40-s95_cs-cs_o0-o0
1301	between	40	95	s	s	1	1	148.1946820103294	s40-s95_cs-cs_o1-o1
1302	between	40	97	h	h	0	0	103.95464486017828	s40-s97_ch-ch_o0-o0
1303	between	40	97	h	h	1	1	122.67848245659549	s40-s97_ch-ch_o1-o1
1304	between	40	97	k	k	0	0	101.58826120198545	s40-s97_ck-ck_o0-o0
1305	between	40	97	k	k	1	1	157.95999944628116	s40-s97_ck-ck_o1-o1
1306	between	40	97	s	s	0	0	132.36913324441122	s40-s97_cs-cs_o0-o0
1307	between	40	97	s	s	1	1	120.51096778041266	s40-s97_cs-cs_o1-o1
1308	between	40	99	h	h	0	0	84.94859208676685	s40-s99_ch-ch_o0-o0
1309	between	40	99	h	h	1	1	150.60487108930198	s40-s99_ch-ch_o1-o1
1310	between	40	99	k	k	0	0	89.27305112940688	s40-s99_ck-ck_o0-o0
1311	between	40	99	k	k	1	1	147.4170913099586	s40-s99_ck-ck_o1-o1
1312	between	40	99	s	s	0	0	143.15051895079372	s40-s99_cs-cs_o0-o0
1313	between	40	99	s	s	1	1	142.78048992990253	s40-s99_cs-cs_o1-o1
1314	between	43	46	h	h	0	0	159.253436925053	s43-s46_ch-ch_o0-o0
1315	between	43	46	h	h	1	1	137.4446169594867	s43-s46_ch-ch_o1-o1
1316	between	43	46	k	k	0	0	174.36852365467655	s43-s46_ck-ck_o0-o0
1317	between	43	46	k	k	1	1	144.6203765719556	s43-s46_ck-ck_o1-o1
1318	between	43	46	s	s	0	0	159.47268156869038	s43-s46_cs-cs_o0-o0
1319	between	43	46	s	s	1	1	171.5171005658203	s43-s46_cs-cs_o1-o1
1320	between	43	47	h	h	0	0	146.9586162317999	s43-s47_ch-ch_o0-o0
1321	between	43	47	h	h	1	1	113.29470114844206	s43-s47_ch-ch_o1-o1
1322	between	43	47	k	k	0	0	141.37270597132022	s43-s47_ck-ck_o0-o0
1323	between	43	47	k	k	1	1	128.50499313684037	s43-s47_ck-ck_o1-o1
1324	between	43	47	s	s	0	0	142.33570418805976	s43-s47_cs-cs_o0-o0
1325	between	43	47	s	s	1	1	133.83211788846828	s43-s47_cs-cs_o1-o1
1326	between	43	53	h	h	0	0	127.8006425507707	s43-s53_ch-ch_o0-o0
1327	between	43	53	h	h	1	1	105.18885591165308	s43-s53_ch-ch_o1-o1
1328	between	43	53	k	k	0	0	129.74553847618404	s43-s53_ck-ck_o0-o0
1329	between	43	53	k	k	1	1	116.4042117540045	s43-s53_ck-ck_o1-o1
1330	between	43	53	s	s	0	0	141.07520566228578	s43-s53_cs-cs_o0-o0
1331	between	43	53	s	s	1	1	131.42441513600286	s43-s53_cs-cs_o1-o1
1332	between	43	57	h	h	0	0	150.3772806385418	s43-s57_ch-ch_o0-o0
1333	between	43	57	h	h	1	1	145.99106100934046	s43-s57_ch-ch_o1-o1
1334	between	43	57	k	k	0	0	156.6104577582336	s43-s57_ck-ck_o0-o0
1335	between	43	57	k	k	1	1	142.91739878018024	s43-s57_ck-ck_o1-o1
1336	between	43	57	s	s	0	0	152.85998790334287	s43-s57_cs-cs_o0-o0
1337	between	43	57	s	s	1	1	133.7843018118258	s43-s57_cs-cs_o1-o1
1338	between	43	58	h	h	0	0	138.7531669858422	s43-s58_ch-ch_o0-o0
1339	between	43	58	h	h	1	1	117.22252220810108	s43-s58_ch-ch_o1-o1
1340	between	43	58	k	k	0	0	129.10894727198274	s43-s58_ck-ck_o0-o0
1341	between	43	58	k	k	1	1	117.27931896667775	s43-s58_ck-ck_o1-o1
1342	between	43	58	s	s	0	0	167.34465047223537	s43-s58_cs-cs_o0-o0
1343	between	43	58	s	s	1	1	162.37094526771955	s43-s58_cs-cs_o1-o1
1344	between	43	59	h	h	0	0	133.80216892652487	s43-s59_ch-ch_o0-o0
1345	between	43	59	h	h	1	1	98.99313687773156	s43-s59_ch-ch_o1-o1
1346	between	43	59	k	k	0	0	121.63792601220464	s43-s59_ck-ck_o0-o0
1347	between	43	59	k	k	1	1	121.56168913078928	s43-s59_ck-ck_o1-o1
1348	between	43	59	s	s	0	0	113.59703875145276	s43-s59_cs-cs_o0-o0
1349	between	43	59	s	s	1	1	98.29025598945076	s43-s59_cs-cs_o1-o1
1350	between	43	60	h	h	0	0	149.715885852183	s43-s60_ch-ch_o0-o0
1351	between	43	60	h	h	1	1	111.2731887884189	s43-s60_ch-ch_o1-o1
1352	between	43	60	k	k	0	0	151.37894841490743	s43-s60_ck-ck_o0-o0
1353	between	43	60	k	k	1	1	138.87909092215511	s43-s60_ck-ck_o1-o1
1354	between	43	60	s	s	0	0	131.9759526972991	s43-s60_cs-cs_o0-o0
1355	between	43	60	s	s	1	1	111.17082159825019	s43-s60_cs-cs_o1-o1
1356	between	43	61	h	h	0	0	142.71947421729053	s43-s61_ch-ch_o0-o0
1357	between	43	61	h	h	1	1	111.90402550371351	s43-s61_ch-ch_o1-o1
1358	between	43	61	k	k	0	0	146.40993886303863	s43-s61_ck-ck_o0-o0
1359	between	43	61	k	k	1	1	138.02419440079106	s43-s61_ck-ck_o1-o1
1360	between	43	61	s	s	0	0	138.56469045470743	s43-s61_cs-cs_o0-o0
1361	between	43	61	s	s	1	1	148.6884343856202	s43-s61_cs-cs_o1-o1
1362	between	43	65	h	h	0	0	143.27513708074275	s43-s65_ch-ch_o0-o0
1363	between	43	65	h	h	1	1	111.58033305812172	s43-s65_ch-ch_o1-o1
1364	between	43	65	k	k	0	0	123.81485052081827	s43-s65_ck-ck_o0-o0
1365	between	43	65	k	k	1	1	110.19250588014481	s43-s65_ck-ck_o1-o1
1366	between	43	65	s	s	0	0	122.34530346691274	s43-s65_cs-cs_o0-o0
1367	between	43	65	s	s	1	1	108.20760488588519	s43-s65_cs-cs_o1-o1
1368	between	43	67	h	h	0	0	147.3010753444174	s43-s67_ch-ch_o0-o0
1369	between	43	67	h	h	1	1	112.126829033754	s43-s67_ch-ch_o1-o1
1370	between	43	67	k	k	0	0	142.46599570909072	s43-s67_ck-ck_o0-o0
1371	between	43	67	k	k	1	1	119.18058596581291	s43-s67_ck-ck_o1-o1
1372	between	43	67	s	s	0	0	150.18292359189297	s43-s67_cs-cs_o0-o0
1373	between	43	67	s	s	1	1	138.07315938192642	s43-s67_cs-cs_o1-o1
1374	between	43	74	h	h	0	0	157.70290550787567	s43-s74_ch-ch_o0-o0
1375	between	43	74	h	h	1	1	126.14154615436267	s43-s74_ch-ch_o1-o1
1376	between	43	74	k	k	0	0	151.26208294286585	s43-s74_ck-ck_o0-o0
1377	between	43	74	k	k	1	1	144.80879211309284	s43-s74_ck-ck_o1-o1
1378	between	43	74	s	s	0	0	183.11224987990155	s43-s74_cs-cs_o0-o0
1379	between	43	74	s	s	1	1	156.47436081865678	s43-s74_cs-cs_o1-o1
1380	between	43	76	h	h	0	0	196.10843795324902	s43-s76_ch-ch_o0-o0
1381	between	43	76	h	h	1	1	90.11631577533122	s43-s76_ch-ch_o1-o1
1382	between	43	76	k	k	0	0	126.86184320546718	s43-s76_ck-ck_o0-o0
1383	between	43	76	k	k	1	1	113.01363564168551	s43-s76_ck-ck_o1-o1
1384	between	43	76	s	s	0	0	130.44623011804802	s43-s76_cs-cs_o0-o0
1385	between	43	76	s	s	1	1	122.5633696283508	s43-s76_cs-cs_o1-o1
1386	between	43	79	h	h	0	0	147.4757560701512	s43-s79_ch-ch_o0-o0
1387	between	43	79	h	h	1	1	106.60743608965099	s43-s79_ch-ch_o1-o1
1388	between	43	79	k	k	0	0	114.31034485752973	s43-s79_ck-ck_o0-o0
1389	between	43	79	k	k	1	1	131.31332215851702	s43-s79_ck-ck_o1-o1
1390	between	43	79	s	s	0	0	141.758803833	s43-s79_cs-cs_o0-o0
1391	between	43	79	s	s	1	1	120.37180642810267	s43-s79_cs-cs_o1-o1
1392	between	43	80	h	h	0	0	166.11280754716	s43-s80_ch-ch_o0-o0
1393	between	43	80	h	h	1	1	115.58725599805011	s43-s80_ch-ch_o1-o1
1394	between	43	80	k	k	0	0	154.4102449239994	s43-s80_ck-ck_o0-o0
1395	between	43	80	k	k	1	1	157.00155285972644	s43-s80_ck-ck_o1-o1
1396	between	43	80	s	s	0	0	135.35397661925208	s43-s80_cs-cs_o0-o0
1397	between	43	80	s	s	1	1	123.61788261331819	s43-s80_cs-cs_o1-o1
1398	between	43	81	h	h	0	0	147.33426398865643	s43-s81_ch-ch_o0-o0
1399	between	43	81	h	h	1	1	111.7722732307427	s43-s81_ch-ch_o1-o1
1400	between	43	81	k	k	0	0	145.93430410906723	s43-s81_ck-ck_o0-o0
1401	between	43	81	k	k	1	1	162.6210675981162	s43-s81_ck-ck_o1-o1
1402	between	43	81	s	s	0	0	159.27700870596107	s43-s81_cs-cs_o0-o0
1403	between	43	81	s	s	1	1	154.3581796499704	s43-s81_cs-cs_o1-o1
1404	between	43	87	h	h	0	0	151.83709978015986	s43-s87_ch-ch_o0-o0
1405	between	43	87	h	h	1	1	117.07949314432705	s43-s87_ch-ch_o1-o1
1406	between	43	87	k	k	0	0	138.35115893463347	s43-s87_ck-ck_o0-o0
1407	between	43	87	k	k	1	1	125.71503209568715	s43-s87_ck-ck_o1-o1
1408	between	43	87	s	s	0	0	181.68041222778888	s43-s87_cs-cs_o0-o0
1409	between	43	87	s	s	1	1	196.07338716739713	s43-s87_cs-cs_o1-o1
1410	between	43	88	h	h	0	0	151.68357933521713	s43-s88_ch-ch_o0-o0
1411	between	43	88	h	h	1	1	128.81211465541068	s43-s88_ch-ch_o1-o1
1412	between	43	88	k	k	0	0	166.0513127535633	s43-s88_ck-ck_o0-o0
1413	between	43	88	k	k	1	1	156.660768661351	s43-s88_ck-ck_o1-o1
1414	between	43	88	s	s	0	0	190.1750608802412	s43-s88_cs-cs_o0-o0
1415	between	43	88	s	s	1	1	166.90308787241656	s43-s88_cs-cs_o1-o1
1416	between	43	89	h	h	0	0	139.79265252479038	s43-s89_ch-ch_o0-o0
1417	between	43	89	h	h	1	1	114.1749602318258	s43-s89_ch-ch_o1-o1
1418	between	43	89	k	k	0	0	128.23788900336984	s43-s89_ck-ck_o0-o0
1419	between	43	89	k	k	1	1	112.22829663075127	s43-s89_ck-ck_o1-o1
1420	between	43	89	s	s	0	0	155.57677472888923	s43-s89_cs-cs_o0-o0
1421	between	43	89	s	s	1	1	105.55985525339484	s43-s89_cs-cs_o1-o1
1422	between	43	90	h	h	0	0	151.38554071861452	s43-s90_ch-ch_o0-o0
1423	between	43	90	h	h	1	1	113.97602977978696	s43-s90_ch-ch_o1-o1
1424	between	43	90	k	k	0	0	144.9124538191932	s43-s90_ck-ck_o0-o0
1425	between	43	90	k	k	1	1	163.97330533165436	s43-s90_ck-ck_o1-o1
1426	between	43	90	s	s	0	0	155.6082895231196	s43-s90_cs-cs_o0-o0
1427	between	43	90	s	s	1	1	171.71981118190152	s43-s90_cs-cs_o1-o1
1428	between	43	91	h	h	0	0	136.82998442856214	s43-s91_ch-ch_o0-o0
1429	between	43	91	h	h	1	1	104.68146146919173	s43-s91_ch-ch_o1-o1
1430	between	43	91	k	k	0	0	130.46155385678452	s43-s91_ck-ck_o0-o0
1431	between	43	91	k	k	1	1	138.52981083550728	s43-s91_ck-ck_o1-o1
1432	between	43	91	s	s	0	0	184.36806350134913	s43-s91_cs-cs_o0-o0
1433	between	43	91	s	s	1	1	198.84398163667993	s43-s91_cs-cs_o1-o1
1434	between	43	92	h	h	0	0	146.62322896247844	s43-s92_ch-ch_o0-o0
1435	between	43	92	h	h	1	1	113.94145405785484	s43-s92_ch-ch_o1-o1
1436	between	43	92	k	k	0	0	134.31551384205267	s43-s92_ck-ck_o0-o0
1437	between	43	92	k	k	1	1	128.42823299200495	s43-s92_ck-ck_o1-o1
1438	between	43	92	s	s	0	0	243.1631899605891	s43-s92_cs-cs_o0-o0
1439	between	43	92	s	s	1	1	133.86397120750524	s43-s92_cs-cs_o1-o1
1440	between	43	94	h	h	0	0	149.79026468476428	s43-s94_ch-ch_o0-o0
1441	between	43	94	h	h	1	1	135.5566618249715	s43-s94_ch-ch_o1-o1
1442	between	43	94	k	k	0	0	163.31155955387374	s43-s94_ck-ck_o0-o0
1443	between	43	94	k	k	1	1	150.6265585385563	s43-s94_ck-ck_o1-o1
1444	between	43	94	s	s	0	0	273.38173657788894	s43-s94_cs-cs_o0-o0
1445	between	43	94	s	s	1	1	233.3343098716745	s43-s94_cs-cs_o1-o1
1446	between	43	95	h	h	0	0	134.58056595386893	s43-s95_ch-ch_o0-o0
1447	between	43	95	h	h	1	1	92.66713996646072	s43-s95_ch-ch_o1-o1
1448	between	43	95	k	k	0	0	111.97388826305156	s43-s95_ck-ck_o0-o0
1449	between	43	95	k	k	1	1	106.50534056126457	s43-s95_ck-ck_o1-o1
1450	between	43	95	s	s	0	0	132.92413948828633	s43-s95_cs-cs_o0-o0
1451	between	43	95	s	s	1	1	125.15475383871454	s43-s95_cs-cs_o1-o1
1452	between	43	97	h	h	0	0	158.0173466415065	s43-s97_ch-ch_o0-o0
1453	between	43	97	h	h	1	1	140.0433625693462	s43-s97_ch-ch_o1-o1
1454	between	43	97	k	k	0	0	164.719012490972	s43-s97_ck-ck_o0-o0
1455	between	43	97	k	k	1	1	157.23210352624903	s43-s97_ck-ck_o1-o1
1456	between	43	97	s	s	0	0	128.91984799800778	s43-s97_cs-cs_o0-o0
1457	between	43	97	s	s	1	1	119.8468353101038	s43-s97_cs-cs_o1-o1
1458	between	43	99	h	h	0	0	136.34410484023292	s43-s99_ch-ch_o0-o0
1459	between	43	99	h	h	1	1	99.62946488282502	s43-s99_ch-ch_o1-o1
1460	between	43	99	k	k	0	0	120.87301358891766	s43-s99_ck-ck_o0-o0
1461	between	43	99	k	k	1	1	132.37116225345451	s43-s99_ck-ck_o1-o1
1462	between	43	99	s	s	0	0	144.33407686737723	s43-s99_cs-cs_o0-o0
1463	between	43	99	s	s	1	1	126.98646956000195	s43-s99_cs-cs_o1-o1
1464	between	46	47	h	h	0	0	141.45491655387514	s46-s47_ch-ch_o0-o0
1465	between	46	47	h	h	1	1	135.70458912583604	s46-s47_ch-ch_o1-o1
1466	between	46	47	k	k	0	0	161.0082092075798	s46-s47_ck-ck_o0-o0
1467	between	46	47	k	k	1	1	149.18334360967296	s46-s47_ck-ck_o1-o1
1468	between	46	47	s	s	0	0	181.89546017714974	s46-s47_cs-cs_o0-o0
1469	between	46	47	s	s	1	1	183.92229404496277	s46-s47_cs-cs_o1-o1
1470	between	46	53	h	h	0	0	130.19100142165237	s46-s53_ch-ch_o0-o0
1471	between	46	53	h	h	1	1	142.1371279367177	s46-s53_ch-ch_o1-o1
1472	between	46	53	k	k	0	0	167.1986372065433	s46-s53_ck-ck_o0-o0
1473	between	46	53	k	k	1	1	149.1966913677269	s46-s53_ck-ck_o1-o1
1474	between	46	53	s	s	0	0	186.9522642616031	s46-s53_cs-cs_o0-o0
1475	between	46	53	s	s	1	1	187.38815791542774	s46-s53_cs-cs_o1-o1
1476	between	46	57	h	h	0	0	165.8022807819553	s46-s57_ch-ch_o0-o0
1477	between	46	57	h	h	1	1	156.95900132776993	s46-s57_ch-ch_o1-o1
1478	between	46	57	k	k	0	0	198.33281648104452	s46-s57_ck-ck_o0-o0
1479	between	46	57	k	k	1	1	183.16900493490698	s46-s57_ck-ck_o1-o1
1480	between	46	57	s	s	0	0	216.60954428913476	s46-s57_cs-cs_o0-o0
1481	between	46	57	s	s	1	1	216.03950477967538	s46-s57_cs-cs_o1-o1
1482	between	46	58	h	h	0	0	130.59684722445007	s46-s58_ch-ch_o0-o0
1483	between	46	58	h	h	1	1	136.39065545990002	s46-s58_ch-ch_o1-o1
1484	between	46	58	k	k	0	0	165.37244366476955	s46-s58_ck-ck_o0-o0
1485	between	46	58	k	k	1	1	131.25397758323646	s46-s58_ck-ck_o1-o1
1486	between	46	58	s	s	0	0	188.77483457763603	s46-s58_cs-cs_o0-o0
1487	between	46	58	s	s	1	1	196.9671968517043	s46-s58_cs-cs_o1-o1
1488	between	46	59	h	h	0	0	119.54328785712056	s46-s59_ch-ch_o0-o0
1489	between	46	59	h	h	1	1	94.6652464570129	s46-s59_ch-ch_o1-o1
1490	between	46	59	k	k	0	0	131.3412410014774	s46-s59_ck-ck_o0-o0
1491	between	46	59	k	k	1	1	125.71120756788027	s46-s59_ck-ck_o1-o1
1492	between	46	59	s	s	0	0	141.88214798250996	s46-s59_cs-cs_o0-o0
1493	between	46	59	s	s	1	1	146.9908147603502	s46-s59_cs-cs_o1-o1
1494	between	46	60	h	h	0	0	144.32211971512504	s46-s60_ch-ch_o0-o0
1495	between	46	60	h	h	1	1	128.1070768264657	s46-s60_ch-ch_o1-o1
1496	between	46	60	k	k	0	0	187.88198760171284	s46-s60_ck-ck_o0-o0
1497	between	46	60	k	k	1	1	176.72711849659908	s46-s60_ck-ck_o1-o1
1498	between	46	60	s	s	0	0	185.99981346314192	s46-s60_cs-cs_o0-o0
1499	between	46	60	s	s	1	1	199.42432012038884	s46-s60_cs-cs_o1-o1
1500	between	46	61	h	h	0	0	147.51978369246882	s46-s61_ch-ch_o0-o0
1501	between	46	61	h	h	1	1	147.3673433430872	s46-s61_ch-ch_o1-o1
1502	between	46	61	k	k	0	0	163.88206913384923	s46-s61_ck-ck_o0-o0
1503	between	46	61	k	k	1	1	183.597917751535	s46-s61_ck-ck_o1-o1
1504	between	46	61	s	s	0	0	188.65804973175855	s46-s61_cs-cs_o0-o0
1505	between	46	61	s	s	1	1	194.93967425186287	s46-s61_cs-cs_o1-o1
1506	between	46	65	h	h	0	0	124.0817003531725	s46-s65_ch-ch_o0-o0
1507	between	46	65	h	h	1	1	131.3595839603202	s46-s65_ch-ch_o1-o1
1508	between	46	65	k	k	0	0	144.45359625635587	s46-s65_ck-ck_o0-o0
1509	between	46	65	k	k	1	1	121.83985462070721	s46-s65_ck-ck_o1-o1
1510	between	46	65	s	s	0	0	173.28079840944392	s46-s65_cs-cs_o0-o0
1511	between	46	65	s	s	1	1	167.74941608211725	s46-s65_cs-cs_o1-o1
1512	between	46	67	h	h	0	0	110.4399034385367	s46-s67_ch-ch_o0-o0
1513	between	46	67	h	h	1	1	105.8975756832483	s46-s67_ch-ch_o1-o1
1514	between	46	67	k	k	0	0	111.6122116749053	s46-s67_ck-ck_o0-o0
1515	between	46	67	k	k	1	1	113.51924349923789	s46-s67_ck-ck_o1-o1
1516	between	46	67	s	s	0	0	196.48832756457753	s46-s67_cs-cs_o0-o0
1517	between	46	67	s	s	1	1	168.65428228763554	s46-s67_cs-cs_o1-o1
1518	between	46	74	h	h	0	0	153.20077107994194	s46-s74_ch-ch_o0-o0
1519	between	46	74	h	h	1	1	154.50047617244647	s46-s74_ch-ch_o1-o1
1520	between	46	74	k	k	0	0	164.7229345534804	s46-s74_ck-ck_o0-o0
1521	between	46	74	k	k	1	1	159.74561279048592	s46-s74_ck-ck_o1-o1
1522	between	46	74	s	s	0	0	218.87040856642759	s46-s74_cs-cs_o0-o0
1523	between	46	74	s	s	1	1	205.51000966886286	s46-s74_cs-cs_o1-o1
1524	between	46	76	h	h	0	0	153.4499972513669	s46-s76_ch-ch_o0-o0
1525	between	46	76	h	h	1	1	110.10354328528429	s46-s76_ch-ch_o1-o1
1526	between	46	76	k	k	0	0	151.7321451759714	s46-s76_ck-ck_o0-o0
1527	between	46	76	k	k	1	1	137.72789728548355	s46-s76_ck-ck_o1-o1
1528	between	46	76	s	s	0	0	159.52020387350686	s46-s76_cs-cs_o0-o0
1529	between	46	76	s	s	1	1	195.6518369259227	s46-s76_cs-cs_o1-o1
1530	between	46	79	h	h	0	0	139.24337030985848	s46-s79_ch-ch_o0-o0
1531	between	46	79	h	h	1	1	144.64526791662854	s46-s79_ch-ch_o1-o1
1532	between	46	79	k	k	0	0	147.60282629712776	s46-s79_ck-ck_o0-o0
1533	between	46	79	k	k	1	1	136.5952950302865	s46-s79_ck-ck_o1-o1
1534	between	46	79	s	s	0	0	171.72387918479674	s46-s79_cs-cs_o0-o0
1535	between	46	79	s	s	1	1	169.9104945264599	s46-s79_cs-cs_o1-o1
1536	between	46	80	h	h	0	0	124.84539583910994	s46-s80_ch-ch_o0-o0
1537	between	46	80	h	h	1	1	121.70663696372658	s46-s80_ch-ch_o1-o1
1538	between	46	80	k	k	0	0	165.55967346854914	s46-s80_ck-ck_o0-o0
1539	between	46	80	k	k	1	1	150.86780895177236	s46-s80_ck-ck_o1-o1
1540	between	46	80	s	s	0	0	154.57600968879552	s46-s80_cs-cs_o0-o0
1541	between	46	80	s	s	1	1	172.65729916196744	s46-s80_cs-cs_o1-o1
1542	between	46	81	h	h	0	0	112.50811679414038	s46-s81_ch-ch_o0-o0
1543	between	46	81	h	h	1	1	127.6486175270926	s46-s81_ch-ch_o1-o1
1544	between	46	81	k	k	0	0	144.4880154189379	s46-s81_ck-ck_o0-o0
1545	between	46	81	k	k	1	1	186.93001238873893	s46-s81_ck-ck_o1-o1
1546	between	46	81	s	s	0	0	188.6112850948221	s46-s81_cs-cs_o0-o0
1547	between	46	81	s	s	1	1	178.97237882737187	s46-s81_cs-cs_o1-o1
1548	between	46	87	h	h	0	0	155.76018850985875	s46-s87_ch-ch_o0-o0
1549	between	46	87	h	h	1	1	124.1803020187788	s46-s87_ch-ch_o1-o1
1550	between	46	87	k	k	0	0	154.94169305961228	s46-s87_ck-ck_o0-o0
1551	between	46	87	k	k	1	1	149.19722106610595	s46-s87_ck-ck_o1-o1
1552	between	46	87	s	s	0	0	197.79273650600965	s46-s87_cs-cs_o0-o0
1553	between	46	87	s	s	1	1	261.5910896256318	s46-s87_cs-cs_o1-o1
1554	between	46	88	h	h	0	0	148.32355202011996	s46-s88_ch-ch_o0-o0
1555	between	46	88	h	h	1	1	151.09344210934864	s46-s88_ch-ch_o1-o1
1556	between	46	88	k	k	0	0	194.4750555716728	s46-s88_ck-ck_o0-o0
1557	between	46	88	k	k	1	1	179.2055921174199	s46-s88_ck-ck_o1-o1
1558	between	46	88	s	s	0	0	230.02940952427667	s46-s88_cs-cs_o0-o0
1559	between	46	88	s	s	1	1	208.83344440465396	s46-s88_cs-cs_o1-o1
1560	between	46	89	h	h	0	0	132.68607191703012	s46-s89_ch-ch_o0-o0
1561	between	46	89	h	h	1	1	118.43789447822628	s46-s89_ch-ch_o1-o1
1562	between	46	89	k	k	0	0	131.26721858110153	s46-s89_ck-ck_o0-o0
1563	between	46	89	k	k	1	1	127.21940542861223	s46-s89_ck-ck_o1-o1
1564	between	46	89	s	s	0	0	161.53881253882628	s46-s89_cs-cs_o0-o0
1565	between	46	89	s	s	1	1	154.30111709307388	s46-s89_cs-cs_o1-o1
1566	between	46	90	h	h	0	0	146.0233194154045	s46-s90_ch-ch_o0-o0
1567	between	46	90	h	h	1	1	126.5283396621239	s46-s90_ch-ch_o1-o1
1568	between	46	90	k	k	0	0	180.28074557883141	s46-s90_ck-ck_o0-o0
1569	between	46	90	k	k	1	1	170.63036553751053	s46-s90_ck-ck_o1-o1
1570	between	46	90	s	s	0	0	206.95783062891084	s46-s90_cs-cs_o0-o0
1571	between	46	90	s	s	1	1	224.03287354576676	s46-s90_cs-cs_o1-o1
1572	between	46	91	h	h	0	0	137.80489408426186	s46-s91_ch-ch_o0-o0
1573	between	46	91	h	h	1	1	114.85876814845878	s46-s91_ch-ch_o1-o1
1574	between	46	91	k	k	0	0	148.03996732722868	s46-s91_ck-ck_o0-o0
1575	between	46	91	k	k	1	1	158.98947249024087	s46-s91_ck-ck_o1-o1
1576	between	46	91	s	s	0	0	252.797225083712	s46-s91_cs-cs_o0-o0
1577	between	46	91	s	s	1	1	249.09374561221952	s46-s91_cs-cs_o1-o1
1578	between	46	92	h	h	0	0	120.60938701334844	s46-s92_ch-ch_o0-o0
1579	between	46	92	h	h	1	1	100.28426495604025	s46-s92_ch-ch_o1-o1
1580	between	46	92	k	k	0	0	145.96435408898387	s46-s92_ck-ck_o0-o0
1581	between	46	92	k	k	1	1	141.1364180109945	s46-s92_ck-ck_o1-o1
1582	between	46	92	s	s	0	0	294.0463127860693	s46-s92_cs-cs_o0-o0
1583	between	46	92	s	s	1	1	166.6002425342408	s46-s92_cs-cs_o1-o1
1584	between	46	94	h	h	0	0	143.25388988863003	s46-s94_ch-ch_o0-o0
1585	between	46	94	h	h	1	1	130.20818230341064	s46-s94_ch-ch_o1-o1
1586	between	46	94	k	k	0	0	164.14922050547344	s46-s94_ck-ck_o0-o0
1587	between	46	94	k	k	1	1	163.2476910585895	s46-s94_ck-ck_o1-o1
1588	between	46	94	s	s	0	0	309.3877357481392	s46-s94_cs-cs_o0-o0
1589	between	46	94	s	s	1	1	255.63977258600042	s46-s94_cs-cs_o1-o1
1590	between	46	95	h	h	0	0	132.85182382863186	s46-s95_ch-ch_o0-o0
1591	between	46	95	h	h	1	1	125.30125400006773	s46-s95_ch-ch_o1-o1
1592	between	46	95	k	k	0	0	146.82590523078457	s46-s95_ck-ck_o0-o0
1593	between	46	95	k	k	1	1	131.5678604180144	s46-s95_ck-ck_o1-o1
1594	between	46	95	s	s	0	0	163.1693223240129	s46-s95_cs-cs_o0-o0
1595	between	46	95	s	s	1	1	178.60027964975424	s46-s95_cs-cs_o1-o1
1596	between	46	97	h	h	0	0	116.62318110138023	s46-s97_ch-ch_o0-o0
1597	between	46	97	h	h	1	1	104.29281380181318	s46-s97_ch-ch_o1-o1
1598	between	46	97	k	k	0	0	127.0513513076154	s46-s97_ck-ck_o0-o0
1599	between	46	97	k	k	1	1	132.92913677668176	s46-s97_ck-ck_o1-o1
1600	between	46	97	s	s	0	0	177.47585868695668	s46-s97_cs-cs_o0-o0
1601	between	46	97	s	s	1	1	169.35819305753589	s46-s97_cs-cs_o1-o1
1602	between	46	99	h	h	0	0	132.47881313471166	s46-s99_ch-ch_o0-o0
1603	between	46	99	h	h	1	1	135.058226449027	s46-s99_ch-ch_o1-o1
1604	between	46	99	k	k	0	0	137.70698494585855	s46-s99_ck-ck_o0-o0
1605	between	46	99	k	k	1	1	156.84375633065292	s46-s99_ck-ck_o1-o1
1606	between	46	99	s	s	0	0	161.24682242158434	s46-s99_cs-cs_o0-o0
1607	between	46	99	s	s	1	1	169.2575925516675	s46-s99_cs-cs_o1-o1
1608	between	47	53	h	h	0	0	87.00543274518537	s47-s53_ch-ch_o0-o0
1609	between	47	53	h	h	1	1	104.56084599652633	s47-s53_ch-ch_o1-o1
1610	between	47	53	k	k	0	0	90.9669865350272	s47-s53_ck-ck_o0-o0
1611	between	47	53	k	k	1	1	91.68765032182546	s47-s53_ck-ck_o1-o1
1612	between	47	53	s	s	0	0	115.30117027536744	s47-s53_cs-cs_o0-o0
1613	between	47	53	s	s	1	1	90.0519508229693	s47-s53_cs-cs_o1-o1
1614	between	47	57	h	h	0	0	128.22822269335327	s47-s57_ch-ch_o0-o0
1615	between	47	57	h	h	1	1	131.3834958418103	s47-s57_ch-ch_o1-o1
1616	between	47	57	k	k	0	0	122.3034329421827	s47-s57_ck-ck_o0-o0
1617	between	47	57	k	k	1	1	165.58960912053456	s47-s57_ck-ck_o1-o1
1618	between	47	57	s	s	0	0	138.66992779106448	s47-s57_cs-cs_o0-o0
1619	between	47	57	s	s	1	1	131.26030193386637	s47-s57_cs-cs_o1-o1
1620	between	47	58	h	h	0	0	109.67646216275337	s47-s58_ch-ch_o0-o0
1621	between	47	58	h	h	1	1	129.07454153575446	s47-s58_ch-ch_o1-o1
1622	between	47	58	k	k	0	0	121.22482924830933	s47-s58_ck-ck_o0-o0
1623	between	47	58	k	k	1	1	122.80879588870228	s47-s58_ck-ck_o1-o1
1624	between	47	58	s	s	0	0	165.34642771703955	s47-s58_cs-cs_o0-o0
1625	between	47	58	s	s	1	1	161.07614053007416	s47-s58_cs-cs_o1-o1
1626	between	47	59	h	h	0	0	100.26891476776282	s47-s59_ch-ch_o0-o0
1627	between	47	59	h	h	1	1	104.65294900022333	s47-s59_ch-ch_o1-o1
1628	between	47	59	k	k	0	0	126.54732673154028	s47-s59_ck-ck_o0-o0
1629	between	47	59	k	k	1	1	114.65586208639004	s47-s59_ck-ck_o1-o1
1630	between	47	59	s	s	0	0	103.18532468257871	s47-s59_cs-cs_o0-o0
1631	between	47	59	s	s	1	1	112.8230106075106	s47-s59_cs-cs_o1-o1
1632	between	47	60	h	h	0	0	126.3430745485599	s47-s60_ch-ch_o0-o0
1633	between	47	60	h	h	1	1	119.82321140258263	s47-s60_ch-ch_o1-o1
1634	between	47	60	k	k	0	0	138.69259553624664	s47-s60_ck-ck_o0-o0
1635	between	47	60	k	k	1	1	139.93628942426312	s47-s60_ck-ck_o1-o1
1636	between	47	60	s	s	0	0	123.36759246283563	s47-s60_cs-cs_o0-o0
1637	between	47	60	s	s	1	1	147.2869569427001	s47-s60_cs-cs_o1-o1
1638	between	47	61	h	h	0	0	111.2316945579286	s47-s61_ch-ch_o0-o0
1639	between	47	61	h	h	1	1	132.24103915788274	s47-s61_ch-ch_o1-o1
1640	between	47	61	k	k	0	0	127.23366058128742	s47-s61_ck-ck_o0-o0
1641	between	47	61	k	k	1	1	151.1388898092616	s47-s61_ck-ck_o1-o1
1642	between	47	61	s	s	0	0	136.13182216185982	s47-s61_cs-cs_o0-o0
1643	between	47	61	s	s	1	1	146.96200760809538	s47-s61_cs-cs_o1-o1
1644	between	47	65	h	h	0	0	130.4491729730085	s47-s65_ch-ch_o0-o0
1645	between	47	65	h	h	1	1	135.91652487469906	s47-s65_ch-ch_o1-o1
1646	between	47	65	k	k	0	0	144.59514078638136	s47-s65_ck-ck_o0-o0
1647	between	47	65	k	k	1	1	135.7046919925463	s47-s65_ck-ck_o1-o1
1648	between	47	65	s	s	0	0	162.93037746230786	s47-s65_cs-cs_o0-o0
1649	between	47	65	s	s	1	1	150.99967261676596	s47-s65_cs-cs_o1-o1
1650	between	47	67	h	h	0	0	93.88929918463612	s47-s67_ch-ch_o0-o0
1651	between	47	67	h	h	1	1	89.74270632347496	s47-s67_ch-ch_o1-o1
1652	between	47	67	k	k	0	0	109.32171792192669	s47-s67_ck-ck_o0-o0
1653	between	47	67	k	k	1	1	98.88545716661694	s47-s67_ck-ck_o1-o1
1654	between	47	67	s	s	0	0	117.50677876798831	s47-s67_cs-cs_o0-o0
1655	between	47	67	s	s	1	1	116.41266043291071	s47-s67_cs-cs_o1-o1
1656	between	47	74	h	h	0	0	120.3590817549341	s47-s74_ch-ch_o0-o0
1657	between	47	74	h	h	1	1	128.88888490917353	s47-s74_ch-ch_o1-o1
1658	between	47	74	k	k	0	0	146.5580886742659	s47-s74_ck-ck_o0-o0
1659	between	47	74	k	k	1	1	149.20014806869895	s47-s74_ck-ck_o1-o1
1660	between	47	74	s	s	0	0	190.3064106073584	s47-s74_cs-cs_o0-o0
1661	between	47	74	s	s	1	1	172.5499340898128	s47-s74_cs-cs_o1-o1
1662	between	47	76	h	h	0	0	163.58595812685894	s47-s76_ch-ch_o0-o0
1663	between	47	76	h	h	1	1	95.66913022018154	s47-s76_ch-ch_o1-o1
1664	between	47	76	k	k	0	0	127.68713613900458	s47-s76_ck-ck_o0-o0
1665	between	47	76	k	k	1	1	121.5940215998393	s47-s76_ck-ck_o1-o1
1666	between	47	76	s	s	0	0	127.39096095861497	s47-s76_cs-cs_o0-o0
1667	between	47	76	s	s	1	1	153.63564399766608	s47-s76_cs-cs_o1-o1
1668	between	47	79	h	h	0	0	122.16730881594842	s47-s79_ch-ch_o0-o0
1669	between	47	79	h	h	1	1	123.13111721389552	s47-s79_ch-ch_o1-o1
1670	between	47	79	k	k	0	0	131.16671401425677	s47-s79_ck-ck_o0-o0
1671	between	47	79	k	k	1	1	133.5314704346135	s47-s79_ck-ck_o1-o1
1672	between	47	79	s	s	0	0	150.15617810340422	s47-s79_cs-cs_o0-o0
1673	between	47	79	s	s	1	1	112.99019307580427	s47-s79_cs-cs_o1-o1
1674	between	47	80	h	h	0	0	138.04333186894547	s47-s80_ch-ch_o0-o0
1675	between	47	80	h	h	1	1	129.40122064553114	s47-s80_ch-ch_o1-o1
1676	between	47	80	k	k	0	0	156.50198277591602	s47-s80_ck-ck_o0-o0
1677	between	47	80	k	k	1	1	172.65903007416904	s47-s80_ck-ck_o1-o1
1678	between	47	80	s	s	0	0	138.3265691691216	s47-s80_cs-cs_o0-o0
1679	between	47	80	s	s	1	1	149.01419909747824	s47-s80_cs-cs_o1-o1
1680	between	47	81	h	h	0	0	102.8087886772663	s47-s81_ch-ch_o0-o0
1681	between	47	81	h	h	1	1	91.91119096576587	s47-s81_ch-ch_o1-o1
1682	between	47	81	k	k	0	0	119.29499931965597	s47-s81_ck-ck_o0-o0
1683	between	47	81	k	k	1	1	147.44837875505706	s47-s81_ck-ck_o1-o1
1684	between	47	81	s	s	0	0	182.19469856778966	s47-s81_cs-cs_o0-o0
1685	between	47	81	s	s	1	1	197.2811439039361	s47-s81_cs-cs_o1-o1
1686	between	47	87	h	h	0	0	107.73831994758805	s47-s87_ch-ch_o0-o0
1687	between	47	87	h	h	1	1	92.89981414166833	s47-s87_ch-ch_o1-o1
1688	between	47	87	k	k	0	0	111.73820680583769	s47-s87_ck-ck_o0-o0
1689	between	47	87	k	k	1	1	110.01998495356493	s47-s87_ck-ck_o1-o1
1690	between	47	87	s	s	0	0	155.0206534929725	s47-s87_cs-cs_o0-o0
1691	between	47	87	s	s	1	1	188.73858694286335	s47-s87_cs-cs_o1-o1
1692	between	47	88	h	h	0	0	155.23791419192634	s47-s88_ch-ch_o0-o0
1693	between	47	88	h	h	1	1	156.1112879378893	s47-s88_ch-ch_o1-o1
1694	between	47	88	k	k	0	0	185.8381761875722	s47-s88_ck-ck_o0-o0
1695	between	47	88	k	k	1	1	175.54886582482106	s47-s88_ck-ck_o1-o1
1696	between	47	88	s	s	0	0	218.17112105413312	s47-s88_cs-cs_o0-o0
1697	between	47	88	s	s	1	1	203.51408134790864	s47-s88_cs-cs_o1-o1
1698	between	47	89	h	h	0	0	94.18406564164	s47-s89_ch-ch_o0-o0
1699	between	47	89	h	h	1	1	111.65180228892518	s47-s89_ch-ch_o1-o1
1700	between	47	89	k	k	0	0	103.47422683051926	s47-s89_ck-ck_o0-o0
1701	between	47	89	k	k	1	1	98.27587780596662	s47-s89_ck-ck_o1-o1
1702	between	47	89	s	s	0	0	119.41554573559925	s47-s89_cs-cs_o0-o0
1703	between	47	89	s	s	1	1	91.73105950241963	s47-s89_cs-cs_o1-o1
1704	between	47	90	h	h	0	0	115.95365511978117	s47-s90_ch-ch_o0-o0
1705	between	47	90	h	h	1	1	112.38347606544008	s47-s90_ch-ch_o1-o1
1706	between	47	90	k	k	0	0	124.56310040773434	s47-s90_ck-ck_o0-o0
1707	between	47	90	k	k	1	1	150.44056386821347	s47-s90_ck-ck_o1-o1
1708	between	47	90	s	s	0	0	111.14537885299583	s47-s90_cs-cs_o0-o0
1709	between	47	90	s	s	1	1	149.92553310773638	s47-s90_cs-cs_o1-o1
1710	between	47	91	h	h	0	0	122.27498970720806	s47-s91_ch-ch_o0-o0
1711	between	47	91	h	h	1	1	110.41773819946351	s47-s91_ch-ch_o1-o1
1712	between	47	91	k	k	0	0	123.0996549047506	s47-s91_ck-ck_o0-o0
1713	between	47	91	k	k	1	1	140.00071282749946	s47-s91_ck-ck_o1-o1
1714	between	47	91	s	s	0	0	214.08137628514646	s47-s91_cs-cs_o0-o0
1715	between	47	91	s	s	1	1	233.0559573558012	s47-s91_cs-cs_o1-o1
1716	between	47	92	h	h	0	0	109.82422909277268	s47-s92_ch-ch_o0-o0
1717	between	47	92	h	h	1	1	102.04772904348053	s47-s92_ch-ch_o1-o1
1718	between	47	92	k	k	0	0	116.2754468508891	s47-s92_ck-ck_o0-o0
1719	between	47	92	k	k	1	1	115.62888389688803	s47-s92_ck-ck_o1-o1
1720	between	47	92	s	s	0	0	221.73280690234733	s47-s92_cs-cs_o0-o0
1721	between	47	92	s	s	1	1	115.8291244861803	s47-s92_cs-cs_o1-o1
1722	between	47	94	h	h	0	0	115.60689817240478	s47-s94_ch-ch_o0-o0
1723	between	47	94	h	h	1	1	133.9315724782759	s47-s94_ch-ch_o1-o1
1724	between	47	94	k	k	0	0	133.26598650975117	s47-s94_ck-ck_o0-o0
1725	between	47	94	k	k	1	1	124.60281476811919	s47-s94_ck-ck_o1-o1
1726	between	47	94	s	s	0	0	286.9452629851612	s47-s94_cs-cs_o0-o0
1727	between	47	94	s	s	1	1	220.346820859554	s47-s94_cs-cs_o1-o1
1728	between	47	95	h	h	0	0	85.34297536101414	s47-s95_ch-ch_o0-o0
1729	between	47	95	h	h	1	1	91.57447982963232	s47-s95_ch-ch_o1-o1
1730	between	47	95	k	k	0	0	93.48420618455862	s47-s95_ck-ck_o0-o0
1731	between	47	95	k	k	1	1	98.74784466516388	s47-s95_ck-ck_o1-o1
1732	between	47	95	s	s	0	0	115.03364456153957	s47-s95_cs-cs_o0-o0
1733	between	47	95	s	s	1	1	115.60872069789465	s47-s95_cs-cs_o1-o1
1734	between	47	97	h	h	0	0	103.00217033575962	s47-s97_ch-ch_o0-o0
1735	between	47	97	h	h	1	1	127.29553666634811	s47-s97_ch-ch_o1-o1
1736	between	47	97	k	k	0	0	122.63046755692075	s47-s97_ck-ck_o0-o0
1737	between	47	97	k	k	1	1	136.7800777239232	s47-s97_ck-ck_o1-o1
1738	between	47	97	s	s	0	0	112.57906765373009	s47-s97_cs-cs_o0-o0
1739	between	47	97	s	s	1	1	109.06154607768605	s47-s97_cs-cs_o1-o1
1740	between	47	99	h	h	0	0	102.9352351378176	s47-s99_ch-ch_o0-o0
1741	between	47	99	h	h	1	1	96.34842052270255	s47-s99_ch-ch_o1-o1
1742	between	47	99	k	k	0	0	105.2057776286703	s47-s99_ck-ck_o0-o0
1743	between	47	99	k	k	1	1	156.72271509413156	s47-s99_ck-ck_o1-o1
1744	between	47	99	s	s	0	0	128.70211198219823	s47-s99_cs-cs_o0-o0
1745	between	47	99	s	s	1	1	109.36420965745894	s47-s99_cs-cs_o1-o1
1746	between	53	57	h	h	0	0	100.09414741816744	s53-s57_ch-ch_o0-o0
1747	between	53	57	h	h	1	1	122.86524203108634	s53-s57_ch-ch_o1-o1
1748	between	53	57	k	k	0	0	120.47183067373673	s53-s57_ck-ck_o0-o0
1749	between	53	57	k	k	1	1	136.29478611439205	s53-s57_ck-ck_o1-o1
1750	between	53	57	s	s	0	0	138.5251470077866	s53-s57_cs-cs_o0-o0
1751	between	53	57	s	s	1	1	127.12361349779565	s53-s57_cs-cs_o1-o1
1752	between	53	58	h	h	0	0	98.79159797674892	s53-s58_ch-ch_o0-o0
1753	between	53	58	h	h	1	1	112.39306064435829	s53-s58_ch-ch_o1-o1
1754	between	53	58	k	k	0	0	105.36095206322898	s53-s58_ck-ck_o0-o0
1755	between	53	58	k	k	1	1	116.99868337210278	s53-s58_ck-ck_o1-o1
1756	between	53	58	s	s	0	0	177.70496092647656	s53-s58_cs-cs_o0-o0
1757	between	53	58	s	s	1	1	153.58424415769704	s53-s58_cs-cs_o1-o1
1758	between	53	59	h	h	0	0	90.16994489417394	s53-s59_ch-ch_o0-o0
1759	between	53	59	h	h	1	1	96.5557660988486	s53-s59_ch-ch_o1-o1
1760	between	53	59	k	k	0	0	118.46128648776627	s53-s59_ck-ck_o0-o0
1761	between	53	59	k	k	1	1	121.8729198334375	s53-s59_ck-ck_o1-o1
1762	between	53	59	s	s	0	0	106.7230952062622	s53-s59_cs-cs_o0-o0
1763	between	53	59	s	s	1	1	124.32073756367966	s53-s59_cs-cs_o1-o1
1764	between	53	60	h	h	0	0	101.31434676136314	s53-s60_ch-ch_o0-o0
1765	between	53	60	h	h	1	1	102.61889529719869	s53-s60_ch-ch_o1-o1
1766	between	53	60	k	k	0	0	144.9480962827867	s53-s60_ck-ck_o0-o0
1767	between	53	60	k	k	1	1	124.6768508127364	s53-s60_ck-ck_o1-o1
1768	between	53	60	s	s	0	0	118.50879575269576	s53-s60_cs-cs_o0-o0
1769	between	53	60	s	s	1	1	135.59307129056717	s53-s60_cs-cs_o1-o1
1770	between	53	61	h	h	0	0	91.89313973847389	s53-s61_ch-ch_o0-o0
1771	between	53	61	h	h	1	1	96.65135989079485	s53-s61_ch-ch_o1-o1
1772	between	53	61	k	k	0	0	114.22099498903177	s53-s61_ck-ck_o0-o0
1773	between	53	61	k	k	1	1	126.06139726681788	s53-s61_ck-ck_o1-o1
1774	between	53	61	s	s	0	0	119.85536461494044	s53-s61_cs-cs_o0-o0
1775	between	53	61	s	s	1	1	137.958106894094	s53-s61_cs-cs_o1-o1
1776	between	53	65	h	h	0	0	94.21905266019331	s53-s65_ch-ch_o0-o0
1777	between	53	65	h	h	1	1	87.86578122164312	s53-s65_ch-ch_o1-o1
1778	between	53	65	k	k	0	0	116.96850537163017	s53-s65_ck-ck_o0-o0
1779	between	53	65	k	k	1	1	120.20909260888418	s53-s65_ck-ck_o1-o1
1780	between	53	65	s	s	0	0	119.12132242045455	s53-s65_cs-cs_o0-o0
1781	between	53	65	s	s	1	1	136.33000440347524	s53-s65_cs-cs_o1-o1
1782	between	53	67	h	h	0	0	98.64715225021644	s53-s67_ch-ch_o0-o0
1783	between	53	67	h	h	1	1	110.10003624907299	s53-s67_ch-ch_o1-o1
1784	between	53	67	k	k	0	0	117.92774761014597	s53-s67_ck-ck_o0-o0
1785	between	53	67	k	k	1	1	103.16368531192276	s53-s67_ck-ck_o1-o1
1786	between	53	67	s	s	0	0	165.62576931292284	s53-s67_cs-cs_o0-o0
1787	between	53	67	s	s	1	1	128.6893401753409	s53-s67_cs-cs_o1-o1
1788	between	53	74	h	h	0	0	100.44075773456295	s53-s74_ch-ch_o0-o0
1789	between	53	74	h	h	1	1	115.75492207451036	s53-s74_ch-ch_o1-o1
1790	between	53	74	k	k	0	0	100.83943960032634	s53-s74_ck-ck_o0-o0
1791	between	53	74	k	k	1	1	136.61875491545058	s53-s74_ck-ck_o1-o1
1792	between	53	74	s	s	0	0	176.24985965538738	s53-s74_cs-cs_o0-o0
1793	between	53	74	s	s	1	1	152.25940661556612	s53-s74_cs-cs_o1-o1
1794	between	53	76	h	h	0	0	155.4645068741511	s53-s76_ch-ch_o0-o0
1795	between	53	76	h	h	1	1	97.09707877668625	s53-s76_ch-ch_o1-o1
1796	between	53	76	k	k	0	0	117.50868319180887	s53-s76_ck-ck_o0-o0
1797	between	53	76	k	k	1	1	116.87955014078301	s53-s76_ck-ck_o1-o1
1798	between	53	76	s	s	0	0	144.69039580754915	s53-s76_cs-cs_o0-o0
1799	between	53	76	s	s	1	1	158.25882785158902	s53-s76_cs-cs_o1-o1
1800	between	53	79	h	h	0	0	107.36561156599959	s53-s79_ch-ch_o0-o0
1801	between	53	79	h	h	1	1	115.916847726266	s53-s79_ch-ch_o1-o1
1802	between	53	79	k	k	0	0	128.41432450696306	s53-s79_ck-ck_o0-o0
1803	between	53	79	k	k	1	1	128.41118971710367	s53-s79_ck-ck_o1-o1
1804	between	53	79	s	s	0	0	138.602839298438	s53-s79_cs-cs_o0-o0
1805	between	53	79	s	s	1	1	115.63009449455423	s53-s79_cs-cs_o1-o1
1806	between	53	80	h	h	0	0	140.90693709678106	s53-s80_ch-ch_o0-o0
1807	between	53	80	h	h	1	1	137.63361157823104	s53-s80_ch-ch_o1-o1
1808	between	53	80	k	k	0	0	159.03112163041118	s53-s80_ck-ck_o0-o0
1809	between	53	80	k	k	1	1	175.19513888728952	s53-s80_ck-ck_o1-o1
1810	between	53	80	s	s	0	0	157.98473014470198	s53-s80_cs-cs_o0-o0
1811	between	53	80	s	s	1	1	153.78884793030932	s53-s80_cs-cs_o1-o1
1812	between	53	81	h	h	0	0	101.76742057475954	s53-s81_ch-ch_o0-o0
1813	between	53	81	h	h	1	1	126.63782651388351	s53-s81_ch-ch_o1-o1
1814	between	53	81	k	k	0	0	127.18113623007923	s53-s81_ck-ck_o0-o0
1815	between	53	81	k	k	1	1	126.2792952487863	s53-s81_ck-ck_o1-o1
1816	between	53	81	s	s	0	0	165.35858482168965	s53-s81_cs-cs_o0-o0
1817	between	53	81	s	s	1	1	188.87468497016283	s53-s81_cs-cs_o1-o1
1818	between	53	87	h	h	0	0	105.93832382253751	s53-s87_ch-ch_o0-o0
1819	between	53	87	h	h	1	1	96.05101407162066	s53-s87_ch-ch_o1-o1
1820	between	53	87	k	k	0	0	124.29856719126246	s53-s87_ck-ck_o0-o0
1821	between	53	87	k	k	1	1	102.82022788974024	s53-s87_ck-ck_o1-o1
1822	between	53	87	s	s	0	0	154.278308188177	s53-s87_cs-cs_o0-o0
1823	between	53	87	s	s	1	1	189.66586369522634	s53-s87_cs-cs_o1-o1
1824	between	53	88	h	h	0	0	127.61913904570567	s53-s88_ch-ch_o0-o0
1825	between	53	88	h	h	1	1	138.77030989607127	s53-s88_ch-ch_o1-o1
1826	between	53	88	k	k	0	0	175.4655483665464	s53-s88_ck-ck_o0-o0
1827	between	53	88	k	k	1	1	177.04775796790983	s53-s88_ck-ck_o1-o1
1828	between	53	88	s	s	0	0	225.97089661749428	s53-s88_cs-cs_o0-o0
1829	between	53	88	s	s	1	1	202.8838374875436	s53-s88_cs-cs_o1-o1
1830	between	53	89	h	h	0	0	77.60885425455352	s53-s89_ch-ch_o0-o0
1831	between	53	89	h	h	1	1	102.912665086496	s53-s89_ch-ch_o1-o1
1832	between	53	89	k	k	0	0	103.305038875806	s53-s89_ck-ck_o0-o0
1833	between	53	89	k	k	1	1	93.49413626079968	s53-s89_ck-ck_o1-o1
1834	between	53	89	s	s	0	0	141.36580428802688	s53-s89_cs-cs_o0-o0
1835	between	53	89	s	s	1	1	115.44974659562969	s53-s89_cs-cs_o1-o1
1836	between	53	90	h	h	0	0	118.7567745780031	s53-s90_ch-ch_o0-o0
1837	between	53	90	h	h	1	1	110.31142804612419	s53-s90_ch-ch_o1-o1
1838	between	53	90	k	k	0	0	134.2090971610171	s53-s90_ck-ck_o0-o0
1839	between	53	90	k	k	1	1	162.92657905530442	s53-s90_ck-ck_o1-o1
1840	between	53	90	s	s	0	0	142.20620252186797	s53-s90_cs-cs_o0-o0
1841	between	53	90	s	s	1	1	183.5784960746384	s53-s90_cs-cs_o1-o1
1842	between	53	91	h	h	0	0	94.52800113912775	s53-s91_ch-ch_o0-o0
1843	between	53	91	h	h	1	1	90.8529791468921	s53-s91_ch-ch_o1-o1
1844	between	53	91	k	k	0	0	115.37522222466716	s53-s91_ck-ck_o0-o0
1845	between	53	91	k	k	1	1	125.56886623391621	s53-s91_ck-ck_o1-o1
1846	between	53	91	s	s	0	0	205.0508907016226	s53-s91_cs-cs_o0-o0
1847	between	53	91	s	s	1	1	204.70597094871064	s53-s91_cs-cs_o1-o1
1848	between	53	92	h	h	0	0	116.93238064017271	s53-s92_ch-ch_o0-o0
1849	between	53	92	h	h	1	1	104.95450676447165	s53-s92_ch-ch_o1-o1
1850	between	53	92	k	k	0	0	127.96121687426765	s53-s92_ck-ck_o0-o0
1851	between	53	92	k	k	1	1	112.34745219880567	s53-s92_ck-ck_o1-o1
1852	between	53	92	s	s	0	0	242.20281551617532	s53-s92_cs-cs_o0-o0
1853	between	53	92	s	s	1	1	132.27918229121374	s53-s92_cs-cs_o1-o1
1854	between	53	94	h	h	0	0	104.63991128151807	s53-s94_ch-ch_o0-o0
1855	between	53	94	h	h	1	1	115.25590464037161	s53-s94_ch-ch_o1-o1
1856	between	53	94	k	k	0	0	131.95629500687474	s53-s94_ck-ck_o0-o0
1857	between	53	94	k	k	1	1	128.2306277443222	s53-s94_ck-ck_o1-o1
1858	between	53	94	s	s	0	0	280.5420481853578	s53-s94_cs-cs_o0-o0
1859	between	53	94	s	s	1	1	189.6948678864549	s53-s94_cs-cs_o1-o1
1860	between	53	95	h	h	0	0	79.31147708454891	s53-s95_ch-ch_o0-o0
1861	between	53	95	h	h	1	1	87.38598841814333	s53-s95_ch-ch_o1-o1
1862	between	53	95	k	k	0	0	83.75489448891754	s53-s95_ck-ck_o0-o0
1863	between	53	95	k	k	1	1	75.2732777545739	s53-s95_ck-ck_o1-o1
1864	between	53	95	s	s	0	0	118.44605304669845	s53-s95_cs-cs_o0-o0
1865	between	53	95	s	s	1	1	120.15785156682071	s53-s95_cs-cs_o1-o1
1866	between	53	97	h	h	0	0	106.73808939136855	s53-s97_ch-ch_o0-o0
1867	between	53	97	h	h	1	1	126.9185776395378	s53-s97_ch-ch_o1-o1
1868	between	53	97	k	k	0	0	131.03039822234157	s53-s97_ck-ck_o0-o0
1869	between	53	97	k	k	1	1	142.06431301636735	s53-s97_ck-ck_o1-o1
1870	between	53	97	s	s	0	0	125.14648010552126	s53-s97_cs-cs_o0-o0
1871	between	53	97	s	s	1	1	132.39468864643405	s53-s97_cs-cs_o1-o1
1872	between	53	99	h	h	0	0	77.8583438242655	s53-s99_ch-ch_o0-o0
1873	between	53	99	h	h	1	1	104.2186607060502	s53-s99_ch-ch_o1-o1
1874	between	53	99	k	k	0	0	93.4237682836017	s53-s99_ck-ck_o0-o0
1875	between	53	99	k	k	1	1	132.64375496250494	s53-s99_ck-ck_o1-o1
1876	between	53	99	s	s	0	0	114.36252222021454	s53-s99_cs-cs_o0-o0
1877	between	53	99	s	s	1	1	113.98185559310285	s53-s99_cs-cs_o1-o1
1878	between	57	58	h	h	0	0	128.56224531442678	s57-s58_ch-ch_o0-o0
1879	between	57	58	h	h	1	1	134.30930682029071	s57-s58_ch-ch_o1-o1
1880	between	57	58	k	k	0	0	122.27451641987041	s57-s58_ck-ck_o0-o0
1881	between	57	58	k	k	1	1	145.4860181581105	s57-s58_ck-ck_o1-o1
1882	between	57	58	s	s	0	0	197.72218734352168	s57-s58_cs-cs_o0-o0
1883	between	57	58	s	s	1	1	172.8744121676908	s57-s58_cs-cs_o1-o1
1884	between	57	59	h	h	0	0	126.79270570165184	s57-s59_ch-ch_o0-o0
1885	between	57	59	h	h	1	1	123.65048421384935	s57-s59_ch-ch_o1-o1
1886	between	57	59	k	k	0	0	132.94516127469817	s57-s59_ck-ck_o0-o0
1887	between	57	59	k	k	1	1	175.2350721246663	s57-s59_ck-ck_o1-o1
1888	between	57	59	s	s	0	0	138.87592728080972	s57-s59_cs-cs_o0-o0
1889	between	57	59	s	s	1	1	140.44002097633572	s57-s59_cs-cs_o1-o1
1890	between	57	60	h	h	0	0	121.80914847681395	s57-s60_ch-ch_o0-o0
1891	between	57	60	h	h	1	1	128.24145588978743	s57-s60_ch-ch_o1-o1
1892	between	57	60	k	k	0	0	140.95706015459064	s57-s60_ck-ck_o0-o0
1893	between	57	60	k	k	1	1	164.02669502563003	s57-s60_ck-ck_o1-o1
1894	between	57	60	s	s	0	0	136.22156579346898	s57-s60_cs-cs_o0-o0
1895	between	57	60	s	s	1	1	128.25082188936474	s57-s60_cs-cs_o1-o1
1896	between	57	61	h	h	0	0	120.0929182266161	s57-s61_ch-ch_o0-o0
1897	between	57	61	h	h	1	1	137.08514463986788	s57-s61_ch-ch_o1-o1
1898	between	57	61	k	k	0	0	133.22812548573785	s57-s61_ck-ck_o0-o0
1899	between	57	61	k	k	1	1	155.06410378449502	s57-s61_ck-ck_o1-o1
1900	between	57	61	s	s	0	0	146.3111841469215	s57-s61_cs-cs_o0-o0
1901	between	57	61	s	s	1	1	149.1933771583477	s57-s61_cs-cs_o1-o1
1902	between	57	65	h	h	0	0	124.86775726342391	s57-s65_ch-ch_o0-o0
1903	between	57	65	h	h	1	1	135.84985259835375	s57-s65_ch-ch_o1-o1
1904	between	57	65	k	k	0	0	147.48916543904434	s57-s65_ck-ck_o0-o0
1905	between	57	65	k	k	1	1	152.20146205548468	s57-s65_ck-ck_o1-o1
1906	between	57	65	s	s	0	0	160.43076626542447	s57-s65_cs-cs_o0-o0
1907	between	57	65	s	s	1	1	153.79554623864885	s57-s65_cs-cs_o1-o1
1908	between	57	67	h	h	0	0	115.10359140186911	s57-s67_ch-ch_o0-o0
1909	between	57	67	h	h	1	1	133.25328239430135	s57-s67_ch-ch_o1-o1
1910	between	57	67	k	k	0	0	133.54698826894582	s57-s67_ck-ck_o0-o0
1911	between	57	67	k	k	1	1	161.7870391400964	s57-s67_ck-ck_o1-o1
1912	between	57	67	s	s	0	0	176.0902617898827	s57-s67_cs-cs_o0-o0
1913	between	57	67	s	s	1	1	142.59419761101995	s57-s67_cs-cs_o1-o1
1914	between	57	74	h	h	0	0	145.26256254366922	s57-s74_ch-ch_o0-o0
1915	between	57	74	h	h	1	1	181.535450591182	s57-s74_ch-ch_o1-o1
1916	between	57	74	k	k	0	0	156.9613665580378	s57-s74_ck-ck_o0-o0
1917	between	57	74	k	k	1	1	165.1678465597264	s57-s74_ck-ck_o1-o1
1918	between	57	74	s	s	0	0	197.25663903167518	s57-s74_cs-cs_o0-o0
1919	between	57	74	s	s	1	1	184.69973769491128	s57-s74_cs-cs_o1-o1
1920	between	57	76	h	h	0	0	158.18651080333822	s57-s76_ch-ch_o0-o0
1921	between	57	76	h	h	1	1	119.83412463535093	s57-s76_ch-ch_o1-o1
1922	between	57	76	k	k	0	0	126.43507227991029	s57-s76_ck-ck_o0-o0
1923	between	57	76	k	k	1	1	141.96754038653518	s57-s76_ck-ck_o1-o1
1924	between	57	76	s	s	0	0	152.29603475706244	s57-s76_cs-cs_o0-o0
1925	between	57	76	s	s	1	1	156.60876700745888	s57-s76_cs-cs_o1-o1
1926	between	57	79	h	h	0	0	143.51014292996865	s57-s79_ch-ch_o0-o0
1927	between	57	79	h	h	1	1	153.4287125416428	s57-s79_ch-ch_o1-o1
1928	between	57	79	k	k	0	0	146.67076599415697	s57-s79_ck-ck_o0-o0
1929	between	57	79	k	k	1	1	175.09674386006364	s57-s79_ck-ck_o1-o1
1930	between	57	79	s	s	0	0	179.00839764046825	s57-s79_cs-cs_o0-o0
1931	between	57	79	s	s	1	1	140.60825888298848	s57-s79_cs-cs_o1-o1
1932	between	57	80	h	h	0	0	181.07130358799637	s57-s80_ch-ch_o0-o0
1933	between	57	80	h	h	1	1	161.59838947168225	s57-s80_ch-ch_o1-o1
1934	between	57	80	k	k	0	0	182.42190357526033	s57-s80_ck-ck_o0-o0
1935	between	57	80	k	k	1	1	204.71579290428755	s57-s80_ck-ck_o1-o1
1936	between	57	80	s	s	0	0	181.5803951749014	s57-s80_cs-cs_o0-o0
1937	between	57	80	s	s	1	1	162.10233898378505	s57-s80_cs-cs_o1-o1
1938	between	57	81	h	h	0	0	130.40553861737789	s57-s81_ch-ch_o0-o0
1939	between	57	81	h	h	1	1	144.8323521630732	s57-s81_ch-ch_o1-o1
1940	between	57	81	k	k	0	0	135.52065583334817	s57-s81_ck-ck_o0-o0
1941	between	57	81	k	k	1	1	178.5334943334348	s57-s81_ck-ck_o1-o1
1942	between	57	81	s	s	0	0	224.6548403828638	s57-s81_cs-cs_o0-o0
1943	between	57	81	s	s	1	1	203.83074283052073	s57-s81_cs-cs_o1-o1
1944	between	57	87	h	h	0	0	129.8447417562438	s57-s87_ch-ch_o0-o0
1945	between	57	87	h	h	1	1	109.42073740335793	s57-s87_ch-ch_o1-o1
1946	between	57	87	k	k	0	0	140.71760525683604	s57-s87_ck-ck_o0-o0
1947	between	57	87	k	k	1	1	157.20897891257906	s57-s87_ck-ck_o1-o1
1948	between	57	87	s	s	0	0	189.83430249283794	s57-s87_cs-cs_o0-o0
1949	between	57	87	s	s	1	1	179.00932292856507	s57-s87_cs-cs_o1-o1
1950	between	57	88	h	h	0	0	152.0811633261429	s57-s88_ch-ch_o0-o0
1951	between	57	88	h	h	1	1	169.09609739398638	s57-s88_ch-ch_o1-o1
1952	between	57	88	k	k	0	0	175.604004561745	s57-s88_ck-ck_o0-o0
1953	between	57	88	k	k	1	1	197.1557236424359	s57-s88_ck-ck_o1-o1
1954	between	57	88	s	s	0	0	213.5267265901752	s57-s88_cs-cs_o0-o0
1955	between	57	88	s	s	1	1	183.40300356504795	s57-s88_cs-cs_o1-o1
1956	between	57	89	h	h	0	0	105.85664364781732	s57-s89_ch-ch_o0-o0
1957	between	57	89	h	h	1	1	111.60868821383275	s57-s89_ch-ch_o1-o1
1958	between	57	89	k	k	0	0	112.65948463684119	s57-s89_ck-ck_o0-o0
1959	between	57	89	k	k	1	1	147.8879873516682	s57-s89_ck-ck_o1-o1
1960	between	57	89	s	s	0	0	168.17365646928516	s57-s89_cs-cs_o0-o0
1961	between	57	89	s	s	1	1	116.21259223356323	s57-s89_cs-cs_o1-o1
1962	between	57	90	h	h	0	0	148.17411187465322	s57-s90_ch-ch_o0-o0
1963	between	57	90	h	h	1	1	145.2512914847967	s57-s90_ch-ch_o1-o1
1964	between	57	90	k	k	0	0	153.8860654559869	s57-s90_ck-ck_o0-o0
1965	between	57	90	k	k	1	1	189.0629137060879	s57-s90_ck-ck_o1-o1
1966	between	57	90	s	s	0	0	163.93702593185154	s57-s90_cs-cs_o0-o0
1967	between	57	90	s	s	1	1	161.57117614868775	s57-s90_cs-cs_o1-o1
1968	between	57	91	h	h	0	0	108.26692422702955	s57-s91_ch-ch_o0-o0
1969	between	57	91	h	h	1	1	124.32912044494172	s57-s91_ch-ch_o1-o1
1970	between	57	91	k	k	0	0	119.9417689090274	s57-s91_ck-ck_o0-o0
1971	between	57	91	k	k	1	1	176.14721740088788	s57-s91_ck-ck_o1-o1
1972	between	57	91	s	s	0	0	204.90382027439568	s57-s91_cs-cs_o0-o0
1973	between	57	91	s	s	1	1	205.82926056453616	s57-s91_cs-cs_o1-o1
1974	between	57	92	h	h	0	0	142.09223065664315	s57-s92_ch-ch_o0-o0
1975	between	57	92	h	h	1	1	119.15357913102773	s57-s92_ch-ch_o1-o1
1976	between	57	92	k	k	0	0	137.68960962581227	s57-s92_ck-ck_o0-o0
1977	between	57	92	k	k	1	1	154.45399661126794	s57-s92_ck-ck_o1-o1
1978	between	57	92	s	s	0	0	233.36171269894453	s57-s92_cs-cs_o0-o0
1979	between	57	92	s	s	1	1	138.03873129935985	s57-s92_cs-cs_o1-o1
1980	between	57	94	h	h	0	0	124.22398405101974	s57-s94_ch-ch_o0-o0
1981	between	57	94	h	h	1	1	132.34025838546523	s57-s94_ch-ch_o1-o1
1982	between	57	94	k	k	0	0	150.28682479981074	s57-s94_ck-ck_o0-o0
1983	between	57	94	k	k	1	1	178.08577707811068	s57-s94_ck-ck_o1-o1
1984	between	57	94	s	s	0	0	294.16140738653166	s57-s94_cs-cs_o0-o0
1985	between	57	94	s	s	1	1	221.58822158021147	s57-s94_cs-cs_o1-o1
1986	between	57	95	h	h	0	0	109.56309645522072	s57-s95_ch-ch_o0-o0
1987	between	57	95	h	h	1	1	118.88996643919462	s57-s95_ch-ch_o1-o1
1988	between	57	95	k	k	0	0	117.70434644036641	s57-s95_ck-ck_o0-o0
1989	between	57	95	k	k	1	1	141.27826826185154	s57-s95_ck-ck_o1-o1
1990	between	57	95	s	s	0	0	138.4884649349317	s57-s95_cs-cs_o0-o0
1991	between	57	95	s	s	1	1	128.80058829678632	s57-s95_cs-cs_o1-o1
1992	between	57	97	h	h	0	0	138.3424563985257	s57-s97_ch-ch_o0-o0
1993	between	57	97	h	h	1	1	142.31579540647394	s57-s97_ch-ch_o1-o1
1994	between	57	97	k	k	0	0	149.65736920766187	s57-s97_ck-ck_o0-o0
1995	between	57	97	k	k	1	1	170.9748101641364	s57-s97_ck-ck_o1-o1
1996	between	57	97	s	s	0	0	146.00546190838423	s57-s97_cs-cs_o0-o0
1997	between	57	97	s	s	1	1	146.74569749355624	s57-s97_cs-cs_o1-o1
1998	between	57	99	h	h	0	0	108.71707060470477	s57-s99_ch-ch_o0-o0
1999	between	57	99	h	h	1	1	132.52665772856741	s57-s99_ch-ch_o1-o1
2000	between	57	99	k	k	0	0	127.67586643604888	s57-s99_ck-ck_o0-o0
2001	between	57	99	k	k	1	1	155.9929552035727	s57-s99_ck-ck_o1-o1
2002	between	57	99	s	s	0	0	164.23130465810115	s57-s99_cs-cs_o0-o0
2003	between	57	99	s	s	1	1	144.56571208764032	s57-s99_cs-cs_o1-o1
2004	between	58	59	h	h	0	0	89.95570121283639	s58-s59_ch-ch_o0-o0
2005	between	58	59	h	h	1	1	101.93741170120046	s58-s59_ch-ch_o1-o1
2006	between	58	59	k	k	0	0	99.89425939189563	s58-s59_ck-ck_o0-o0
2007	between	58	59	k	k	1	1	118.25079925348135	s58-s59_ck-ck_o1-o1
2008	between	58	59	s	s	0	0	151.0912580604521	s58-s59_cs-cs_o0-o0
2009	between	58	59	s	s	1	1	157.69776997963635	s58-s59_cs-cs_o1-o1
2010	between	58	60	h	h	0	0	124.89415921167306	s58-s60_ch-ch_o0-o0
2011	between	58	60	h	h	1	1	109.62468891720125	s58-s60_ch-ch_o1-o1
2012	between	58	60	k	k	0	0	127.76199454160188	s58-s60_ck-ck_o0-o0
2013	between	58	60	k	k	1	1	141.50643898379593	s58-s60_ck-ck_o1-o1
2014	between	58	60	s	s	0	0	163.4259719715361	s58-s60_cs-cs_o0-o0
2015	between	58	60	s	s	1	1	164.98902500785934	s58-s60_cs-cs_o1-o1
2016	between	58	61	h	h	0	0	113.27958567933256	s58-s61_ch-ch_o0-o0
2017	between	58	61	h	h	1	1	109.03040755464153	s58-s61_ch-ch_o1-o1
2018	between	58	61	k	k	0	0	102.06804407104637	s58-s61_ck-ck_o0-o0
2019	between	58	61	k	k	1	1	135.64330292312917	s58-s61_ck-ck_o1-o1
2020	between	58	61	s	s	0	0	176.28931042341665	s58-s61_cs-cs_o0-o0
2021	between	58	61	s	s	1	1	179.63485863015342	s58-s61_cs-cs_o1-o1
2022	between	58	65	h	h	0	0	117.36439254077618	s58-s65_ch-ch_o0-o0
2023	between	58	65	h	h	1	1	109.09868091965534	s58-s65_ch-ch_o1-o1
2024	between	58	65	k	k	0	0	116.36181207931884	s58-s65_ck-ck_o0-o0
2025	between	58	65	k	k	1	1	118.3915773313193	s58-s65_ck-ck_o1-o1
2026	between	58	65	s	s	0	0	183.04186632525534	s58-s65_cs-cs_o0-o0
2027	between	58	65	s	s	1	1	166.24183000015645	s58-s65_cs-cs_o1-o1
2028	between	58	67	h	h	0	0	109.86333816376028	s58-s67_ch-ch_o0-o0
2029	between	58	67	h	h	1	1	127.27735331975472	s58-s67_ch-ch_o1-o1
2030	between	58	67	k	k	0	0	132.10274913391325	s58-s67_ck-ck_o0-o0
2031	between	58	67	k	k	1	1	125.74630250011462	s58-s67_ck-ck_o1-o1
2032	between	58	67	s	s	0	0	195.06087791305407	s58-s67_cs-cs_o0-o0
2033	between	58	67	s	s	1	1	157.0686107072165	s58-s67_cs-cs_o1-o1
2034	between	58	74	h	h	0	0	115.9844859919698	s58-s74_ch-ch_o0-o0
2035	between	58	74	h	h	1	1	118.1221512599046	s58-s74_ch-ch_o1-o1
2036	between	58	74	k	k	0	0	102.21758284846756	s58-s74_ck-ck_o0-o0
2037	between	58	74	k	k	1	1	130.37948608106524	s58-s74_ck-ck_o1-o1
2038	between	58	74	s	s	0	0	203.87116426941935	s58-s74_cs-cs_o0-o0
2039	between	58	74	s	s	1	1	184.84618336547638	s58-s74_cs-cs_o1-o1
2040	between	58	76	h	h	0	0	160.3550638100628	s58-s76_ch-ch_o0-o0
2041	between	58	76	h	h	1	1	109.87437697862991	s58-s76_ch-ch_o1-o1
2042	between	58	76	k	k	0	0	116.4113551655858	s58-s76_ck-ck_o0-o0
2043	between	58	76	k	k	1	1	111.43586507035494	s58-s76_ck-ck_o1-o1
2044	between	58	76	s	s	0	0	171.61165018830127	s58-s76_cs-cs_o0-o0
2045	between	58	76	s	s	1	1	181.80296537164585	s58-s76_cs-cs_o1-o1
2046	between	58	79	h	h	0	0	112.07891829467285	s58-s79_ch-ch_o0-o0
2047	between	58	79	h	h	1	1	117.38405729689768	s58-s79_ch-ch_o1-o1
2048	between	58	79	k	k	0	0	106.84081737695233	s58-s79_ck-ck_o0-o0
2049	between	58	79	k	k	1	1	115.26637962010489	s58-s79_ck-ck_o1-o1
2050	between	58	79	s	s	0	0	158.11953788860518	s58-s79_cs-cs_o0-o0
2051	between	58	79	s	s	1	1	143.26606404392467	s58-s79_cs-cs_o1-o1
2052	between	58	80	h	h	0	0	136.23779851988797	s58-s80_ch-ch_o0-o0
2053	between	58	80	h	h	1	1	136.0881176763805	s58-s80_ch-ch_o1-o1
2054	between	58	80	k	k	0	0	136.1023518336198	s58-s80_ck-ck_o0-o0
2055	between	58	80	k	k	1	1	140.13575012642465	s58-s80_ck-ck_o1-o1
2056	between	58	80	s	s	0	0	171.65998098579848	s58-s80_cs-cs_o0-o0
2057	between	58	80	s	s	1	1	169.55796374297455	s58-s80_cs-cs_o1-o1
2058	between	58	81	h	h	0	0	117.19229453238601	s58-s81_ch-ch_o0-o0
2059	between	58	81	h	h	1	1	139.0521904626256	s58-s81_ch-ch_o1-o1
2060	between	58	81	k	k	0	0	134.10774832076123	s58-s81_ck-ck_o0-o0
2061	between	58	81	k	k	1	1	143.7670745940527	s58-s81_ck-ck_o1-o1
2062	between	58	81	s	s	0	0	266.3598705026538	s58-s81_cs-cs_o0-o0
2063	between	58	81	s	s	1	1	227.8162254036291	s58-s81_cs-cs_o1-o1
2064	between	58	87	h	h	0	0	124.74162013272931	s58-s87_ch-ch_o0-o0
2065	between	58	87	h	h	1	1	119.05571091715302	s58-s87_ch-ch_o1-o1
2066	between	58	87	k	k	0	0	142.91419956823097	s58-s87_ck-ck_o0-o0
2067	between	58	87	k	k	1	1	128.32014792934547	s58-s87_ck-ck_o1-o1
2068	between	58	87	s	s	0	0	209.64731402528585	s58-s87_cs-cs_o0-o0
2069	between	58	87	s	s	1	1	231.5229616040781	s58-s87_cs-cs_o1-o1
2070	between	58	88	h	h	0	0	128.5076039558454	s58-s88_ch-ch_o0-o0
2071	between	58	88	h	h	1	1	128.28367805861564	s58-s88_ch-ch_o1-o1
2072	between	58	88	k	k	0	0	147.44962727675173	s58-s88_ck-ck_o0-o0
2073	between	58	88	k	k	1	1	141.24393063157368	s58-s88_ck-ck_o1-o1
2074	between	58	88	s	s	0	0	215.31872551119912	s58-s88_cs-cs_o0-o0
2075	between	58	88	s	s	1	1	200.6593570476283	s58-s88_cs-cs_o1-o1
2076	between	58	89	h	h	0	0	107.54913505224324	s58-s89_ch-ch_o0-o0
2077	between	58	89	h	h	1	1	116.28614180242205	s58-s89_ch-ch_o1-o1
2078	between	58	89	k	k	0	0	110.82218007643108	s58-s89_ck-ck_o0-o0
2079	between	58	89	k	k	1	1	106.11133920491177	s58-s89_ck-ck_o1-o1
2080	between	58	89	s	s	0	0	171.81399653187745	s58-s89_cs-cs_o0-o0
2081	between	58	89	s	s	1	1	157.1276808820464	s58-s89_cs-cs_o1-o1
2082	between	58	90	h	h	0	0	120.20533210624681	s58-s90_ch-ch_o0-o0
2083	between	58	90	h	h	1	1	122.07987649713223	s58-s90_ch-ch_o1-o1
2084	between	58	90	k	k	0	0	121.6714992225315	s58-s90_ck-ck_o0-o0
2085	between	58	90	k	k	1	1	141.24994428485343	s58-s90_ck-ck_o1-o1
2086	between	58	90	s	s	0	0	189.36006728783343	s58-s90_cs-cs_o0-o0
2087	between	58	90	s	s	1	1	200.1960112933182	s58-s90_cs-cs_o1-o1
2088	between	58	91	h	h	0	0	111.128437726056	s58-s91_ch-ch_o0-o0
2089	between	58	91	h	h	1	1	106.14005279720692	s58-s91_ch-ch_o1-o1
2090	between	58	91	k	k	0	0	107.53295501531623	s58-s91_ck-ck_o0-o0
2091	between	58	91	k	k	1	1	141.43570249448229	s58-s91_ck-ck_o1-o1
2092	between	58	91	s	s	0	0	222.35441705201325	s58-s91_cs-cs_o0-o0
2093	between	58	91	s	s	1	1	213.3617133436292	s58-s91_cs-cs_o1-o1
2094	between	58	92	h	h	0	0	108.70032220035613	s58-s92_ch-ch_o0-o0
2095	between	58	92	h	h	1	1	117.41050305881842	s58-s92_ch-ch_o1-o1
2096	between	58	92	k	k	0	0	129.1353902114669	s58-s92_ck-ck_o0-o0
2097	between	58	92	k	k	1	1	122.14952081449289	s58-s92_ck-ck_o1-o1
2098	between	58	92	s	s	0	0	274.2324937877833	s58-s92_cs-cs_o0-o0
2099	between	58	92	s	s	1	1	163.81623734645027	s58-s92_cs-cs_o1-o1
2100	between	58	94	h	h	0	0	116.94074463871372	s58-s94_ch-ch_o0-o0
2101	between	58	94	h	h	1	1	123.94732079696972	s58-s94_ch-ch_o1-o1
2102	between	58	94	k	k	0	0	135.3120027710853	s58-s94_ck-ck_o0-o0
2103	between	58	94	k	k	1	1	136.98640402614387	s58-s94_ck-ck_o1-o1
2104	between	58	94	s	s	0	0	325.2333253735606	s58-s94_cs-cs_o0-o0
2105	between	58	94	s	s	1	1	192.56891520986724	s58-s94_cs-cs_o1-o1
2106	between	58	95	h	h	0	0	106.52390970598243	s58-s95_ch-ch_o0-o0
2107	between	58	95	h	h	1	1	102.57312994460328	s58-s95_ch-ch_o1-o1
2108	between	58	95	k	k	0	0	84.44681200615575	s58-s95_ck-ck_o0-o0
2109	between	58	95	k	k	1	1	102.30073761715151	s58-s95_ck-ck_o1-o1
2110	between	58	95	s	s	0	0	160.52329766648313	s58-s95_cs-cs_o0-o0
2111	between	58	95	s	s	1	1	157.06025308019986	s58-s95_cs-cs_o1-o1
2112	between	58	97	h	h	0	0	122.02061449957533	s58-s97_ch-ch_o0-o0
2113	between	58	97	h	h	1	1	129.4974102802196	s58-s97_ch-ch_o1-o1
2114	between	58	97	k	k	0	0	143.09594127898418	s58-s97_ck-ck_o0-o0
2115	between	58	97	k	k	1	1	140.73108796731714	s58-s97_ck-ck_o1-o1
2116	between	58	97	s	s	0	0	154.875788255691	s58-s97_cs-cs_o0-o0
2117	between	58	97	s	s	1	1	161.3206917952149	s58-s97_cs-cs_o1-o1
2118	between	58	99	h	h	0	0	91.69280238677919	s58-s99_ch-ch_o0-o0
2119	between	58	99	h	h	1	1	119.67754172989828	s58-s99_ch-ch_o1-o1
2120	between	58	99	k	k	0	0	107.0556812825215	s58-s99_ck-ck_o0-o0
2121	between	58	99	k	k	1	1	128.53985442181258	s58-s99_ck-ck_o1-o1
2122	between	58	99	s	s	0	0	170.93776344789873	s58-s99_cs-cs_o0-o0
2123	between	58	99	s	s	1	1	153.74740375668665	s58-s99_cs-cs_o1-o1
2124	between	59	60	h	h	0	0	108.43264083123162	s59-s60_ch-ch_o0-o0
2125	between	59	60	h	h	1	1	92.4339699727143	s59-s60_ch-ch_o1-o1
2126	between	59	60	k	k	0	0	124.58414238340765	s59-s60_ck-ck_o0-o0
2127	between	59	60	k	k	1	1	130.7153686498189	s59-s60_ck-ck_o1-o1
2128	between	59	60	s	s	0	0	101.18450228272815	s59-s60_cs-cs_o0-o0
2129	between	59	60	s	s	1	1	106.04486551685235	s59-s60_cs-cs_o1-o1
2130	between	59	61	h	h	0	0	107.20640411050547	s59-s61_ch-ch_o0-o0
2131	between	59	61	h	h	1	1	104.80630694088661	s59-s61_ch-ch_o1-o1
2132	between	59	61	k	k	0	0	108.3070401584475	s59-s61_ck-ck_o0-o0
2133	between	59	61	k	k	1	1	151.93719716168096	s59-s61_ck-ck_o1-o1
2134	between	59	61	s	s	0	0	111.94877020667292	s59-s61_cs-cs_o0-o0
2135	between	59	61	s	s	1	1	147.8201944847447	s59-s61_cs-cs_o1-o1
2136	between	59	65	h	h	0	0	104.74976047668692	s59-s65_ch-ch_o0-o0
2137	between	59	65	h	h	1	1	95.06992057276645	s59-s65_ch-ch_o1-o1
2138	between	59	65	k	k	0	0	95.03179040947427	s59-s65_ck-ck_o0-o0
2139	between	59	65	k	k	1	1	118.8133237387328	s59-s65_ck-ck_o1-o1
2140	between	59	65	s	s	0	0	115.39564368347975	s59-s65_cs-cs_o0-o0
2141	between	59	65	s	s	1	1	114.0064830923832	s59-s65_cs-cs_o1-o1
2142	between	59	67	h	h	0	0	105.07066443951463	s59-s67_ch-ch_o0-o0
2143	between	59	67	h	h	1	1	90.44539015752866	s59-s67_ch-ch_o1-o1
2144	between	59	67	k	k	0	0	114.8372600316834	s59-s67_ck-ck_o0-o0
2145	between	59	67	k	k	1	1	97.42829210067008	s59-s67_ck-ck_o1-o1
2146	between	59	67	s	s	0	0	139.80072635065946	s59-s67_cs-cs_o0-o0
2147	between	59	67	s	s	1	1	119.65820475701649	s59-s67_cs-cs_o1-o1
2148	between	59	74	h	h	0	0	110.30178332909922	s59-s74_ch-ch_o0-o0
2149	between	59	74	h	h	1	1	119.69126712332569	s59-s74_ch-ch_o1-o1
2150	between	59	74	k	k	0	0	103.58954506950916	s59-s74_ck-ck_o0-o0
2151	between	59	74	k	k	1	1	148.44938349526052	s59-s74_ck-ck_o1-o1
2152	between	59	74	s	s	0	0	146.22642997616802	s59-s74_cs-cs_o0-o0
2153	between	59	74	s	s	1	1	156.79477069300918	s59-s74_cs-cs_o1-o1
2154	between	59	76	h	h	0	0	151.254729979886	s59-s76_ch-ch_o0-o0
2155	between	59	76	h	h	1	1	88.51293953947608	s59-s76_ch-ch_o1-o1
2156	between	59	76	k	k	0	0	99.40746618251875	s59-s76_ck-ck_o0-o0
2157	between	59	76	k	k	1	1	112.29094223315099	s59-s76_ck-ck_o1-o1
2158	between	59	76	s	s	0	0	118.09835393670323	s59-s76_cs-cs_o0-o0
2159	between	59	76	s	s	1	1	109.3892636709856	s59-s76_cs-cs_o1-o1
2160	between	59	79	h	h	0	0	101.09943772972089	s59-s79_ch-ch_o0-o0
2161	between	59	79	h	h	1	1	100.33741962230708	s59-s79_ch-ch_o1-o1
2162	between	59	79	k	k	0	0	101.31706010979016	s59-s79_ck-ck_o0-o0
2163	between	59	79	k	k	1	1	125.62189499246342	s59-s79_ck-ck_o1-o1
2164	between	59	79	s	s	0	0	122.0366704416229	s59-s79_cs-cs_o0-o0
2165	between	59	79	s	s	1	1	108.40627140010623	s59-s79_cs-cs_o1-o1
2166	between	59	80	h	h	0	0	113.39208631108279	s59-s80_ch-ch_o0-o0
2167	between	59	80	h	h	1	1	107.03018918341272	s59-s80_ch-ch_o1-o1
2168	between	59	80	k	k	0	0	130.88611793559457	s59-s80_ck-ck_o0-o0
2169	between	59	80	k	k	1	1	153.71344399222622	s59-s80_ck-ck_o1-o1
2170	between	59	80	s	s	0	0	122.00057840992747	s59-s80_cs-cs_o0-o0
2171	between	59	80	s	s	1	1	107.43335514402158	s59-s80_cs-cs_o1-o1
2172	between	59	81	h	h	0	0	107.30848030092771	s59-s81_ch-ch_o0-o0
2173	between	59	81	h	h	1	1	103.09800539163618	s59-s81_ch-ch_o1-o1
2174	between	59	81	k	k	0	0	133.26939345868755	s59-s81_ck-ck_o0-o0
2175	between	59	81	k	k	1	1	144.08049136072637	s59-s81_ck-ck_o1-o1
2176	between	59	81	s	s	0	0	163.14513523660756	s59-s81_cs-cs_o0-o0
2177	between	59	81	s	s	1	1	143.5828840363408	s59-s81_cs-cs_o1-o1
2178	between	59	87	h	h	0	0	124.46325140211515	s59-s87_ch-ch_o0-o0
2179	between	59	87	h	h	1	1	100.31801265372445	s59-s87_ch-ch_o1-o1
2180	between	59	87	k	k	0	0	131.5095493381362	s59-s87_ck-ck_o0-o0
2181	between	59	87	k	k	1	1	101.46520253815841	s59-s87_ck-ck_o1-o1
2182	between	59	87	s	s	0	0	138.78616005267597	s59-s87_cs-cs_o0-o0
2183	between	59	87	s	s	1	1	201.25624143024265	s59-s87_cs-cs_o1-o1
2184	between	59	88	h	h	0	0	124.82678323151987	s59-s88_ch-ch_o0-o0
2185	between	59	88	h	h	1	1	116.3119340452158	s59-s88_ch-ch_o1-o1
2186	between	59	88	k	k	0	0	122.71700083350001	s59-s88_ck-ck_o0-o0
2187	between	59	88	k	k	1	1	128.01269360203216	s59-s88_ck-ck_o1-o1
2188	between	59	88	s	s	0	0	190.05926637294382	s59-s88_cs-cs_o0-o0
2189	between	59	88	s	s	1	1	165.89887235921742	s59-s88_cs-cs_o1-o1
2190	between	59	89	h	h	0	0	103.14229833860364	s59-s89_ch-ch_o0-o0
2191	between	59	89	h	h	1	1	95.95123456672137	s59-s89_ch-ch_o1-o1
2192	between	59	89	k	k	0	0	91.24723389563522	s59-s89_ck-ck_o0-o0
2193	between	59	89	k	k	1	1	96.92032509758862	s59-s89_ck-ck_o1-o1
2194	between	59	89	s	s	0	0	112.52462961896758	s59-s89_cs-cs_o0-o0
2195	between	59	89	s	s	1	1	84.6260509122953	s59-s89_cs-cs_o1-o1
2196	between	59	90	h	h	0	0	111.05507687047309	s59-s90_ch-ch_o0-o0
2197	between	59	90	h	h	1	1	107.9019209582788	s59-s90_ch-ch_o1-o1
2198	between	59	90	k	k	0	0	134.53080910327338	s59-s90_ck-ck_o0-o0
2199	between	59	90	k	k	1	1	154.2210782068595	s59-s90_ck-ck_o1-o1
2200	between	59	90	s	s	0	0	133.12753974630354	s59-s90_cs-cs_o0-o0
2201	between	59	90	s	s	1	1	145.83726803894476	s59-s90_cs-cs_o1-o1
2202	between	59	91	h	h	0	0	112.78493472819846	s59-s91_ch-ch_o0-o0
2203	between	59	91	h	h	1	1	90.77140527393776	s59-s91_ch-ch_o1-o1
2204	between	59	91	k	k	0	0	94.79221497991492	s59-s91_ck-ck_o0-o0
2205	between	59	91	k	k	1	1	111.87641414948348	s59-s91_ck-ck_o1-o1
2206	between	59	91	s	s	0	0	182.26017627623244	s59-s91_cs-cs_o0-o0
2207	between	59	91	s	s	1	1	200.3603426311819	s59-s91_cs-cs_o1-o1
2208	between	59	92	h	h	0	0	102.26431833813434	s59-s92_ch-ch_o0-o0
2209	between	59	92	h	h	1	1	82.89613146688077	s59-s92_ch-ch_o1-o1
2210	between	59	92	k	k	0	0	123.8104192405065	s59-s92_ck-ck_o0-o0
2211	between	59	92	k	k	1	1	116.48539134214288	s59-s92_ck-ck_o1-o1
2212	between	59	92	s	s	0	0	223.3863687242844	s59-s92_cs-cs_o0-o0
2213	between	59	92	s	s	1	1	105.72612152841755	s59-s92_cs-cs_o1-o1
2214	between	59	94	h	h	0	0	104.63435202880483	s59-s94_ch-ch_o0-o0
2215	between	59	94	h	h	1	1	99.14238582553372	s59-s94_ch-ch_o1-o1
2216	between	59	94	k	k	0	0	110.03831430981967	s59-s94_ck-ck_o0-o0
2217	between	59	94	k	k	1	1	119.04743585881468	s59-s94_ck-ck_o1-o1
2218	between	59	94	s	s	0	0	282.0528942187295	s59-s94_cs-cs_o0-o0
2219	between	59	94	s	s	1	1	220.65267691018667	s59-s94_cs-cs_o1-o1
2220	between	59	95	h	h	0	0	98.91798740009413	s59-s95_ch-ch_o0-o0
2221	between	59	95	h	h	1	1	87.19392882615283	s59-s95_ch-ch_o1-o1
2222	between	59	95	k	k	0	0	90.56206529117354	s59-s95_ck-ck_o0-o0
2223	between	59	95	k	k	1	1	102.39886514886301	s59-s95_ck-ck_o1-o1
2224	between	59	95	s	s	0	0	112.83246397011935	s59-s95_cs-cs_o0-o0
2225	between	59	95	s	s	1	1	124.50949640408254	s59-s95_cs-cs_o1-o1
2226	between	59	97	h	h	0	0	109.58637830572218	s59-s97_ch-ch_o0-o0
2227	between	59	97	h	h	1	1	99.74114118086803	s59-s97_ch-ch_o1-o1
2228	between	59	97	k	k	0	0	126.92315097861263	s59-s97_ck-ck_o0-o0
2229	between	59	97	k	k	1	1	124.5447732340884	s59-s97_ck-ck_o1-o1
2230	between	59	97	s	s	0	0	111.23173119311647	s59-s97_cs-cs_o0-o0
2231	between	59	97	s	s	1	1	90.892449274733	s59-s97_cs-cs_o1-o1
2232	between	59	99	h	h	0	0	97.25125224666867	s59-s99_ch-ch_o0-o0
2233	between	59	99	h	h	1	1	91.48221957194103	s59-s99_ch-ch_o1-o1
2234	between	59	99	k	k	0	0	89.11069370149892	s59-s99_ck-ck_o0-o0
2235	between	59	99	k	k	1	1	143.5050948297838	s59-s99_ck-ck_o1-o1
2236	between	59	99	s	s	0	0	117.00695195495378	s59-s99_cs-cs_o0-o0
2237	between	59	99	s	s	1	1	105.30605388636442	s59-s99_cs-cs_o1-o1
2238	between	60	61	h	h	0	0	106.53220581642552	s60-s61_ch-ch_o0-o0
2239	between	60	61	h	h	1	1	119.23626955185986	s60-s61_ch-ch_o1-o1
2240	between	60	61	k	k	0	0	149.2108584246124	s60-s61_ck-ck_o0-o0
2241	between	60	61	k	k	1	1	132.72302818809175	s60-s61_ck-ck_o1-o1
2242	between	60	61	s	s	0	0	135.49148408737125	s60-s61_cs-cs_o0-o0
2243	between	60	61	s	s	1	1	156.88332985811218	s60-s61_cs-cs_o1-o1
2244	between	60	65	h	h	0	0	93.22545148261527	s60-s65_ch-ch_o0-o0
2245	between	60	65	h	h	1	1	104.32912517330867	s60-s65_ch-ch_o1-o1
2246	between	60	65	k	k	0	0	154.72546620984215	s60-s65_ck-ck_o0-o0
2247	between	60	65	k	k	1	1	138.88801657590093	s60-s65_ck-ck_o1-o1
2248	between	60	65	s	s	0	0	131.7005061021632	s60-s65_cs-cs_o0-o0
2249	between	60	65	s	s	1	1	126.46838690782737	s60-s65_cs-cs_o1-o1
2250	between	60	67	h	h	0	0	122.35124268571775	s60-s67_ch-ch_o0-o0
2251	between	60	67	h	h	1	1	110.27813064609491	s60-s67_ch-ch_o1-o1
2252	between	60	67	k	k	0	0	145.13803452607726	s60-s67_ck-ck_o0-o0
2253	between	60	67	k	k	1	1	139.52356465478422	s60-s67_ck-ck_o1-o1
2254	between	60	67	s	s	0	0	161.8416967168916	s60-s67_cs-cs_o0-o0
2255	between	60	67	s	s	1	1	134.1685531938958	s60-s67_cs-cs_o1-o1
2256	between	60	74	h	h	0	0	138.31989097963282	s60-s74_ch-ch_o0-o0
2257	between	60	74	h	h	1	1	135.37548903508866	s60-s74_ch-ch_o1-o1
2258	between	60	74	k	k	0	0	161.82964153540163	s60-s74_ck-ck_o0-o0
2259	between	60	74	k	k	1	1	162.41502678892857	s60-s74_ck-ck_o1-o1
2260	between	60	74	s	s	0	0	195.3672942708962	s60-s74_cs-cs_o0-o0
2261	between	60	74	s	s	1	1	169.54704133884877	s60-s74_cs-cs_o1-o1
2262	between	60	76	h	h	0	0	135.58639026658784	s60-s76_ch-ch_o0-o0
2263	between	60	76	h	h	1	1	99.43342223469665	s60-s76_ch-ch_o1-o1
2264	between	60	76	k	k	0	0	136.89199583269559	s60-s76_ck-ck_o0-o0
2265	between	60	76	k	k	1	1	136.74326924954715	s60-s76_ck-ck_o1-o1
2266	between	60	76	s	s	0	0	140.87425083430549	s60-s76_cs-cs_o0-o0
2267	between	60	76	s	s	1	1	126.30334652267719	s60-s76_cs-cs_o1-o1
2268	between	60	79	h	h	0	0	122.48321838661289	s60-s79_ch-ch_o0-o0
2269	between	60	79	h	h	1	1	115.2092010689671	s60-s79_ch-ch_o1-o1
2270	between	60	79	k	k	0	0	143.80889334827827	s60-s79_ck-ck_o0-o0
2271	between	60	79	k	k	1	1	153.01600775768523	s60-s79_ck-ck_o1-o1
2272	between	60	79	s	s	0	0	149.15437424367838	s60-s79_cs-cs_o0-o0
2273	between	60	79	s	s	1	1	109.48599064139836	s60-s79_cs-cs_o1-o1
2274	between	60	80	h	h	0	0	144.5008382658983	s60-s80_ch-ch_o0-o0
2275	between	60	80	h	h	1	1	128.91477434091485	s60-s80_ch-ch_o1-o1
2276	between	60	80	k	k	0	0	180.18234413466857	s60-s80_ck-ck_o0-o0
2277	between	60	80	k	k	1	1	199.92809002315812	s60-s80_ck-ck_o1-o1
2278	between	60	80	s	s	0	0	154.73765343536567	s60-s80_cs-cs_o0-o0
2279	between	60	80	s	s	1	1	124.69247725938271	s60-s80_cs-cs_o1-o1
2280	between	60	81	h	h	0	0	127.48679143018848	s60-s81_ch-ch_o0-o0
2281	between	60	81	h	h	1	1	128.25454664604203	s60-s81_ch-ch_o1-o1
2282	between	60	81	k	k	0	0	152.34707665546958	s60-s81_ck-ck_o0-o0
2283	between	60	81	k	k	1	1	163.1838318230349	s60-s81_ck-ck_o1-o1
2284	between	60	81	s	s	0	0	190.83804272242526	s60-s81_cs-cs_o0-o0
2285	between	60	81	s	s	1	1	183.14164992630498	s60-s81_cs-cs_o1-o1
2286	between	60	87	h	h	0	0	135.03544039382658	s60-s87_ch-ch_o0-o0
2287	between	60	87	h	h	1	1	102.04255435926422	s60-s87_ch-ch_o1-o1
2288	between	60	87	k	k	0	0	144.16286411640652	s60-s87_ck-ck_o0-o0
2289	between	60	87	k	k	1	1	121.7791554987183	s60-s87_ck-ck_o1-o1
2290	between	60	87	s	s	0	0	156.66172938926604	s60-s87_cs-cs_o0-o0
2291	between	60	87	s	s	1	1	203.52527976353934	s60-s87_cs-cs_o1-o1
2292	between	60	88	h	h	0	0	134.59449521198474	s60-s88_ch-ch_o0-o0
2293	between	60	88	h	h	1	1	137.73593387121372	s60-s88_ch-ch_o1-o1
2294	between	60	88	k	k	0	0	164.85224886827186	s60-s88_ck-ck_o0-o0
2295	between	60	88	k	k	1	1	157.66764460924202	s60-s88_ck-ck_o1-o1
2296	between	60	88	s	s	0	0	211.8529176532591	s60-s88_cs-cs_o0-o0
2297	between	60	88	s	s	1	1	173.64072266101624	s60-s88_cs-cs_o1-o1
2298	between	60	89	h	h	0	0	103.16490233053818	s60-s89_ch-ch_o0-o0
2299	between	60	89	h	h	1	1	102.10211800819691	s60-s89_ch-ch_o1-o1
2300	between	60	89	k	k	0	0	129.71723954974217	s60-s89_ck-ck_o0-o0
2301	between	60	89	k	k	1	1	122.0251948102758	s60-s89_ck-ck_o1-o1
2302	between	60	89	s	s	0	0	144.072996362241	s60-s89_cs-cs_o0-o0
2303	between	60	89	s	s	1	1	103.16771697349444	s60-s89_cs-cs_o1-o1
2304	between	60	90	h	h	0	0	136.61921572808794	s60-s90_ch-ch_o0-o0
2305	between	60	90	h	h	1	1	120.64540410318435	s60-s90_ch-ch_o1-o1
2306	between	60	90	k	k	0	0	165.366998148342	s60-s90_ck-ck_o0-o0
2307	between	60	90	k	k	1	1	184.82278706962134	s60-s90_ck-ck_o1-o1
2308	between	60	90	s	s	0	0	158.05194295069327	s60-s90_cs-cs_o0-o0
2309	between	60	90	s	s	1	1	162.54239537333112	s60-s90_cs-cs_o1-o1
2310	between	60	91	h	h	0	0	101.42806036556127	s60-s91_ch-ch_o0-o0
2311	between	60	91	h	h	1	1	97.04574156605932	s60-s91_ch-ch_o1-o1
2312	between	60	91	k	k	0	0	131.68357883804515	s60-s91_ck-ck_o0-o0
2313	between	60	91	k	k	1	1	129.40862305593754	s60-s91_ck-ck_o1-o1
2314	between	60	91	s	s	0	0	199.56520480664724	s60-s91_cs-cs_o0-o0
2315	between	60	91	s	s	1	1	202.155568497024	s60-s91_cs-cs_o1-o1
2316	between	60	92	h	h	0	0	137.26956246078535	s60-s92_ch-ch_o0-o0
2317	between	60	92	h	h	1	1	101.51570674891383	s60-s92_ch-ch_o1-o1
2318	between	60	92	k	k	0	0	141.21500516849454	s60-s92_ck-ck_o0-o0
2319	between	60	92	k	k	1	1	128.74084524128796	s60-s92_ck-ck_o1-o1
2320	between	60	92	s	s	0	0	220.16274532769287	s60-s92_cs-cs_o0-o0
2321	between	60	92	s	s	1	1	134.58506894259128	s60-s92_cs-cs_o1-o1
2322	between	60	94	h	h	0	0	119.51611782788329	s60-s94_ch-ch_o0-o0
2323	between	60	94	h	h	1	1	111.47206763720617	s60-s94_ch-ch_o1-o1
2324	between	60	94	k	k	0	0	151.6683817716647	s60-s94_ck-ck_o0-o0
2325	between	60	94	k	k	1	1	137.66713282611911	s60-s94_ck-ck_o1-o1
2326	between	60	94	s	s	0	0	275.78891733313725	s60-s94_cs-cs_o0-o0
2327	between	60	94	s	s	1	1	238.61381378797572	s60-s94_cs-cs_o1-o1
2328	between	60	95	h	h	0	0	93.52392316784716	s60-s95_ch-ch_o0-o0
2329	between	60	95	h	h	1	1	102.26090733178826	s60-s95_ch-ch_o1-o1
2330	between	60	95	k	k	0	0	123.11187383626486	s60-s95_ck-ck_o0-o0
2331	between	60	95	k	k	1	1	113.84472467358826	s60-s95_ck-ck_o1-o1
2332	between	60	95	s	s	0	0	132.91727537445882	s60-s95_cs-cs_o0-o0
2333	between	60	95	s	s	1	1	134.90782008193645	s60-s95_cs-cs_o1-o1
2334	between	60	97	h	h	0	0	131.92351936927446	s60-s97_ch-ch_o0-o0
2335	between	60	97	h	h	1	1	116.80710049218108	s60-s97_ch-ch_o1-o1
2336	between	60	97	k	k	0	0	151.7822414335778	s60-s97_ck-ck_o0-o0
2337	between	60	97	k	k	1	1	156.28123410105673	s60-s97_ck-ck_o1-o1
2338	between	60	97	s	s	0	0	119.74811207970656	s60-s97_cs-cs_o0-o0
2339	between	60	97	s	s	1	1	121.68853266761238	s60-s97_cs-cs_o1-o1
2340	between	60	99	h	h	0	0	95.8743066651992	s60-s99_ch-ch_o0-o0
2341	between	60	99	h	h	1	1	116.57544094228608	s60-s99_ch-ch_o1-o1
2342	between	60	99	k	k	0	0	136.91212713514545	s60-s99_ck-ck_o0-o0
2343	between	60	99	k	k	1	1	162.12642609478814	s60-s99_ck-ck_o1-o1
2344	between	60	99	s	s	0	0	150.40333372162604	s60-s99_cs-cs_o0-o0
2345	between	60	99	s	s	1	1	135.6712542399719	s60-s99_cs-cs_o1-o1
2346	between	61	65	h	h	0	0	88.91186097079064	s61-s65_ch-ch_o0-o0
2347	between	61	65	h	h	1	1	90.0866334278293	s61-s65_ch-ch_o1-o1
2348	between	61	65	k	k	0	0	120.05400864905913	s61-s65_ck-ck_o0-o0
2349	between	61	65	k	k	1	1	141.00566763545834	s61-s65_ck-ck_o1-o1
2350	between	61	65	s	s	0	0	121.46524392650481	s61-s65_cs-cs_o0-o0
2351	between	61	65	s	s	1	1	151.55079320182637	s61-s65_cs-cs_o1-o1
2352	between	61	67	h	h	0	0	114.54973544152557	s61-s67_ch-ch_o0-o0
2353	between	61	67	h	h	1	1	135.53303659059696	s61-s67_ch-ch_o1-o1
2354	between	61	67	k	k	0	0	126.1662486478372	s61-s67_ck-ck_o0-o0
2355	between	61	67	k	k	1	1	153.5811703657409	s61-s67_ck-ck_o1-o1
2356	between	61	67	s	s	0	0	193.32776467368805	s61-s67_cs-cs_o0-o0
2357	between	61	67	s	s	1	1	165.6402677215298	s61-s67_cs-cs_o1-o1
2358	between	61	74	h	h	0	0	115.42946414999672	s61-s74_ch-ch_o0-o0
2359	between	61	74	h	h	1	1	117.63314023899811	s61-s74_ch-ch_o1-o1
2360	between	61	74	k	k	0	0	104.04237861879682	s61-s74_ck-ck_o0-o0
2361	between	61	74	k	k	1	1	131.363677127726	s61-s74_ck-ck_o1-o1
2362	between	61	74	s	s	0	0	154.7618009648761	s61-s74_cs-cs_o0-o0
2363	between	61	74	s	s	1	1	138.77976408708258	s61-s74_cs-cs_o1-o1
2364	between	61	76	h	h	0	0	157.5247462231791	s61-s76_ch-ch_o0-o0
2365	between	61	76	h	h	1	1	112.33960221957255	s61-s76_ch-ch_o1-o1
2366	between	61	76	k	k	0	0	126.4490209332572	s61-s76_ck-ck_o0-o0
2367	between	61	76	k	k	1	1	139.76273540819707	s61-s76_ck-ck_o1-o1
2368	between	61	76	s	s	0	0	150.04244734789418	s61-s76_cs-cs_o0-o0
2369	between	61	76	s	s	1	1	185.92151277203067	s61-s76_cs-cs_o1-o1
2370	between	61	79	h	h	0	0	128.5620106357866	s61-s79_ch-ch_o0-o0
2371	between	61	79	h	h	1	1	111.80774124564638	s61-s79_ch-ch_o1-o1
2372	between	61	79	k	k	0	0	133.3450860909931	s61-s79_ck-ck_o0-o0
2373	between	61	79	k	k	1	1	159.59564325734115	s61-s79_ck-ck_o1-o1
2374	between	61	79	s	s	0	0	147.26495201752257	s61-s79_cs-cs_o0-o0
2375	between	61	79	s	s	1	1	147.7678620300743	s61-s79_cs-cs_o1-o1
2376	between	61	80	h	h	0	0	157.8054600174427	s61-s80_ch-ch_o0-o0
2377	between	61	80	h	h	1	1	147.47076447218896	s61-s80_ch-ch_o1-o1
2378	between	61	80	k	k	0	0	167.17144453986944	s61-s80_ck-ck_o0-o0
2379	between	61	80	k	k	1	1	211.37285911402503	s61-s80_ck-ck_o1-o1
2380	between	61	80	s	s	0	0	163.99010339412007	s61-s80_cs-cs_o0-o0
2381	between	61	80	s	s	1	1	183.72065542295798	s61-s80_cs-cs_o1-o1
2382	between	61	81	h	h	0	0	133.50290081254587	s61-s81_ch-ch_o0-o0
2383	between	61	81	h	h	1	1	144.23599471492406	s61-s81_ch-ch_o1-o1
2384	between	61	81	k	k	0	0	138.35852538689485	s61-s81_ck-ck_o0-o0
2385	between	61	81	k	k	1	1	178.568689726956	s61-s81_ck-ck_o1-o1
2386	between	61	81	s	s	0	0	195.4872368365634	s61-s81_cs-cs_o0-o0
2387	between	61	81	s	s	1	1	195.97884764360637	s61-s81_cs-cs_o1-o1
2388	between	61	87	h	h	0	0	115.95932927014103	s61-s87_ch-ch_o0-o0
2389	between	61	87	h	h	1	1	120.45955948205672	s61-s87_ch-ch_o1-o1
2390	between	61	87	k	k	0	0	137.37663517648377	s61-s87_ck-ck_o0-o0
2391	between	61	87	k	k	1	1	135.37346008626142	s61-s87_ck-ck_o1-o1
2392	between	61	87	s	s	0	0	171.1391254051829	s61-s87_cs-cs_o0-o0
2393	between	61	87	s	s	1	1	191.28310634609298	s61-s87_cs-cs_o1-o1
2394	between	61	88	h	h	0	0	139.47159215287397	s61-s88_ch-ch_o0-o0
2395	between	61	88	h	h	1	1	137.03455994397476	s61-s88_ch-ch_o1-o1
2396	between	61	88	k	k	0	0	160.66513924715906	s61-s88_ck-ck_o0-o0
2397	between	61	88	k	k	1	1	175.4987959626479	s61-s88_ck-ck_o1-o1
2398	between	61	88	s	s	0	0	196.3543021982147	s61-s88_cs-cs_o0-o0
2399	between	61	88	s	s	1	1	185.12223846421858	s61-s88_cs-cs_o1-o1
2400	between	61	89	h	h	0	0	78.13637439861311	s61-s89_ch-ch_o0-o0
2401	between	61	89	h	h	1	1	106.35078902234798	s61-s89_ch-ch_o1-o1
2402	between	61	89	k	k	0	0	103.41117813886395	s61-s89_ck-ck_o0-o0
2403	between	61	89	k	k	1	1	128.75441889125494	s61-s89_ck-ck_o1-o1
2404	between	61	89	s	s	0	0	159.90189366123684	s61-s89_cs-cs_o0-o0
2405	between	61	89	s	s	1	1	137.22828223055092	s61-s89_cs-cs_o1-o1
2406	between	61	90	h	h	0	0	142.04827233703156	s61-s90_ch-ch_o0-o0
2407	between	61	90	h	h	1	1	116.29642831828545	s61-s90_ch-ch_o1-o1
2408	between	61	90	k	k	0	0	151.93428661990166	s61-s90_ck-ck_o0-o0
2409	between	61	90	k	k	1	1	179.68934546418825	s61-s90_ck-ck_o1-o1
2410	between	61	90	s	s	0	0	150.79052873746312	s61-s90_cs-cs_o0-o0
2411	between	61	90	s	s	1	1	181.94207183870432	s61-s90_cs-cs_o1-o1
2412	between	61	91	h	h	0	0	101.97033439885125	s61-s91_ch-ch_o0-o0
2413	between	61	91	h	h	1	1	93.49320634050311	s61-s91_ch-ch_o1-o1
2414	between	61	91	k	k	0	0	105.69360785160033	s61-s91_ck-ck_o0-o0
2415	between	61	91	k	k	1	1	153.75890814647892	s61-s91_ck-ck_o1-o1
2416	between	61	91	s	s	0	0	191.12078027455493	s61-s91_cs-cs_o0-o0
2417	between	61	91	s	s	1	1	210.812183720548	s61-s91_cs-cs_o1-o1
2418	between	61	92	h	h	0	0	126.38789968898541	s61-s92_ch-ch_o0-o0
2419	between	61	92	h	h	1	1	121.91655543398088	s61-s92_ch-ch_o1-o1
2420	between	61	92	k	k	0	0	131.78313429970336	s61-s92_ck-ck_o0-o0
2421	between	61	92	k	k	1	1	142.2101544443814	s61-s92_ck-ck_o1-o1
2422	between	61	92	s	s	0	0	242.49545255550012	s61-s92_cs-cs_o0-o0
2423	between	61	92	s	s	1	1	148.42180643277428	s61-s92_cs-cs_o1-o1
2424	between	61	94	h	h	0	0	104.2896001943913	s61-s94_ch-ch_o0-o0
2425	between	61	94	h	h	1	1	117.15187146135924	s61-s94_ch-ch_o1-o1
2426	between	61	94	k	k	0	0	118.79521691608215	s61-s94_ck-ck_o0-o0
2427	between	61	94	k	k	1	1	138.36378753103023	s61-s94_ck-ck_o1-o1
2428	between	61	94	s	s	0	0	286.9306467240792	s61-s94_cs-cs_o0-o0
2429	between	61	94	s	s	1	1	225.28580388736714	s61-s94_cs-cs_o1-o1
2430	between	61	95	h	h	0	0	92.71897891717111	s61-s95_ch-ch_o0-o0
2431	between	61	95	h	h	1	1	100.50524678472456	s61-s95_ch-ch_o1-o1
2432	between	61	95	k	k	0	0	96.22562870753943	s61-s95_ck-ck_o0-o0
2433	between	61	95	k	k	1	1	120.29871540749673	s61-s95_ck-ck_o1-o1
2434	between	61	95	s	s	0	0	130.9537995902653	s61-s95_cs-cs_o0-o0
2435	between	61	95	s	s	1	1	137.213346915204	s61-s95_cs-cs_o1-o1
2436	between	61	97	h	h	0	0	118.2232539929573	s61-s97_ch-ch_o0-o0
2437	between	61	97	h	h	1	1	147.16773269276632	s61-s97_ch-ch_o1-o1
2438	between	61	97	k	k	0	0	128.85385729424297	s61-s97_ck-ck_o0-o0
2439	between	61	97	k	k	1	1	169.81348210737977	s61-s97_ck-ck_o1-o1
2440	between	61	97	s	s	0	0	142.34252831592826	s61-s97_cs-cs_o0-o0
2441	between	61	97	s	s	1	1	145.80066249576643	s61-s97_cs-cs_o1-o1
2442	between	61	99	h	h	0	0	93.96812380952692	s61-s99_ch-ch_o0-o0
2443	between	61	99	h	h	1	1	113.2823705533927	s61-s99_ch-ch_o1-o1
2444	between	61	99	k	k	0	0	97.334753271156	s61-s99_ck-ck_o0-o0
2445	between	61	99	k	k	1	1	154.62162372778414	s61-s99_ck-ck_o1-o1
2446	between	61	99	s	s	0	0	154.63494329147687	s61-s99_cs-cs_o0-o0
2447	between	61	99	s	s	1	1	143.04625382466463	s61-s99_cs-cs_o1-o1
2448	between	65	67	h	h	0	0	118.11186236293759	s65-s67_ch-ch_o0-o0
2449	between	65	67	h	h	1	1	123.06332873695852	s65-s67_ch-ch_o1-o1
2450	between	65	67	k	k	0	0	133.58168482226648	s65-s67_ck-ck_o0-o0
2451	between	65	67	k	k	1	1	111.75603371896356	s65-s67_ck-ck_o1-o1
2452	between	65	67	s	s	0	0	210.90846977210165	s65-s67_cs-cs_o0-o0
2453	between	65	67	s	s	1	1	154.23013770119516	s65-s67_cs-cs_o1-o1
2454	between	65	74	h	h	0	0	112.04406919796645	s65-s74_ch-ch_o0-o0
2455	between	65	74	h	h	1	1	100.6255944777617	s65-s74_ch-ch_o1-o1
2456	between	65	74	k	k	0	0	104.17276136200701	s65-s74_ck-ck_o0-o0
2457	between	65	74	k	k	1	1	126.2704319538203	s65-s74_ck-ck_o1-o1
2458	between	65	74	s	s	0	0	178.69704198542004	s65-s74_cs-cs_o0-o0
2459	between	65	74	s	s	1	1	160.7430750346671	s65-s74_cs-cs_o1-o1
2460	between	65	76	h	h	0	0	131.53939976624565	s65-s76_ch-ch_o0-o0
2461	between	65	76	h	h	1	1	96.47702899679176	s65-s76_ch-ch_o1-o1
2462	between	65	76	k	k	0	0	115.60217016107946	s65-s76_ck-ck_o0-o0
2463	between	65	76	k	k	1	1	120.03560870796456	s65-s76_ck-ck_o1-o1
2464	between	65	76	s	s	0	0	148.0073316090851	s65-s76_cs-cs_o0-o0
2465	between	65	76	s	s	1	1	144.77908840328632	s65-s76_cs-cs_o1-o1
2466	between	65	79	h	h	0	0	116.69688493283627	s65-s79_ch-ch_o0-o0
2467	between	65	79	h	h	1	1	114.20344346026941	s65-s79_ch-ch_o1-o1
2468	between	65	79	k	k	0	0	114.95414123622425	s65-s79_ck-ck_o0-o0
2469	between	65	79	k	k	1	1	130.81378595962207	s65-s79_ck-ck_o1-o1
2470	between	65	79	s	s	0	0	147.62027702676852	s65-s79_cs-cs_o0-o0
2471	between	65	79	s	s	1	1	124.90709616258006	s65-s79_cs-cs_o1-o1
2472	between	65	80	h	h	0	0	135.03629589393992	s65-s80_ch-ch_o0-o0
2473	between	65	80	h	h	1	1	132.8154926043342	s65-s80_ch-ch_o1-o1
2474	between	65	80	k	k	0	0	135.20966493480157	s65-s80_ck-ck_o0-o0
2475	between	65	80	k	k	1	1	159.91973627812902	s65-s80_ck-ck_o1-o1
2476	between	65	80	s	s	0	0	155.34730017817287	s65-s80_cs-cs_o0-o0
2477	between	65	80	s	s	1	1	137.2797484017714	s65-s80_cs-cs_o1-o1
2478	between	65	81	h	h	0	0	139.15258840960016	s65-s81_ch-ch_o0-o0
2479	between	65	81	h	h	1	1	146.98724837113886	s65-s81_ch-ch_o1-o1
2480	between	65	81	k	k	0	0	150.4508260316119	s65-s81_ck-ck_o0-o0
2481	between	65	81	k	k	1	1	171.9682602632248	s65-s81_ck-ck_o1-o1
2482	between	65	81	s	s	0	0	156.03229158320846	s65-s81_cs-cs_o0-o0
2483	between	65	81	s	s	1	1	148.60912970780612	s65-s81_cs-cs_o1-o1
2484	between	65	87	h	h	0	0	128.79682832550296	s65-s87_ch-ch_o0-o0
2485	between	65	87	h	h	1	1	114.77690758677538	s65-s87_ch-ch_o1-o1
2486	between	65	87	k	k	0	0	139.21044290329542	s65-s87_ck-ck_o0-o0
2487	between	65	87	k	k	1	1	119.52833923203966	s65-s87_ck-ck_o1-o1
2488	between	65	87	s	s	0	0	162.78710273108595	s65-s87_cs-cs_o0-o0
2489	between	65	87	s	s	1	1	211.96565300805375	s65-s87_cs-cs_o1-o1
2490	between	65	88	h	h	0	0	119.8447385079698	s65-s88_ch-ch_o0-o0
2491	between	65	88	h	h	1	1	120.30414581156595	s65-s88_ch-ch_o1-o1
2492	between	65	88	k	k	0	0	146.16949257591202	s65-s88_ck-ck_o0-o0
2493	between	65	88	k	k	1	1	149.07274497664076	s65-s88_ck-ck_o1-o1
2494	between	65	88	s	s	0	0	203.72338710932277	s65-s88_cs-cs_o0-o0
2495	between	65	88	s	s	1	1	178.43198979639928	s65-s88_cs-cs_o1-o1
2496	between	65	89	h	h	0	0	91.34001148886209	s65-s89_ch-ch_o0-o0
2497	between	65	89	h	h	1	1	98.64659039651681	s65-s89_ch-ch_o1-o1
2498	between	65	89	k	k	0	0	94.29571885690869	s65-s89_ck-ck_o0-o0
2499	between	65	89	k	k	1	1	91.13222492320028	s65-s89_ck-ck_o1-o1
2500	between	65	89	s	s	0	0	149.7960027097844	s65-s89_cs-cs_o0-o0
2501	between	65	89	s	s	1	1	120.51076863855246	s65-s89_cs-cs_o1-o1
2502	between	65	90	h	h	0	0	140.4456210910329	s65-s90_ch-ch_o0-o0
2503	between	65	90	h	h	1	1	113.76483681718524	s65-s90_ch-ch_o1-o1
2504	between	65	90	k	k	0	0	156.3684491853401	s65-s90_ck-ck_o0-o0
2505	between	65	90	k	k	1	1	167.11204805559143	s65-s90_ck-ck_o1-o1
2506	between	65	90	s	s	0	0	183.37261943207758	s65-s90_cs-cs_o0-o0
2507	between	65	90	s	s	1	1	215.29317805978042	s65-s90_cs-cs_o1-o1
2508	between	65	91	h	h	0	0	94.59907868622592	s65-s91_ch-ch_o0-o0
2509	between	65	91	h	h	1	1	92.69163253324218	s65-s91_ch-ch_o1-o1
2510	between	65	91	k	k	0	0	110.57342235764929	s65-s91_ck-ck_o0-o0
2511	between	65	91	k	k	1	1	132.288700184409	s65-s91_ck-ck_o1-o1
2512	between	65	91	s	s	0	0	210.68000736721413	s65-s91_cs-cs_o0-o0
2513	between	65	91	s	s	1	1	215.66075356484208	s65-s91_cs-cs_o1-o1
2514	between	65	92	h	h	0	0	123.90236539876653	s65-s92_ch-ch_o0-o0
2515	between	65	92	h	h	1	1	116.74600875127865	s65-s92_ch-ch_o1-o1
2516	between	65	92	k	k	0	0	139.80659385721768	s65-s92_ck-ck_o0-o0
2517	between	65	92	k	k	1	1	127.88951369927851	s65-s92_ck-ck_o1-o1
2518	between	65	92	s	s	0	0	264.6023616153461	s65-s92_cs-cs_o0-o0
2519	between	65	92	s	s	1	1	142.55080962305817	s65-s92_cs-cs_o1-o1
2520	between	65	94	h	h	0	0	111.47560139960275	s65-s94_ch-ch_o0-o0
2521	between	65	94	h	h	1	1	118.53014804936049	s65-s94_ch-ch_o1-o1
2522	between	65	94	k	k	0	0	129.1720084522124	s65-s94_ck-ck_o0-o0
2523	between	65	94	k	k	1	1	139.35216163222913	s65-s94_ck-ck_o1-o1
2524	between	65	94	s	s	0	0	279.39714535230115	s65-s94_cs-cs_o0-o0
2525	between	65	94	s	s	1	1	240.0850231887917	s65-s94_cs-cs_o1-o1
2526	between	65	95	h	h	0	0	99.84559395919088	s65-s95_ch-ch_o0-o0
2527	between	65	95	h	h	1	1	97.26972847016891	s65-s95_ch-ch_o1-o1
2528	between	65	95	k	k	0	0	104.26587226530991	s65-s95_ck-ck_o0-o0
2529	between	65	95	k	k	1	1	100.34694361858446	s65-s95_ck-ck_o1-o1
2530	between	65	95	s	s	0	0	138.3868798476502	s65-s95_cs-cs_o0-o0
2531	between	65	95	s	s	1	1	140.87149314501943	s65-s95_cs-cs_o1-o1
2532	between	65	97	h	h	0	0	126.40029753942926	s65-s97_ch-ch_o0-o0
2533	between	65	97	h	h	1	1	125.44942236723519	s65-s97_ch-ch_o1-o1
2534	between	65	97	k	k	0	0	143.79178303581193	s65-s97_ck-ck_o0-o0
2535	between	65	97	k	k	1	1	142.40877742546212	s65-s97_ck-ck_o1-o1
2536	between	65	97	s	s	0	0	139.42452847297076	s65-s97_cs-cs_o0-o0
2537	between	65	97	s	s	1	1	131.9896119529859	s65-s97_cs-cs_o1-o1
2538	between	65	99	h	h	0	0	105.21626284111615	s65-s99_ch-ch_o0-o0
2539	between	65	99	h	h	1	1	119.79341778238879	s65-s99_ch-ch_o1-o1
2540	between	65	99	k	k	0	0	115.07961208528145	s65-s99_ck-ck_o0-o0
2541	between	65	99	k	k	1	1	144.46795655017849	s65-s99_ck-ck_o1-o1
2542	between	65	99	s	s	0	0	127.93986565135766	s65-s99_cs-cs_o0-o0
2543	between	65	99	s	s	1	1	143.35075043022462	s65-s99_cs-cs_o1-o1
2544	between	67	74	h	h	0	0	146.770194923455	s67-s74_ch-ch_o0-o0
2545	between	67	74	h	h	1	1	140.8008851687412	s67-s74_ch-ch_o1-o1
2546	between	67	74	k	k	0	0	134.05033873864105	s67-s74_ck-ck_o0-o0
2547	between	67	74	k	k	1	1	138.64309821448037	s67-s74_ck-ck_o1-o1
2548	between	67	74	s	s	0	0	237.03049112133183	s67-s74_cs-cs_o0-o0
2549	between	67	74	s	s	1	1	185.80917931227697	s67-s74_cs-cs_o1-o1
2550	between	67	76	h	h	0	0	132.53759217828429	s67-s76_ch-ch_o0-o0
2551	between	67	76	h	h	1	1	82.81506791912383	s67-s76_ch-ch_o1-o1
2552	between	67	76	k	k	0	0	105.77922041685756	s67-s76_ck-ck_o0-o0
2553	between	67	76	k	k	1	1	110.91971658312531	s67-s76_ck-ck_o1-o1
2554	between	67	76	s	s	0	0	142.23256679930458	s67-s76_cs-cs_o0-o0
2555	between	67	76	s	s	1	1	141.98595831895517	s67-s76_cs-cs_o1-o1
2556	between	67	79	h	h	0	0	135.72270336734582	s67-s79_ch-ch_o0-o0
2557	between	67	79	h	h	1	1	119.295581373781	s67-s79_ch-ch_o1-o1
2558	between	67	79	k	k	0	0	129.41597534835498	s67-s79_ck-ck_o0-o0
2559	between	67	79	k	k	1	1	124.53466776300831	s67-s79_ck-ck_o1-o1
2560	between	67	79	s	s	0	0	168.36223406579975	s67-s79_cs-cs_o0-o0
2561	between	67	79	s	s	1	1	128.39336818893713	s67-s79_cs-cs_o1-o1
2562	between	67	80	h	h	0	0	145.91633854837056	s67-s80_ch-ch_o0-o0
2563	between	67	80	h	h	1	1	100.16336380788178	s67-s80_ch-ch_o1-o1
2564	between	67	80	k	k	0	0	155.48624535073253	s67-s80_ck-ck_o0-o0
2565	between	67	80	k	k	1	1	156.5558210967901	s67-s80_ck-ck_o1-o1
2566	between	67	80	s	s	0	0	151.23075549102728	s67-s80_cs-cs_o0-o0
2567	between	67	80	s	s	1	1	139.04640227230527	s67-s80_cs-cs_o1-o1
2568	between	67	81	h	h	0	0	95.71685771236045	s67-s81_ch-ch_o0-o0
2569	between	67	81	h	h	1	1	76.18528485228738	s67-s81_ch-ch_o1-o1
2570	between	67	81	k	k	0	0	95.98314286148165	s67-s81_ck-ck_o0-o0
2571	between	67	81	k	k	1	1	153.43949887029845	s67-s81_ck-ck_o1-o1
2572	between	67	81	s	s	0	0	215.9070026539113	s67-s81_cs-cs_o0-o0
2573	between	67	81	s	s	1	1	183.59257703231197	s67-s81_cs-cs_o1-o1
2574	between	67	87	h	h	0	0	115.59605957020788	s67-s87_ch-ch_o0-o0
2575	between	67	87	h	h	1	1	95.39818440179874	s67-s87_ch-ch_o1-o1
2576	between	67	87	k	k	0	0	97.3459196142177	s67-s87_ck-ck_o0-o0
2577	between	67	87	k	k	1	1	101.4932076856975	s67-s87_ck-ck_o1-o1
2578	between	67	87	s	s	0	0	212.90514222803665	s67-s87_cs-cs_o0-o0
2579	between	67	87	s	s	1	1	205.3188577657824	s67-s87_cs-cs_o1-o1
2580	between	67	88	h	h	0	0	145.60895748465555	s67-s88_ch-ch_o0-o0
2581	between	67	88	h	h	1	1	147.5483912707548	s67-s88_ch-ch_o1-o1
2582	between	67	88	k	k	0	0	173.28516245497968	s67-s88_ck-ck_o0-o0
2583	between	67	88	k	k	1	1	164.26212936816881	s67-s88_ck-ck_o1-o1
2584	between	67	88	s	s	0	0	229.69698764498037	s67-s88_cs-cs_o0-o0
2585	between	67	88	s	s	1	1	187.80271394308377	s67-s88_cs-cs_o1-o1
2586	between	67	89	h	h	0	0	97.45169483464967	s67-s89_ch-ch_o0-o0
2587	between	67	89	h	h	1	1	102.09381955248735	s67-s89_ch-ch_o1-o1
2588	between	67	89	k	k	0	0	82.71246835210371	s67-s89_ck-ck_o0-o0
2589	between	67	89	k	k	1	1	91.42736264926863	s67-s89_ck-ck_o1-o1
2590	between	67	89	s	s	0	0	151.3080744228707	s67-s89_cs-cs_o0-o0
2591	between	67	89	s	s	1	1	108.0539284646884	s67-s89_cs-cs_o1-o1
2592	between	67	90	h	h	0	0	120.80237906716151	s67-s90_ch-ch_o0-o0
2593	between	67	90	h	h	1	1	111.2964655091477	s67-s90_ch-ch_o1-o1
2594	between	67	90	k	k	0	0	134.4402382176531	s67-s90_ck-ck_o0-o0
2595	between	67	90	k	k	1	1	156.8440017417859	s67-s90_ck-ck_o1-o1
2596	between	67	90	s	s	0	0	136.71242326595316	s67-s90_cs-cs_o0-o0
2597	between	67	90	s	s	1	1	160.33419068655417	s67-s90_cs-cs_o1-o1
2598	between	67	91	h	h	0	0	112.44815883544595	s67-s91_ch-ch_o0-o0
2599	between	67	91	h	h	1	1	105.08189260408759	s67-s91_ch-ch_o1-o1
2600	between	67	91	k	k	0	0	109.86097890854138	s67-s91_ck-ck_o0-o0
2601	between	67	91	k	k	1	1	119.59225126955027	s67-s91_ck-ck_o1-o1
2602	between	67	91	s	s	0	0	213.597710291741	s67-s91_cs-cs_o0-o0
2603	between	67	91	s	s	1	1	188.01833882735428	s67-s91_cs-cs_o1-o1
2604	between	67	92	h	h	0	0	103.62829777332963	s67-s92_ch-ch_o0-o0
2605	between	67	92	h	h	1	1	81.60818640739949	s67-s92_ch-ch_o1-o1
2606	between	67	92	k	k	0	0	107.30395416614557	s67-s92_ck-ck_o0-o0
2607	between	67	92	k	k	1	1	110.41293520349925	s67-s92_ck-ck_o1-o1
2608	between	67	92	s	s	0	0	253.62936771314924	s67-s92_cs-cs_o0-o0
2609	between	67	92	s	s	1	1	126.9605591867155	s67-s92_cs-cs_o1-o1
2610	between	67	94	h	h	0	0	119.30948355179403	s67-s94_ch-ch_o0-o0
2611	between	67	94	h	h	1	1	120.59644338344873	s67-s94_ch-ch_o1-o1
2612	between	67	94	k	k	0	0	122.56238597672974	s67-s94_ck-ck_o0-o0
2613	between	67	94	k	k	1	1	132.06474802387288	s67-s94_ck-ck_o1-o1
2614	between	67	94	s	s	0	0	313.0629685659422	s67-s94_cs-cs_o0-o0
2615	between	67	94	s	s	1	1	226.20771734902246	s67-s94_cs-cs_o1-o1
2616	between	67	95	h	h	0	0	94.54745267898873	s67-s95_ch-ch_o0-o0
2617	between	67	95	h	h	1	1	101.30374192088313	s67-s95_ch-ch_o1-o1
2618	between	67	95	k	k	0	0	100.43607162923803	s67-s95_ck-ck_o0-o0
2619	between	67	95	k	k	1	1	91.66924144699405	s67-s95_ck-ck_o1-o1
2620	between	67	95	s	s	0	0	148.88995518620942	s67-s95_cs-cs_o0-o0
2621	between	67	95	s	s	1	1	125.91073968432912	s67-s95_cs-cs_o1-o1
2622	between	67	97	h	h	0	0	90.16574234317787	s67-s97_ch-ch_o0-o0
2623	between	67	97	h	h	1	1	106.83723012207675	s67-s97_ch-ch_o1-o1
2624	between	67	97	k	k	0	0	99.97250181719114	s67-s97_ck-ck_o0-o0
2625	between	67	97	k	k	1	1	122.76172688666738	s67-s97_ck-ck_o1-o1
2626	between	67	97	s	s	0	0	148.90323425127872	s67-s97_cs-cs_o0-o0
2627	between	67	97	s	s	1	1	148.60013836962926	s67-s97_cs-cs_o1-o1
2628	between	67	99	h	h	0	0	102.71277814073711	s67-s99_ch-ch_o0-o0
2629	between	67	99	h	h	1	1	98.29255156751321	s67-s99_ch-ch_o1-o1
2630	between	67	99	k	k	0	0	98.20390772795805	s67-s99_ck-ck_o0-o0
2631	between	67	99	k	k	1	1	146.69574892958738	s67-s99_ck-ck_o1-o1
2632	between	67	99	s	s	0	0	152.15019960580656	s67-s99_cs-cs_o0-o0
2633	between	67	99	s	s	1	1	138.4592161838486	s67-s99_cs-cs_o1-o1
2634	between	74	76	h	h	0	0	188.40890999490958	s74-s76_ch-ch_o0-o0
2635	between	74	76	h	h	1	1	115.17157440218104	s74-s76_ch-ch_o1-o1
2636	between	74	76	k	k	0	0	115.14197521231611	s74-s76_ck-ck_o0-o0
2637	between	74	76	k	k	1	1	139.1419442306338	s74-s76_ck-ck_o1-o1
2638	between	74	76	s	s	0	0	188.54284192920036	s74-s76_cs-cs_o0-o0
2639	between	74	76	s	s	1	1	207.26980602490738	s74-s76_cs-cs_o1-o1
2640	between	74	79	h	h	0	0	124.63379571598115	s74-s79_ch-ch_o0-o0
2641	between	74	79	h	h	1	1	110.62182078940691	s74-s79_ch-ch_o1-o1
2642	between	74	79	k	k	0	0	113.41963315630551	s74-s79_ck-ck_o0-o0
2643	between	74	79	k	k	1	1	160.0450652785495	s74-s79_ck-ck_o1-o1
2644	between	74	79	s	s	0	0	177.09422119465813	s74-s79_cs-cs_o0-o0
2645	between	74	79	s	s	1	1	140.23938707223508	s74-s79_cs-cs_o1-o1
2646	between	74	80	h	h	0	0	139.62259521682495	s74-s80_ch-ch_o0-o0
2647	between	74	80	h	h	1	1	144.63443425098572	s74-s80_ch-ch_o1-o1
2648	between	74	80	k	k	0	0	143.93113863210593	s74-s80_ck-ck_o0-o0
2649	between	74	80	k	k	1	1	199.6560714020048	s74-s80_ck-ck_o1-o1
2650	between	74	80	s	s	0	0	200.43297138108866	s74-s80_cs-cs_o0-o0
2651	between	74	80	s	s	1	1	197.53314837605868	s74-s80_cs-cs_o1-o1
2652	between	74	81	h	h	0	0	141.82323823243334	s74-s81_ch-ch_o0-o0
2653	between	74	81	h	h	1	1	155.00057703716965	s74-s81_ch-ch_o1-o1
2654	between	74	81	k	k	0	0	144.45104702782794	s74-s81_ck-ck_o0-o0
2655	between	74	81	k	k	1	1	185.46311087949394	s74-s81_ck-ck_o1-o1
2656	between	74	81	s	s	0	0	256.4014943566326	s74-s81_cs-cs_o0-o0
2657	between	74	81	s	s	1	1	214.9950008114727	s74-s81_cs-cs_o1-o1
2658	between	74	87	h	h	0	0	139.20263370541159	s74-s87_ch-ch_o0-o0
2659	between	74	87	h	h	1	1	154.4370218696777	s74-s87_ch-ch_o1-o1
2660	between	74	87	k	k	0	0	142.85050031258848	s74-s87_ck-ck_o0-o0
2661	between	74	87	k	k	1	1	124.96126997849822	s74-s87_ck-ck_o1-o1
2662	between	74	87	s	s	0	0	226.55744731876078	s74-s87_cs-cs_o0-o0
2663	between	74	87	s	s	1	1	216.87926082326467	s74-s87_cs-cs_o1-o1
2664	between	74	88	h	h	0	0	155.27811037883308	s74-s88_ch-ch_o0-o0
2665	between	74	88	h	h	1	1	130.37910173382798	s74-s88_ch-ch_o1-o1
2666	between	74	88	k	k	0	0	158.74218237357118	s74-s88_ck-ck_o0-o0
2667	between	74	88	k	k	1	1	191.1311443428785	s74-s88_ck-ck_o1-o1
2668	between	74	88	s	s	0	0	199.73186625072933	s74-s88_cs-cs_o0-o0
2669	between	74	88	s	s	1	1	192.2837840630075	s74-s88_cs-cs_o1-o1
2670	between	74	89	h	h	0	0	115.52887886108306	s74-s89_ch-ch_o0-o0
2671	between	74	89	h	h	1	1	143.39493525838841	s74-s89_ch-ch_o1-o1
2672	between	74	89	k	k	0	0	118.02896789921982	s74-s89_ck-ck_o0-o0
2673	between	74	89	k	k	1	1	120.72589198284284	s74-s89_ck-ck_o1-o1
2674	between	74	89	s	s	0	0	200.3372347961565	s74-s89_cs-cs_o0-o0
2675	between	74	89	s	s	1	1	167.82143820370618	s74-s89_cs-cs_o1-o1
2676	between	74	90	h	h	0	0	129.04616269007184	s74-s90_ch-ch_o0-o0
2677	between	74	90	h	h	1	1	107.45766848407018	s74-s90_ch-ch_o1-o1
2678	between	74	90	k	k	0	0	143.86892959491777	s74-s90_ck-ck_o0-o0
2679	between	74	90	k	k	1	1	186.7296687515129	s74-s90_ck-ck_o1-o1
2680	between	74	90	s	s	0	0	213.97385917190587	s74-s90_cs-cs_o0-o0
2681	between	74	90	s	s	1	1	200.6509063650404	s74-s90_cs-cs_o1-o1
2682	between	74	91	h	h	0	0	138.42893003839936	s74-s91_ch-ch_o0-o0
2683	between	74	91	h	h	1	1	129.21103830888478	s74-s91_ch-ch_o1-o1
2684	between	74	91	k	k	0	0	123.52105172713631	s74-s91_ck-ck_o0-o0
2685	between	74	91	k	k	1	1	150.59322135895604	s74-s91_ck-ck_o1-o1
2686	between	74	91	s	s	0	0	216.2139539056894	s74-s91_cs-cs_o0-o0
2687	between	74	91	s	s	1	1	220.21265573417745	s74-s91_cs-cs_o1-o1
2688	between	74	92	h	h	0	0	123.47256751053625	s74-s92_ch-ch_o0-o0
2689	between	74	92	h	h	1	1	132.32836334187445	s74-s92_ch-ch_o1-o1
2690	between	74	92	k	k	0	0	139.1908889980015	s74-s92_ck-ck_o0-o0
2691	between	74	92	k	k	1	1	146.08864894894904	s74-s92_ck-ck_o1-o1
2692	between	74	92	s	s	0	0	296.236824473045	s74-s92_cs-cs_o0-o0
2693	between	74	92	s	s	1	1	160.302184755851	s74-s92_cs-cs_o1-o1
2694	between	74	94	h	h	0	0	121.23295013043361	s74-s94_ch-ch_o0-o0
2695	between	74	94	h	h	1	1	148.0885418866197	s74-s94_ch-ch_o1-o1
2696	between	74	94	k	k	0	0	139.3840422517393	s74-s94_ck-ck_o0-o0
2697	between	74	94	k	k	1	1	132.43749840420756	s74-s94_ck-ck_o1-o1
2698	between	74	94	s	s	0	0	339.7165932016803	s74-s94_cs-cs_o0-o0
2699	between	74	94	s	s	1	1	215.0915190137657	s74-s94_cs-cs_o1-o1
2700	between	74	95	h	h	0	0	111.94206502674636	s74-s95_ch-ch_o0-o0
2701	between	74	95	h	h	1	1	117.39498336743132	s74-s95_ch-ch_o1-o1
2702	between	74	95	k	k	0	0	101.39958963115944	s74-s95_ck-ck_o0-o0
2703	between	74	95	k	k	1	1	127.75310351632137	s74-s95_ck-ck_o1-o1
2704	between	74	95	s	s	0	0	158.2926408062286	s74-s95_cs-cs_o0-o0
2705	between	74	95	s	s	1	1	156.6787382592791	s74-s95_cs-cs_o1-o1
2706	between	74	97	h	h	0	0	141.23027089891417	s74-s97_ch-ch_o0-o0
2707	between	74	97	h	h	1	1	159.69962122765997	s74-s97_ch-ch_o1-o1
2708	between	74	97	k	k	0	0	136.85128795686114	s74-s97_ck-ck_o0-o0
2709	between	74	97	k	k	1	1	150.9676957871822	s74-s97_ck-ck_o1-o1
2710	between	74	97	s	s	0	0	185.62305310981506	s74-s97_cs-cs_o0-o0
2711	between	74	97	s	s	1	1	154.9303848613398	s74-s97_cs-cs_o1-o1
2712	between	74	99	h	h	0	0	119.50439520074623	s74-s99_ch-ch_o0-o0
2713	between	74	99	h	h	1	1	117.6509659662453	s74-s99_ch-ch_o1-o1
2714	between	74	99	k	k	0	0	105.1624199355376	s74-s99_ck-ck_o0-o0
2715	between	74	99	k	k	1	1	161.6293734061183	s74-s99_ck-ck_o1-o1
2716	between	74	99	s	s	0	0	208.1774191635943	s74-s99_cs-cs_o0-o0
2717	between	74	99	s	s	1	1	155.61748701045107	s74-s99_cs-cs_o1-o1
2718	between	76	79	h	h	0	0	168.86422113972964	s76-s79_ch-ch_o0-o0
2719	between	76	79	h	h	1	1	113.22822008884853	s76-s79_ch-ch_o1-o1
2720	between	76	79	k	k	0	0	120.66218881266663	s76-s79_ck-ck_o0-o0
2721	between	76	79	k	k	1	1	139.5803515308785	s76-s79_ck-ck_o1-o1
2722	between	76	79	s	s	0	0	148.75701581897945	s76-s79_cs-cs_o0-o0
2723	between	76	79	s	s	1	1	148.12523687506265	s76-s79_cs-cs_o1-o1
2724	between	76	80	h	h	0	0	177.60517046475738	s76-s80_ch-ch_o0-o0
2725	between	76	80	h	h	1	1	103.68043500987167	s76-s80_ch-ch_o1-o1
2726	between	76	80	k	k	0	0	161.27151384597317	s76-s80_ck-ck_o0-o0
2727	between	76	80	k	k	1	1	163.86444579167122	s76-s80_ck-ck_o1-o1
2728	between	76	80	s	s	0	0	131.03913748771558	s76-s80_cs-cs_o0-o0
2729	between	76	80	s	s	1	1	117.04803603114986	s76-s80_cs-cs_o1-o1
2730	between	76	81	h	h	0	0	154.33966364172625	s76-s81_ch-ch_o0-o0
2731	between	76	81	h	h	1	1	99.69045040003256	s76-s81_ch-ch_o1-o1
2732	between	76	81	k	k	0	0	120.7688860100683	s76-s81_ck-ck_o0-o0
2733	between	76	81	k	k	1	1	145.1394269992771	s76-s81_ck-ck_o1-o1
2734	between	76	81	s	s	0	0	157.20376255406262	s76-s81_cs-cs_o0-o0
2735	between	76	81	s	s	1	1	179.71534753066524	s76-s81_cs-cs_o1-o1
2736	between	76	87	h	h	0	0	160.3584751976303	s76-s87_ch-ch_o0-o0
2737	between	76	87	h	h	1	1	87.12483903750862	s76-s87_ch-ch_o1-o1
2738	between	76	87	k	k	0	0	103.19655882230283	s76-s87_ck-ck_o0-o0
2739	between	76	87	k	k	1	1	113.90991943462868	s76-s87_ck-ck_o1-o1
2740	between	76	87	s	s	0	0	188.53060649522473	s76-s87_cs-cs_o0-o0
2741	between	76	87	s	s	1	1	228.63403548399143	s76-s87_cs-cs_o1-o1
2742	between	76	88	h	h	0	0	167.190664286011	s76-s88_ch-ch_o0-o0
2743	between	76	88	h	h	1	1	125.35915497442966	s76-s88_ch-ch_o1-o1
2744	between	76	88	k	k	0	0	155.18152501087442	s76-s88_ck-ck_o0-o0
2745	between	76	88	k	k	1	1	154.0120534864114	s76-s88_ck-ck_o1-o1
2746	between	76	88	s	s	0	0	206.47930329923577	s76-s88_cs-cs_o0-o0
2747	between	76	88	s	s	1	1	192.59353697859353	s76-s88_cs-cs_o1-o1
2748	between	76	89	h	h	0	0	140.02704254524298	s76-s89_ch-ch_o0-o0
2749	between	76	89	h	h	1	1	86.56829936194364	s76-s89_ch-ch_o1-o1
2750	between	76	89	k	k	0	0	90.05165713826732	s76-s89_ck-ck_o0-o0
2751	between	76	89	k	k	1	1	91.14459913339878	s76-s89_ck-ck_o1-o1
2752	between	76	89	s	s	0	0	133.34815785305904	s76-s89_cs-cs_o0-o0
2753	between	76	89	s	s	1	1	112.72594755942576	s76-s89_cs-cs_o1-o1
2754	between	76	90	h	h	0	0	173.72052707981845	s76-s90_ch-ch_o0-o0
2755	between	76	90	h	h	1	1	94.35555218956802	s76-s90_ch-ch_o1-o1
2756	between	76	90	k	k	0	0	145.73939538648042	s76-s90_ck-ck_o0-o0
2757	between	76	90	k	k	1	1	152.44727940965208	s76-s90_ck-ck_o1-o1
2758	between	76	90	s	s	0	0	152.24832495675628	s76-s90_cs-cs_o0-o0
2759	between	76	90	s	s	1	1	185.43122626571457	s76-s90_cs-cs_o1-o1
2760	between	76	91	h	h	0	0	138.9270958184165	s76-s91_ch-ch_o0-o0
2761	between	76	91	h	h	1	1	89.27725485065483	s76-s91_ch-ch_o1-o1
2762	between	76	91	k	k	0	0	106.11019851296876	s76-s91_ck-ck_o0-o0
2763	between	76	91	k	k	1	1	132.02792448653884	s76-s91_ck-ck_o1-o1
2764	between	76	91	s	s	0	0	203.51402793892487	s76-s91_cs-cs_o0-o0
2765	between	76	91	s	s	1	1	228.84492469761926	s76-s91_cs-cs_o1-o1
2766	between	76	92	h	h	0	0	162.46294885368553	s76-s92_ch-ch_o0-o0
2767	between	76	92	h	h	1	1	85.76952136183498	s76-s92_ch-ch_o1-o1
2768	between	76	92	k	k	0	0	127.14900636937966	s76-s92_ck-ck_o0-o0
2769	between	76	92	k	k	1	1	123.96066678860966	s76-s92_ck-ck_o1-o1
2770	between	76	92	s	s	0	0	235.72097393605918	s76-s92_cs-cs_o0-o0
2771	between	76	92	s	s	1	1	136.81408000930392	s76-s92_cs-cs_o1-o1
2772	between	76	94	h	h	0	0	159.45813905244228	s76-s94_ch-ch_o0-o0
2773	between	76	94	h	h	1	1	116.49327720447344	s76-s94_ch-ch_o1-o1
2774	between	76	94	k	k	0	0	123.93489369384926	s76-s94_ck-ck_o0-o0
2775	between	76	94	k	k	1	1	136.25632841207306	s76-s94_ck-ck_o1-o1
2776	between	76	94	s	s	0	0	283.1696828708947	s76-s94_cs-cs_o0-o0
2777	between	76	94	s	s	1	1	254.1977156025196	s76-s94_cs-cs_o1-o1
2778	between	76	95	h	h	0	0	142.89051390437695	s76-s95_ch-ch_o0-o0
2779	between	76	95	h	h	1	1	78.54080273623623	s76-s95_ch-ch_o1-o1
2780	between	76	95	k	k	0	0	109.10653612561634	s76-s95_ck-ck_o0-o0
2781	between	76	95	k	k	1	1	96.99179333675796	s76-s95_ck-ck_o1-o1
2782	between	76	95	s	s	0	0	126.86757150530266	s76-s95_cs-cs_o0-o0
2783	between	76	95	s	s	1	1	152.08431131160677	s76-s95_cs-cs_o1-o1
2784	between	76	97	h	h	0	0	146.46434190782628	s76-s97_ch-ch_o0-o0
2785	between	76	97	h	h	1	1	112.46142940164408	s76-s97_ch-ch_o1-o1
2786	between	76	97	k	k	0	0	135.08074894100292	s76-s97_ck-ck_o0-o0
2787	between	76	97	k	k	1	1	137.83396177036258	s76-s97_ck-ck_o1-o1
2788	between	76	97	s	s	0	0	139.7996892137889	s76-s97_cs-cs_o0-o0
2789	between	76	97	s	s	1	1	141.71268903195664	s76-s97_cs-cs_o1-o1
2790	between	76	99	h	h	0	0	149.88966236627232	s76-s99_ch-ch_o0-o0
2791	between	76	99	h	h	1	1	91.46779129636249	s76-s99_ch-ch_o1-o1
2792	between	76	99	k	k	0	0	92.65969282342851	s76-s99_ck-ck_o0-o0
2793	between	76	99	k	k	1	1	147.57937053194448	s76-s99_ck-ck_o1-o1
2794	between	76	99	s	s	0	0	140.05067177103922	s76-s99_cs-cs_o0-o0
2795	between	76	99	s	s	1	1	148.42685884103716	s76-s99_cs-cs_o1-o1
2796	between	79	80	h	h	0	0	118.48538812699421	s79-s80_ch-ch_o0-o0
2797	between	79	80	h	h	1	1	116.63848205363941	s79-s80_ch-ch_o1-o1
2798	between	79	80	k	k	0	0	110.95341975537168	s79-s80_ck-ck_o0-o0
2799	between	79	80	k	k	1	1	135.27689347202954	s79-s80_ck-ck_o1-o1
2800	between	79	80	s	s	0	0	136.44489021426477	s79-s80_cs-cs_o0-o0
2801	between	79	80	s	s	1	1	120.46336670270102	s79-s80_cs-cs_o1-o1
2802	between	79	81	h	h	0	0	125.18386315812452	s79-s81_ch-ch_o0-o0
2803	between	79	81	h	h	1	1	125.23898470214806	s79-s81_ch-ch_o1-o1
2804	between	79	81	k	k	0	0	128.54713580751294	s79-s81_ck-ck_o0-o0
2805	between	79	81	k	k	1	1	151.75539031449318	s79-s81_ck-ck_o1-o1
2806	between	79	81	s	s	0	0	188.983998059731	s79-s81_cs-cs_o0-o0
2807	between	79	81	s	s	1	1	175.7492750748138	s79-s81_cs-cs_o1-o1
2808	between	79	87	h	h	0	0	135.84553194783174	s79-s87_ch-ch_o0-o0
2809	between	79	87	h	h	1	1	136.83270290606737	s79-s87_ch-ch_o1-o1
2810	between	79	87	k	k	0	0	137.96927428802286	s79-s87_ck-ck_o0-o0
2811	between	79	87	k	k	1	1	152.5504185916438	s79-s87_ck-ck_o1-o1
2812	between	79	87	s	s	0	0	193.61412844351264	s79-s87_cs-cs_o0-o0
2813	between	79	87	s	s	1	1	195.98853184591053	s79-s87_cs-cs_o1-o1
2814	between	79	88	h	h	0	0	124.43788642341944	s79-s88_ch-ch_o0-o0
2815	between	79	88	h	h	1	1	126.6082712459515	s79-s88_ch-ch_o1-o1
2816	between	79	88	k	k	0	0	137.78334783831258	s79-s88_ck-ck_o0-o0
2817	between	79	88	k	k	1	1	138.81223144067602	s79-s88_ck-ck_o1-o1
2818	between	79	88	s	s	0	0	201.7140194830499	s79-s88_cs-cs_o0-o0
2819	between	79	88	s	s	1	1	165.5103186776336	s79-s88_cs-cs_o1-o1
2820	between	79	89	h	h	0	0	120.07149432773043	s79-s89_ch-ch_o0-o0
2821	between	79	89	h	h	1	1	120.03628885595795	s79-s89_ch-ch_o1-o1
2822	between	79	89	k	k	0	0	103.98508116655977	s79-s89_ck-ck_o0-o0
2823	between	79	89	k	k	1	1	123.33488206076527	s79-s89_ck-ck_o1-o1
2824	between	79	89	s	s	0	0	137.41237685297938	s79-s89_cs-cs_o0-o0
2825	between	79	89	s	s	1	1	104.12793118377641	s79-s89_cs-cs_o1-o1
2826	between	79	90	h	h	0	0	112.57831390739415	s79-s90_ch-ch_o0-o0
2827	between	79	90	h	h	1	1	121.71234372860678	s79-s90_ch-ch_o1-o1
2828	between	79	90	k	k	0	0	130.14149274095377	s79-s90_ck-ck_o0-o0
2829	between	79	90	k	k	1	1	150.97841316486	s79-s90_ck-ck_o1-o1
2830	between	79	90	s	s	0	0	165.22832841054526	s79-s90_cs-cs_o0-o0
2831	between	79	90	s	s	1	1	156.09521049894042	s79-s90_cs-cs_o1-o1
2832	between	79	91	h	h	0	0	129.7677198590053	s79-s91_ch-ch_o0-o0
2833	between	79	91	h	h	1	1	114.36263828716098	s79-s91_ch-ch_o1-o1
2834	between	79	91	k	k	0	0	125.82292014954037	s79-s91_ck-ck_o0-o0
2835	between	79	91	k	k	1	1	156.66321132600189	s79-s91_ck-ck_o1-o1
2836	between	79	91	s	s	0	0	215.84620554291047	s79-s91_cs-cs_o0-o0
2837	between	79	91	s	s	1	1	195.8225158330339	s79-s91_cs-cs_o1-o1
2838	between	79	92	h	h	0	0	117.76026322262382	s79-s92_ch-ch_o0-o0
2839	between	79	92	h	h	1	1	110.54755820917879	s79-s92_ch-ch_o1-o1
2840	between	79	92	k	k	0	0	132.39939607814148	s79-s92_ck-ck_o0-o0
2841	between	79	92	k	k	1	1	135.97752862246688	s79-s92_ck-ck_o1-o1
2842	between	79	92	s	s	0	0	263.1311116911218	s79-s92_cs-cs_o0-o0
2843	between	79	92	s	s	1	1	132.1563005446449	s79-s92_cs-cs_o1-o1
2844	between	79	94	h	h	0	0	131.14226843039495	s79-s94_ch-ch_o0-o0
2845	between	79	94	h	h	1	1	128.62077663850775	s79-s94_ch-ch_o1-o1
2846	between	79	94	k	k	0	0	133.7256115107691	s79-s94_ck-ck_o0-o0
2847	between	79	94	k	k	1	1	156.53139068821176	s79-s94_ck-ck_o1-o1
2848	between	79	94	s	s	0	0	289.0812347400123	s79-s94_cs-cs_o0-o0
2849	between	79	94	s	s	1	1	204.3550431162499	s79-s94_cs-cs_o1-o1
2850	between	79	95	h	h	0	0	108.87461053596465	s79-s95_ch-ch_o0-o0
2851	between	79	95	h	h	1	1	111.21133999881738	s79-s95_ch-ch_o1-o1
2852	between	79	95	k	k	0	0	104.58611653172193	s79-s95_ck-ck_o0-o0
2853	between	79	95	k	k	1	1	114.51901691747656	s79-s95_ck-ck_o1-o1
2854	between	79	95	s	s	0	0	127.52089265849483	s79-s95_cs-cs_o0-o0
2855	between	79	95	s	s	1	1	127.38492341385088	s79-s95_cs-cs_o1-o1
2856	between	79	97	h	h	0	0	141.00755945585135	s79-s97_ch-ch_o0-o0
2857	between	79	97	h	h	1	1	136.4902152448988	s79-s97_ch-ch_o1-o1
2858	between	79	97	k	k	0	0	146.40839566137728	s79-s97_ck-ck_o0-o0
2859	between	79	97	k	k	1	1	154.70900487835428	s79-s97_ck-ck_o1-o1
2860	between	79	97	s	s	0	0	143.65995894515765	s79-s97_cs-cs_o0-o0
2861	between	79	97	s	s	1	1	130.85059895038964	s79-s97_cs-cs_o1-o1
2862	between	79	99	h	h	0	0	113.38591075839763	s79-s99_ch-ch_o0-o0
2863	between	79	99	h	h	1	1	99.6791732614793	s79-s99_ch-ch_o1-o1
2864	between	79	99	k	k	0	0	118.54345275852616	s79-s99_ck-ck_o0-o0
2865	between	79	99	k	k	1	1	138.3708502997326	s79-s99_ck-ck_o1-o1
2866	between	79	99	s	s	0	0	134.56382438321722	s79-s99_cs-cs_o0-o0
2867	between	79	99	s	s	1	1	124.30736939376854	s79-s99_cs-cs_o1-o1
2868	between	80	81	h	h	0	0	119.8058288837599	s80-s81_ch-ch_o0-o0
2869	between	80	81	h	h	1	1	114.03849158324019	s80-s81_ch-ch_o1-o1
2870	between	80	81	k	k	0	0	158.77991075489805	s80-s81_ck-ck_o0-o0
2871	between	80	81	k	k	1	1	209.51448299468277	s80-s81_ck-ck_o1-o1
2872	between	80	81	s	s	0	0	174.78852472744757	s80-s81_cs-cs_o0-o0
2873	between	80	81	s	s	1	1	182.97308296846026	s80-s81_cs-cs_o1-o1
2874	between	80	87	h	h	0	0	175.390200629113	s80-s87_ch-ch_o0-o0
2875	between	80	87	h	h	1	1	143.95314791295633	s80-s87_ch-ch_o1-o1
2876	between	80	87	k	k	0	0	170.67792164983567	s80-s87_ck-ck_o0-o0
2877	between	80	87	k	k	1	1	183.93494000785265	s80-s87_ck-ck_o1-o1
2878	between	80	87	s	s	0	0	192.91208414818266	s80-s87_cs-cs_o0-o0
2879	between	80	87	s	s	1	1	230.8921736037036	s80-s87_cs-cs_o1-o1
2880	between	80	88	h	h	0	0	157.77963926119875	s80-s88_ch-ch_o0-o0
2881	between	80	88	h	h	1	1	143.14793526543255	s80-s88_ch-ch_o1-o1
2882	between	80	88	k	k	0	0	175.79740186877524	s80-s88_ck-ck_o0-o0
2883	between	80	88	k	k	1	1	188.9645431188511	s80-s88_ck-ck_o1-o1
2884	between	80	88	s	s	0	0	210.79972851891762	s80-s88_cs-cs_o0-o0
2885	between	80	88	s	s	1	1	182.36266359192615	s80-s88_cs-cs_o1-o1
2886	between	80	89	h	h	0	0	163.02242823461455	s80-s89_ch-ch_o0-o0
2887	between	80	89	h	h	1	1	140.82858658712684	s80-s89_ch-ch_o1-o1
2888	between	80	89	k	k	0	0	147.89848492567026	s80-s89_ck-ck_o0-o0
2889	between	80	89	k	k	1	1	150.972158714387	s80-s89_ck-ck_o1-o1
2890	between	80	89	s	s	0	0	134.17043133816196	s80-s89_cs-cs_o0-o0
2891	between	80	89	s	s	1	1	107.95542840351608	s80-s89_cs-cs_o1-o1
2892	between	80	90	h	h	0	0	124.15326159755087	s80-s90_ch-ch_o0-o0
2893	between	80	90	h	h	1	1	136.68239628391706	s80-s90_ch-ch_o1-o1
2894	between	80	90	k	k	0	0	135.82976178323867	s80-s90_ck-ck_o0-o0
2895	between	80	90	k	k	1	1	182.50467221936992	s80-s90_ck-ck_o1-o1
2896	between	80	90	s	s	0	0	166.64398431974647	s80-s90_cs-cs_o0-o0
2897	between	80	90	s	s	1	1	194.49215851057707	s80-s90_cs-cs_o1-o1
2898	between	80	91	h	h	0	0	163.89590814789346	s80-s91_ch-ch_o0-o0
2899	between	80	91	h	h	1	1	128.79794893074282	s80-s91_ch-ch_o1-o1
2900	between	80	91	k	k	0	0	167.3852149037785	s80-s91_ck-ck_o0-o0
2901	between	80	91	k	k	1	1	193.3636683123696	s80-s91_ck-ck_o1-o1
2902	between	80	91	s	s	0	0	222.22953827233627	s80-s91_cs-cs_o0-o0
2903	between	80	91	s	s	1	1	221.01124839692793	s80-s91_cs-cs_o1-o1
2904	between	80	92	h	h	0	0	128.13621028263847	s80-s92_ch-ch_o0-o0
2905	between	80	92	h	h	1	1	115.64613395979063	s80-s92_ch-ch_o1-o1
2906	between	80	92	k	k	0	0	162.20218098062583	s80-s92_ck-ck_o0-o0
2907	between	80	92	k	k	1	1	177.02924906278506	s80-s92_ck-ck_o1-o1
2908	between	80	92	s	s	0	0	267.400931001179	s80-s92_cs-cs_o0-o0
2909	between	80	92	s	s	1	1	136.60540125261187	s80-s92_cs-cs_o1-o1
2910	between	80	94	h	h	0	0	175.58337990941638	s80-s94_ch-ch_o0-o0
2911	between	80	94	h	h	1	1	145.37552495788583	s80-s94_ch-ch_o1-o1
2912	between	80	94	k	k	0	0	177.89428408883407	s80-s94_ck-ck_o0-o0
2913	between	80	94	k	k	1	1	204.0873494303296	s80-s94_ck-ck_o1-o1
2914	between	80	94	s	s	0	0	300.8775075157317	s80-s94_cs-cs_o0-o0
2915	between	80	94	s	s	1	1	232.07040002056087	s80-s94_cs-cs_o1-o1
2916	between	80	95	h	h	0	0	137.758427588514	s80-s95_ch-ch_o0-o0
2917	between	80	95	h	h	1	1	120.96310376439632	s80-s95_ch-ch_o1-o1
2918	between	80	95	k	k	0	0	138.34072877193375	s80-s95_ck-ck_o0-o0
2919	between	80	95	k	k	1	1	153.0912588698344	s80-s95_ck-ck_o1-o1
2920	between	80	95	s	s	0	0	133.2534276140624	s80-s95_cs-cs_o0-o0
2921	between	80	95	s	s	1	1	157.02538388161094	s80-s95_cs-cs_o1-o1
2922	between	80	97	h	h	0	0	152.31234893659666	s80-s97_ch-ch_o0-o0
2923	between	80	97	h	h	1	1	124.05310005178607	s80-s97_ch-ch_o1-o1
2924	between	80	97	k	k	0	0	160.84049752638828	s80-s97_ck-ck_o0-o0
2925	between	80	97	k	k	1	1	178.75429988650617	s80-s97_ck-ck_o1-o1
2926	between	80	97	s	s	0	0	150.74422689719745	s80-s97_cs-cs_o0-o0
2927	between	80	97	s	s	1	1	120.04650927262186	s80-s97_cs-cs_o1-o1
2928	between	80	99	h	h	0	0	143.74989973388645	s80-s99_ch-ch_o0-o0
2929	between	80	99	h	h	1	1	112.78912106200657	s80-s99_ch-ch_o1-o1
2930	between	80	99	k	k	0	0	161.43907652817416	s80-s99_ck-ck_o0-o0
2931	between	80	99	k	k	1	1	181.81650424462757	s80-s99_ck-ck_o1-o1
2932	between	80	99	s	s	0	0	137.7996465207977	s80-s99_cs-cs_o0-o0
2933	between	80	99	s	s	1	1	143.82169869352896	s80-s99_cs-cs_o1-o1
2934	between	81	87	h	h	0	0	131.25296309600094	s81-s87_ch-ch_o0-o0
2935	between	81	87	h	h	1	1	112.16988817236022	s81-s87_ch-ch_o1-o1
2936	between	81	87	k	k	0	0	113.14041822787443	s81-s87_ck-ck_o0-o0
2937	between	81	87	k	k	1	1	141.4862620762001	s81-s87_ck-ck_o1-o1
2938	between	81	87	s	s	0	0	204.75809440836883	s81-s87_cs-cs_o0-o0
2939	between	81	87	s	s	1	1	229.98053201322196	s81-s87_cs-cs_o1-o1
2940	between	81	88	h	h	0	0	149.37551775356468	s81-s88_ch-ch_o0-o0
2941	between	81	88	h	h	1	1	158.44227039342204	s81-s88_ch-ch_o1-o1
2942	between	81	88	k	k	0	0	183.09511970241962	s81-s88_ck-ck_o0-o0
2943	between	81	88	k	k	1	1	176.0820779500089	s81-s88_ck-ck_o1-o1
2944	between	81	88	s	s	0	0	284.5180094141662	s81-s88_cs-cs_o0-o0
2945	between	81	88	s	s	1	1	219.09442636215417	s81-s88_cs-cs_o1-o1
2946	between	81	89	h	h	0	0	124.91120023016195	s81-s89_ch-ch_o0-o0
2947	between	81	89	h	h	1	1	121.3247846437935	s81-s89_ch-ch_o1-o1
2948	between	81	89	k	k	0	0	112.86932721751401	s81-s89_ck-ck_o0-o0
2949	between	81	89	k	k	1	1	139.9595903445853	s81-s89_ck-ck_o1-o1
2950	between	81	89	s	s	0	0	159.59534335432213	s81-s89_cs-cs_o0-o0
2951	between	81	89	s	s	1	1	151.4903514231893	s81-s89_cs-cs_o1-o1
2952	between	81	90	h	h	0	0	114.6606529884779	s81-s90_ch-ch_o0-o0
2953	between	81	90	h	h	1	1	123.21102905101618	s81-s90_ch-ch_o1-o1
2954	between	81	90	k	k	0	0	140.7021857742807	s81-s90_ck-ck_o0-o0
2955	between	81	90	k	k	1	1	183.0659675839811	s81-s90_ck-ck_o1-o1
2956	between	81	90	s	s	0	0	211.03591056170347	s81-s90_cs-cs_o0-o0
2957	between	81	90	s	s	1	1	258.72534489774097	s81-s90_cs-cs_o1-o1
2958	between	81	91	h	h	0	0	127.24480078202475	s81-s91_ch-ch_o0-o0
2959	between	81	91	h	h	1	1	121.06617602734067	s81-s91_ch-ch_o1-o1
2960	between	81	91	k	k	0	0	126.85795785846406	s81-s91_ck-ck_o0-o0
2961	between	81	91	k	k	1	1	151.06057810520178	s81-s91_ck-ck_o1-o1
2962	between	81	91	s	s	0	0	277.78880474313456	s81-s91_cs-cs_o0-o0
2963	between	81	91	s	s	1	1	269.7525317329726	s81-s91_cs-cs_o1-o1
2964	between	81	92	h	h	0	0	107.27793561266998	s81-s92_ch-ch_o0-o0
2965	between	81	92	h	h	1	1	102.056835075242	s81-s92_ch-ch_o1-o1
2966	between	81	92	k	k	0	0	122.14822811835856	s81-s92_ck-ck_o0-o0
2967	between	81	92	k	k	1	1	139.24392969075566	s81-s92_ck-ck_o1-o1
2968	between	81	92	s	s	0	0	285.56118249710624	s81-s92_cs-cs_o0-o0
2969	between	81	92	s	s	1	1	178.17896808719334	s81-s92_cs-cs_o1-o1
2970	between	81	94	h	h	0	0	141.39058177895046	s81-s94_ch-ch_o0-o0
2971	between	81	94	h	h	1	1	134.41298785662016	s81-s94_ch-ch_o1-o1
2972	between	81	94	k	k	0	0	137.35825505844736	s81-s94_ck-ck_o0-o0
2973	between	81	94	k	k	1	1	151.71031276682822	s81-s94_ck-ck_o1-o1
2974	between	81	94	s	s	0	0	286.1636067451302	s81-s94_cs-cs_o0-o0
2975	between	81	94	s	s	1	1	294.6197194401472	s81-s94_cs-cs_o1-o1
2976	between	81	95	h	h	0	0	113.48959890928981	s81-s95_ch-ch_o0-o0
2977	between	81	95	h	h	1	1	112.67689447690452	s81-s95_ch-ch_o1-o1
2978	between	81	95	k	k	0	0	123.80866897250053	s81-s95_ck-ck_o0-o0
2979	between	81	95	k	k	1	1	136.54917278624347	s81-s95_ck-ck_o1-o1
2980	between	81	95	s	s	0	0	173.3698951319883	s81-s95_cs-cs_o0-o0
2981	between	81	95	s	s	1	1	178.5066142612699	s81-s95_cs-cs_o1-o1
2982	between	81	97	h	h	0	0	116.09972603613548	s81-s97_ch-ch_o0-o0
2983	between	81	97	h	h	1	1	126.59487470787745	s81-s97_ch-ch_o1-o1
2984	between	81	97	k	k	0	0	120.70727582118434	s81-s97_ck-ck_o0-o0
2985	between	81	97	k	k	1	1	154.27352209452857	s81-s97_ck-ck_o1-o1
2986	between	81	97	s	s	0	0	197.3704880793153	s81-s97_cs-cs_o0-o0
2987	between	81	97	s	s	1	1	169.67950749827776	s81-s97_cs-cs_o1-o1
2988	between	81	99	h	h	0	0	112.26851517366283	s81-s99_ch-ch_o0-o0
2989	between	81	99	h	h	1	1	103.32694442654076	s81-s99_ch-ch_o1-o1
2990	between	81	99	k	k	0	0	123.2440340088965	s81-s99_ck-ck_o0-o0
2991	between	81	99	k	k	1	1	150.49115012260856	s81-s99_ck-ck_o1-o1
2992	between	81	99	s	s	0	0	134.11428615750904	s81-s99_cs-cs_o0-o0
2993	between	81	99	s	s	1	1	171.41898334668983	s81-s99_cs-cs_o1-o1
2994	between	87	88	h	h	0	0	158.38121232879683	s87-s88_ch-ch_o0-o0
2995	between	87	88	h	h	1	1	159.85475243259376	s87-s88_ch-ch_o1-o1
2996	between	87	88	k	k	0	0	180.4139383126112	s87-s88_ck-ck_o0-o0
2997	between	87	88	k	k	1	1	152.55822192502765	s87-s88_ck-ck_o1-o1
2998	between	87	88	s	s	0	0	275.118814517197	s87-s88_cs-cs_o0-o0
2999	between	87	88	s	s	1	1	242.98669099950678	s87-s88_cs-cs_o1-o1
3000	between	87	89	h	h	0	0	98.87977813765072	s87-s89_ch-ch_o0-o0
3001	between	87	89	h	h	1	1	74.25821266170531	s87-s89_ch-ch_o1-o1
3002	between	87	89	k	k	0	0	94.36210181734977	s87-s89_ck-ck_o0-o0
3003	between	87	89	k	k	1	1	96.05343777952032	s87-s89_ck-ck_o1-o1
3004	between	87	89	s	s	0	0	183.32303513666537	s87-s89_cs-cs_o0-o0
3005	between	87	89	s	s	1	1	184.6798713002106	s87-s89_cs-cs_o1-o1
3006	between	87	90	h	h	0	0	146.8428661395353	s87-s90_ch-ch_o0-o0
3007	between	87	90	h	h	1	1	106.72217341470972	s87-s90_ch-ch_o1-o1
3008	between	87	90	k	k	0	0	137.9067819786069	s87-s90_ck-ck_o0-o0
3009	between	87	90	k	k	1	1	164.19311063873084	s87-s90_ck-ck_o1-o1
3010	between	87	90	s	s	0	0	185.21791826502718	s87-s90_cs-cs_o0-o0
3011	between	87	90	s	s	1	1	202.94862402945168	s87-s90_cs-cs_o1-o1
3012	between	87	91	h	h	0	0	127.07129673029537	s87-s91_ch-ch_o0-o0
3013	between	87	91	h	h	1	1	93.41345599635589	s87-s91_ch-ch_o1-o1
3014	between	87	91	k	k	0	0	119.42018454842847	s87-s91_ck-ck_o0-o0
3015	between	87	91	k	k	1	1	109.93602859099936	s87-s91_ck-ck_o1-o1
3016	between	87	91	s	s	0	0	246.28925288638106	s87-s91_cs-cs_o0-o0
3017	between	87	91	s	s	1	1	270.7350194205578	s87-s91_cs-cs_o1-o1
3018	between	87	92	h	h	0	0	119.98139199440625	s87-s92_ch-ch_o0-o0
3019	between	87	92	h	h	1	1	81.44978150942279	s87-s92_ch-ch_o1-o1
3020	between	87	92	k	k	0	0	123.79059934441912	s87-s92_ck-ck_o0-o0
3021	between	87	92	k	k	1	1	107.6682097117967	s87-s92_ck-ck_o1-o1
3022	between	87	92	s	s	0	0	238.48400001605245	s87-s92_cs-cs_o0-o0
3023	between	87	92	s	s	1	1	196.05322105705469	s87-s92_cs-cs_o1-o1
3024	between	87	94	h	h	0	0	119.88760060723614	s87-s94_ch-ch_o0-o0
3025	between	87	94	h	h	1	1	109.15787461718513	s87-s94_ch-ch_o1-o1
3026	between	87	94	k	k	0	0	133.8182132009476	s87-s94_ck-ck_o0-o0
3027	between	87	94	k	k	1	1	102.91472904131012	s87-s94_ck-ck_o1-o1
3028	between	87	94	s	s	0	0	290.1956212488108	s87-s94_cs-cs_o0-o0
3029	between	87	94	s	s	1	1	259.95683270585727	s87-s94_cs-cs_o1-o1
3030	between	87	95	h	h	0	0	107.57826078366563	s87-s95_ch-ch_o0-o0
3031	between	87	95	h	h	1	1	98.32516946882981	s87-s95_ch-ch_o1-o1
3032	between	87	95	k	k	0	0	117.93574453145958	s87-s95_ck-ck_o0-o0
3033	between	87	95	k	k	1	1	104.24633215988608	s87-s95_ck-ck_o1-o1
3034	between	87	95	s	s	0	0	188.2051435640685	s87-s95_cs-cs_o0-o0
3035	between	87	95	s	s	1	1	192.7427006069758	s87-s95_cs-cs_o1-o1
3036	between	87	97	h	h	0	0	122.83144439683292	s87-s97_ch-ch_o0-o0
3037	between	87	97	h	h	1	1	118.28780004183967	s87-s97_ch-ch_o1-o1
3038	between	87	97	k	k	0	0	119.45049455817094	s87-s97_ck-ck_o0-o0
3039	between	87	97	k	k	1	1	128.6074505701973	s87-s97_ck-ck_o1-o1
3040	between	87	97	s	s	0	0	162.68829162814296	s87-s97_cs-cs_o0-o0
3041	between	87	97	s	s	1	1	201.1787062269251	s87-s97_cs-cs_o1-o1
3042	between	87	99	h	h	0	0	124.37927559755276	s87-s99_ch-ch_o0-o0
3043	between	87	99	h	h	1	1	105.90230229008733	s87-s99_ch-ch_o1-o1
3044	between	87	99	k	k	0	0	106.49390051995263	s87-s99_ck-ck_o0-o0
3045	between	87	99	k	k	1	1	151.68288084785004	s87-s99_ck-ck_o1-o1
3046	between	87	99	s	s	0	0	162.88708696040123	s87-s99_cs-cs_o0-o0
3047	between	87	99	s	s	1	1	197.79112757453706	s87-s99_cs-cs_o1-o1
3048	between	88	89	h	h	0	0	139.8175231877473	s88-s89_ch-ch_o0-o0
3049	between	88	89	h	h	1	1	145.93293450041153	s88-s89_ch-ch_o1-o1
3050	between	88	89	k	k	0	0	148.82228803377635	s88-s89_ck-ck_o0-o0
3051	between	88	89	k	k	1	1	134.24160253729238	s88-s89_ck-ck_o1-o1
3052	between	88	89	s	s	0	0	229.60699612694765	s88-s89_cs-cs_o0-o0
3053	between	88	89	s	s	1	1	164.17739479711443	s88-s89_cs-cs_o1-o1
3054	between	88	90	h	h	0	0	152.13917835564158	s88-s90_ch-ch_o0-o0
3055	between	88	90	h	h	1	1	133.31347709571216	s88-s90_ch-ch_o1-o1
3056	between	88	90	k	k	0	0	186.629810368135	s88-s90_ck-ck_o0-o0
3057	between	88	90	k	k	1	1	183.05515650890092	s88-s90_ck-ck_o1-o1
3058	between	88	90	s	s	0	0	223.9552521406058	s88-s90_cs-cs_o0-o0
3059	between	88	90	s	s	1	1	196.87466917266443	s88-s90_cs-cs_o1-o1
3060	between	88	91	h	h	0	0	123.07425544364746	s88-s91_ch-ch_o0-o0
3061	between	88	91	h	h	1	1	130.5915204306701	s88-s91_ch-ch_o1-o1
3062	between	88	91	k	k	0	0	147.11068028421687	s88-s91_ck-ck_o0-o0
3063	between	88	91	k	k	1	1	155.3466753128732	s88-s91_ck-ck_o1-o1
3064	between	88	91	s	s	0	0	235.5543556625668	s88-s91_cs-cs_o0-o0
3065	between	88	91	s	s	1	1	216.33177535977288	s88-s91_cs-cs_o1-o1
3066	between	88	92	h	h	0	0	143.94600879726505	s88-s92_ch-ch_o0-o0
3067	between	88	92	h	h	1	1	143.68054420345524	s88-s92_ch-ch_o1-o1
3068	between	88	92	k	k	0	0	163.6668835236554	s88-s92_ck-ck_o0-o0
3069	between	88	92	k	k	1	1	161.37106710253857	s88-s92_ck-ck_o1-o1
3070	between	88	92	s	s	0	0	277.17658209705047	s88-s92_cs-cs_o0-o0
3071	between	88	92	s	s	1	1	179.8126731949199	s88-s92_cs-cs_o1-o1
3072	between	88	94	h	h	0	0	138.06077842554495	s88-s94_ch-ch_o0-o0
3073	between	88	94	h	h	1	1	148.83939779081228	s88-s94_ch-ch_o1-o1
3074	between	88	94	k	k	0	0	162.43008672576138	s88-s94_ck-ck_o0-o0
3075	between	88	94	k	k	1	1	164.8055721569744	s88-s94_ck-ck_o1-o1
3076	between	88	94	s	s	0	0	349.3744348636638	s88-s94_cs-cs_o0-o0
3077	between	88	94	s	s	1	1	232.07344795132323	s88-s94_cs-cs_o1-o1
3078	between	88	95	h	h	0	0	136.15356849625536	s88-s95_ch-ch_o0-o0
3079	between	88	95	h	h	1	1	124.97918881981485	s88-s95_ch-ch_o1-o1
3080	between	88	95	k	k	0	0	139.6467441825244	s88-s95_ck-ck_o0-o0
3081	between	88	95	k	k	1	1	143.12433932264912	s88-s95_ck-ck_o1-o1
3082	between	88	95	s	s	0	0	204.482139615332	s88-s95_cs-cs_o0-o0
3083	between	88	95	s	s	1	1	178.06981134344144	s88-s95_cs-cs_o1-o1
3084	between	88	97	h	h	0	0	145.3115632778642	s88-s97_ch-ch_o0-o0
3085	between	88	97	h	h	1	1	156.17044433982204	s88-s97_ch-ch_o1-o1
3086	between	88	97	k	k	0	0	176.78500973638506	s88-s97_ck-ck_o0-o0
3087	between	88	97	k	k	1	1	169.37462322623742	s88-s97_ck-ck_o1-o1
3088	between	88	97	s	s	0	0	197.21214050864484	s88-s97_cs-cs_o0-o0
3089	between	88	97	s	s	1	1	174.13720670109845	s88-s97_cs-cs_o1-o1
3090	between	88	99	h	h	0	0	127.065123890255	s88-s99_ch-ch_o0-o0
3091	between	88	99	h	h	1	1	127.6464458030813	s88-s99_ch-ch_o1-o1
3092	between	88	99	k	k	0	0	154.0893930626726	s88-s99_ck-ck_o0-o0
3093	between	88	99	k	k	1	1	175.01289407722513	s88-s99_ck-ck_o1-o1
3094	between	88	99	s	s	0	0	217.25222058228164	s88-s99_cs-cs_o0-o0
3095	between	88	99	s	s	1	1	174.72632683007288	s88-s99_cs-cs_o1-o1
3096	between	89	90	h	h	0	0	132.36955488415637	s89-s90_ch-ch_o0-o0
3097	between	89	90	h	h	1	1	104.82700065104649	s89-s90_ch-ch_o1-o1
3098	between	89	90	k	k	0	0	130.40661940700159	s89-s90_ck-ck_o0-o0
3099	between	89	90	k	k	1	1	147.92135862087954	s89-s90_ck-ck_o1-o1
3100	between	89	90	s	s	0	0	158.8012095289983	s89-s90_cs-cs_o0-o0
3101	between	89	90	s	s	1	1	139.30756357477904	s89-s90_cs-cs_o1-o1
3102	between	89	91	h	h	0	0	98.67401124981807	s89-s91_ch-ch_o0-o0
3103	between	89	91	h	h	1	1	95.3805214504128	s89-s91_ch-ch_o1-o1
3104	between	89	91	k	k	0	0	82.8121625945958	s89-s91_ck-ck_o0-o0
3105	between	89	91	k	k	1	1	109.538968133286	s89-s91_ck-ck_o1-o1
3106	between	89	91	s	s	0	0	234.33330281916503	s89-s91_cs-cs_o0-o0
3107	between	89	91	s	s	1	1	194.97839184557617	s89-s91_cs-cs_o1-o1
3108	between	89	92	h	h	0	0	118.32495512899138	s89-s92_ch-ch_o0-o0
3109	between	89	92	h	h	1	1	85.36306617768054	s89-s92_ch-ch_o1-o1
3110	between	89	92	k	k	0	0	109.26699011663196	s89-s92_ck-ck_o0-o0
3111	between	89	92	k	k	1	1	96.15400871317995	s89-s92_ck-ck_o1-o1
3112	between	89	92	s	s	0	0	263.471323496038	s89-s92_cs-cs_o0-o0
3113	between	89	92	s	s	1	1	98.04166900021987	s89-s92_cs-cs_o1-o1
3114	between	89	94	h	h	0	0	87.84849435232914	s89-s94_ch-ch_o0-o0
3115	between	89	94	h	h	1	1	104.30502259573562	s89-s94_ch-ch_o1-o1
3116	between	89	94	k	k	0	0	93.96652766404752	s89-s94_ck-ck_o0-o0
3117	between	89	94	k	k	1	1	119.63450714591282	s89-s94_ck-ck_o1-o1
3118	between	89	94	s	s	0	0	299.9571197528738	s89-s94_cs-cs_o0-o0
3119	between	89	94	s	s	1	1	213.99640072951362	s89-s94_cs-cs_o1-o1
3120	between	89	95	h	h	0	0	73.5404901369815	s89-s95_ch-ch_o0-o0
3121	between	89	95	h	h	1	1	99.71381190535928	s89-s95_ch-ch_o1-o1
3122	between	89	95	k	k	0	0	92.65205636877522	s89-s95_ck-ck_o0-o0
3123	between	89	95	k	k	1	1	78.01024103410154	s89-s95_ck-ck_o1-o1
3124	between	89	95	s	s	0	0	125.6126386845929	s89-s95_cs-cs_o0-o0
3125	between	89	95	s	s	1	1	122.6000118653363	s89-s95_cs-cs_o1-o1
3126	between	89	97	h	h	0	0	108.48610850531729	s89-s97_ch-ch_o0-o0
3127	between	89	97	h	h	1	1	114.76634953008853	s89-s97_ch-ch_o1-o1
3128	between	89	97	k	k	0	0	101.54708019830811	s89-s97_ck-ck_o0-o0
3129	between	89	97	k	k	1	1	116.04151913885237	s89-s97_ck-ck_o1-o1
3130	between	89	97	s	s	0	0	152.1979626092899	s89-s97_cs-cs_o0-o0
3131	between	89	97	s	s	1	1	87.86033864840441	s89-s97_cs-cs_o1-o1
3132	between	89	99	h	h	0	0	97.08318317157739	s89-s99_ch-ch_o0-o0
3133	between	89	99	h	h	1	1	106.64959386554622	s89-s99_ch-ch_o1-o1
3134	between	89	99	k	k	0	0	88.29690891912857	s89-s99_ck-ck_o0-o0
3135	between	89	99	k	k	1	1	138.69241282167636	s89-s99_ck-ck_o1-o1
3136	between	89	99	s	s	0	0	113.1314170542573	s89-s99_cs-cs_o0-o0
3137	between	89	99	s	s	1	1	105.86009568708839	s89-s99_cs-cs_o1-o1
3138	between	90	91	h	h	0	0	133.70719855006496	s90-s91_ch-ch_o0-o0
3139	between	90	91	h	h	1	1	106.5185630327854	s90-s91_ch-ch_o1-o1
3140	between	90	91	k	k	0	0	151.32421059907517	s90-s91_ck-ck_o0-o0
3141	between	90	91	k	k	1	1	186.81215257592814	s90-s91_ck-ck_o1-o1
3142	between	90	91	s	s	0	0	207.37809911076548	s90-s91_cs-cs_o0-o0
3143	between	90	91	s	s	1	1	218.47387647302568	s90-s91_cs-cs_o1-o1
3144	between	90	92	h	h	0	0	122.37716287074689	s90-s92_ch-ch_o0-o0
3145	between	90	92	h	h	1	1	103.52121173981536	s90-s92_ch-ch_o1-o1
3146	between	90	92	k	k	0	0	147.57297550642335	s90-s92_ck-ck_o0-o0
3147	between	90	92	k	k	1	1	158.0738361500516	s90-s92_ck-ck_o1-o1
3148	between	90	92	s	s	0	0	218.32773216542867	s90-s92_cs-cs_o0-o0
3149	between	90	92	s	s	1	1	157.30532885329666	s90-s92_cs-cs_o1-o1
3150	between	90	94	h	h	0	0	132.81208255286433	s90-s94_ch-ch_o0-o0
3151	between	90	94	h	h	1	1	128.45656733563715	s90-s94_ch-ch_o1-o1
3152	between	90	94	k	k	0	0	178.93729398766595	s90-s94_ck-ck_o0-o0
3153	between	90	94	k	k	1	1	174.70104725043012	s90-s94_ck-ck_o1-o1
3154	between	90	94	s	s	0	0	283.0001172516209	s90-s94_cs-cs_o0-o0
3155	between	90	94	s	s	1	1	232.26492771971664	s90-s94_cs-cs_o1-o1
3156	between	90	95	h	h	0	0	116.5298606165381	s90-s95_ch-ch_o0-o0
3157	between	90	95	h	h	1	1	108.71508791933299	s90-s95_ch-ch_o1-o1
3158	between	90	95	k	k	0	0	121.79917959053107	s90-s95_ck-ck_o0-o0
3159	between	90	95	k	k	1	1	142.5298560003128	s90-s95_ck-ck_o1-o1
3160	between	90	95	s	s	0	0	148.96726861511732	s90-s95_cs-cs_o0-o0
3161	between	90	95	s	s	1	1	157.9650066437032	s90-s95_cs-cs_o1-o1
3162	between	90	97	h	h	0	0	126.33056712172511	s90-s97_ch-ch_o0-o0
3163	between	90	97	h	h	1	1	132.62263008163904	s90-s97_ch-ch_o1-o1
3164	between	90	97	k	k	0	0	162.86688429643078	s90-s97_ck-ck_o0-o0
3165	between	90	97	k	k	1	1	178.18621872079788	s90-s97_ck-ck_o1-o1
3166	between	90	97	s	s	0	0	150.80324944187583	s90-s97_cs-cs_o0-o0
3167	between	90	97	s	s	1	1	157.3790573816931	s90-s97_cs-cs_o1-o1
3168	between	90	99	h	h	0	0	115.09335398210443	s90-s99_ch-ch_o0-o0
3169	between	90	99	h	h	1	1	113.33619712737749	s90-s99_ch-ch_o1-o1
3170	between	90	99	k	k	0	0	137.49772505361327	s90-s99_ck-ck_o0-o0
3171	between	90	99	k	k	1	1	157.08888874363004	s90-s99_ck-ck_o1-o1
3172	between	90	99	s	s	0	0	163.14457778345064	s90-s99_cs-cs_o0-o0
3173	between	90	99	s	s	1	1	166.8371556331285	s90-s99_cs-cs_o1-o1
3174	between	91	92	h	h	0	0	133.12140540769659	s91-s92_ch-ch_o0-o0
3175	between	91	92	h	h	1	1	96.41973257564167	s91-s92_ch-ch_o1-o1
3176	between	91	92	k	k	0	0	123.42546953411542	s91-s92_ck-ck_o0-o0
3177	between	91	92	k	k	1	1	119.39299155154866	s91-s92_ck-ck_o1-o1
3178	between	91	92	s	s	0	0	292.18953587083934	s91-s92_cs-cs_o0-o0
3179	between	91	92	s	s	1	1	208.51616474959337	s91-s92_cs-cs_o1-o1
3180	between	91	94	h	h	0	0	108.82173582483043	s91-s94_ch-ch_o0-o0
3181	between	91	94	h	h	1	1	112.56450828959635	s91-s94_ch-ch_o1-o1
3182	between	91	94	k	k	0	0	118.03292955667622	s91-s94_ck-ck_o0-o0
3183	between	91	94	k	k	1	1	120.46735330796993	s91-s94_ck-ck_o1-o1
3184	between	91	94	s	s	0	0	326.37155621461227	s91-s94_cs-cs_o0-o0
3185	between	91	94	s	s	1	1	249.70281633077775	s91-s94_cs-cs_o1-o1
3186	between	91	95	h	h	0	0	99.82296249028435	s91-s95_ch-ch_o0-o0
3187	between	91	95	h	h	1	1	87.23911857598833	s91-s95_ch-ch_o1-o1
3188	between	91	95	k	k	0	0	93.77866371107066	s91-s95_ck-ck_o0-o0
3189	between	91	95	k	k	1	1	115.93370499934363	s91-s95_ck-ck_o1-o1
3190	between	91	95	s	s	0	0	198.8569456095627	s91-s95_cs-cs_o0-o0
3191	between	91	95	s	s	1	1	183.98715641960553	s91-s95_cs-cs_o1-o1
3192	between	91	97	h	h	0	0	129.2817160398762	s91-s97_ch-ch_o0-o0
3193	between	91	97	h	h	1	1	121.6031897007532	s91-s97_ch-ch_o1-o1
3194	between	91	97	k	k	0	0	124.87237584823794	s91-s97_ck-ck_o0-o0
3195	between	91	97	k	k	1	1	147.11523002315255	s91-s97_ck-ck_o1-o1
3196	between	91	97	s	s	0	0	216.70474263276472	s91-s97_cs-cs_o0-o0
3197	between	91	97	s	s	1	1	212.63460229115557	s91-s97_cs-cs_o1-o1
3198	between	91	99	h	h	0	0	90.21709833064742	s91-s99_ch-ch_o0-o0
3199	between	91	99	h	h	1	1	106.53145706193158	s91-s99_ch-ch_o1-o1
3200	between	91	99	k	k	0	0	87.69277148969115	s91-s99_ck-ck_o0-o0
3201	between	91	99	k	k	1	1	160.88731324906112	s91-s99_ck-ck_o1-o1
3202	between	91	99	s	s	0	0	229.29684985515638	s91-s99_cs-cs_o0-o0
3203	between	91	99	s	s	1	1	187.16137100608995	s91-s99_cs-cs_o1-o1
3204	between	92	94	h	h	0	0	130.0586088853735	s92-s94_ch-ch_o0-o0
3205	between	92	94	h	h	1	1	106.65336945667516	s92-s94_ch-ch_o1-o1
3206	between	92	94	k	k	0	0	140.28025481403333	s92-s94_ck-ck_o0-o0
3207	between	92	94	k	k	1	1	125.7616500425593	s92-s94_ck-ck_o1-o1
3208	between	92	94	s	s	0	0	294.44683750696146	s92-s94_cs-cs_o0-o0
3209	between	92	94	s	s	1	1	220.40656750947437	s92-s94_cs-cs_o1-o1
3210	between	92	95	h	h	0	0	113.46824425555286	s92-s95_ch-ch_o0-o0
3211	between	92	95	h	h	1	1	101.68664980992153	s92-s95_ch-ch_o1-o1
3212	between	92	95	k	k	0	0	111.93906947628747	s92-s95_ck-ck_o0-o0
3213	between	92	95	k	k	1	1	101.67284291077131	s92-s95_ck-ck_o1-o1
3214	between	92	95	s	s	0	0	257.75020232075354	s92-s95_cs-cs_o0-o0
3215	between	92	95	s	s	1	1	133.37526022631744	s92-s95_cs-cs_o1-o1
3216	between	92	97	h	h	0	0	106.66532902217568	s92-s97_ch-ch_o0-o0
3217	between	92	97	h	h	1	1	90.77100888003724	s92-s97_ch-ch_o1-o1
3218	between	92	97	k	k	0	0	125.24416847480175	s92-s97_ck-ck_o0-o0
3219	between	92	97	k	k	1	1	126.19944129443014	s92-s97_ck-ck_o1-o1
3220	between	92	97	s	s	0	0	215.3903779268569	s92-s97_cs-cs_o0-o0
3221	between	92	97	s	s	1	1	111.08682694238871	s92-s97_cs-cs_o1-o1
3222	between	92	99	h	h	0	0	113.59657234171061	s92-s99_ch-ch_o0-o0
3223	between	92	99	h	h	1	1	96.90524167356303	s92-s99_ch-ch_o1-o1
3224	between	92	99	k	k	0	0	112.11951258762075	s92-s99_ck-ck_o0-o0
3225	between	92	99	k	k	1	1	149.59008291336585	s92-s99_ck-ck_o1-o1
3226	between	92	99	s	s	0	0	248.91354064828056	s92-s99_cs-cs_o0-o0
3227	between	92	99	s	s	1	1	129.60704551941646	s92-s99_cs-cs_o1-o1
3228	between	94	95	h	h	0	0	103.35656163013638	s94-s95_ch-ch_o0-o0
3229	between	94	95	h	h	1	1	120.12528047525568	s94-s95_ch-ch_o1-o1
3230	between	94	95	k	k	0	0	119.29744897263454	s94-s95_ck-ck_o0-o0
3231	between	94	95	k	k	1	1	117.8901774330919	s94-s95_ck-ck_o1-o1
3232	between	94	95	s	s	0	0	297.3670020602236	s94-s95_cs-cs_o0-o0
3233	between	94	95	s	s	1	1	219.85584046657317	s94-s95_cs-cs_o1-o1
3234	between	94	97	h	h	0	0	120.70087054155324	s94-s97_ch-ch_o0-o0
3235	between	94	97	h	h	1	1	121.20738354362561	s94-s97_ch-ch_o1-o1
3236	between	94	97	k	k	0	0	113.89360272203798	s94-s97_ck-ck_o0-o0
3237	between	94	97	k	k	1	1	129.61589685050296	s94-s97_ck-ck_o1-o1
3238	between	94	97	s	s	0	0	266.1565925121518	s94-s97_cs-cs_o0-o0
3239	between	94	97	s	s	1	1	220.23851798204177	s94-s97_cs-cs_o1-o1
3240	between	94	99	h	h	0	0	108.73889100684947	s94-s99_ch-ch_o0-o0
3241	between	94	99	h	h	1	1	119.31447554743647	s94-s99_ch-ch_o1-o1
3242	between	94	99	k	k	0	0	119.42386907107058	s94-s99_ck-ck_o0-o0
3243	between	94	99	k	k	1	1	170.84783745365738	s94-s99_ck-ck_o1-o1
3244	between	94	99	s	s	0	0	268.1362410855463	s94-s99_cs-cs_o0-o0
3245	between	94	99	s	s	1	1	194.92965173045246	s94-s99_cs-cs_o1-o1
3246	between	95	97	h	h	0	0	111.06016584983755	s95-s97_ch-ch_o0-o0
3247	between	95	97	h	h	1	1	125.0296442666001	s95-s97_ch-ch_o1-o1
3248	between	95	97	k	k	0	0	131.4380766954456	s95-s97_ck-ck_o0-o0
3249	between	95	97	k	k	1	1	134.42751159581866	s95-s97_ck-ck_o1-o1
3250	between	95	97	s	s	0	0	142.21282087406667	s95-s97_cs-cs_o0-o0
3251	between	95	97	s	s	1	1	134.27301288081688	s95-s97_cs-cs_o1-o1
3252	between	95	99	h	h	0	0	92.36084020367164	s95-s99_ch-ch_o0-o0
3253	between	95	99	h	h	1	1	94.45830730165687	s95-s99_ch-ch_o1-o1
3254	between	95	99	k	k	0	0	87.31930913579747	s95-s99_ck-ck_o0-o0
3255	between	95	99	k	k	1	1	128.13605328795322	s95-s99_ck-ck_o1-o1
3256	between	95	99	s	s	0	0	133.68842281585887	s95-s99_cs-cs_o0-o0
3257	between	95	99	s	s	1	1	123.68309484955898	s95-s99_cs-cs_o1-o1
3258	between	97	99	h	h	0	0	113.92188827447728	s97-s99_ch-ch_o0-o0
3259	between	97	99	h	h	1	1	134.14789842784685	s97-s99_ch-ch_o1-o1
3260	between	97	99	k	k	0	0	126.35264269689004	s97-s99_ck-ck_o0-o0
3261	between	97	99	k	k	1	1	171.44344190450957	s97-s99_ck-ck_o1-o1
3262	between	97	99	s	s	0	0	135.15874073922035	s97-s99_cs-cs_o0-o0
3263	between	97	99	s	s	1	1	116.7666941553505	s97-s99_cs-cs_o1-o1
