index	dtw_type	subject_1	subject_2	condition_1	condition_2	obstacles_1	obstacles_2	dtw_distance	distance_matrix_key
0	within	33	33	h	k	0	0	104.05555003128853	s33-s33_ch-ck_o0-o0
1	within	33	33	h	s	0	0	85.29645606711611	s33-s33_ch-cs_o0-o0
2	within	33	33	k	s	0	0	87.20266242801834	s33-s33_ck-cs_o0-o0
3	within	33	33	h	k	1	1	90.86421556510156	s33-s33_ch-ck_o1-o1
4	within	33	33	h	s	1	1	110.35938450829025	s33-s33_ch-cs_o1-o1
5	within	33	33	k	s	1	1	98.53917288605149	s33-s33_ck-cs_o1-o1
6	within	33	33	h	h	0	1	92.0701454128945	s33-s33_ch-ch_o0-o1
7	within	33	33	k	k	0	1	87.77802845029518	s33-s33_ck-ck_o0-o1
8	within	33	33	s	s	0	1	110.99534856976807	s33-s33_cs-cs_o0-o1
9	within	34	34	h	k	0	0	125.51132357286804	s34-s34_ch-ck_o0-o0
10	within	34	34	h	s	0	0	132.96001292669155	s34-s34_ch-cs_o0-o0
11	within	34	34	k	s	0	0	134.07437024322175	s34-s34_ck-cs_o0-o0
12	within	34	34	h	k	1	1	136.22488118593148	s34-s34_ch-ck_o1-o1
13	within	34	34	h	s	1	1	170.09463613539606	s34-s34_ch-cs_o1-o1
14	within	34	34	k	s	1	1	153.74799684131804	s34-s34_ck-cs_o1-o1
15	within	34	34	h	h	0	1	123.49440287214627	s34-s34_ch-ch_o0-o1
16	within	34	34	k	k	0	1	127.54049165225125	s34-s34_ck-ck_o0-o1
17	within	34	34	s	s	0	1	155.58781131250598	s34-s34_cs-cs_o0-o1
18	within	35	35	h	k	0	0	99.35787713082169	s35-s35_ch-ck_o0-o0
19	within	35	35	h	s	0	0	107.43624218414524	s35-s35_ch-cs_o0-o0
20	within	35	35	k	s	0	0	104.30630394518838	s35-s35_ck-cs_o0-o0
21	within	35	35	h	k	1	1	104.62931662034639	s35-s35_ch-ck_o1-o1
22	within	35	35	h	s	1	1	101.6988744560791	s35-s35_ch-cs_o1-o1
23	within	35	35	k	s	1	1	101.99537546376837	s35-s35_ck-cs_o1-o1
24	within	35	35	h	h	0	1	105.24751277758666	s35-s35_ch-ch_o0-o1
25	within	35	35	k	k	0	1	92.3813796991845	s35-s35_ck-ck_o0-o1
26	within	35	35	s	s	0	1	105.28850856129986	s35-s35_cs-cs_o0-o1
27	within	38	38	h	k	0	0	82.67100736717973	s38-s38_ch-ck_o0-o0
28	within	38	38	h	s	0	0	110.7318102950852	s38-s38_ch-cs_o0-o0
29	within	38	38	k	s	0	0	107.8092956262404	s38-s38_ck-cs_o0-o0
30	within	38	38	h	k	1	1	113.20997053494274	s38-s38_ch-ck_o1-o1
31	within	38	38	h	s	1	1	91.45485000388508	s38-s38_ch-cs_o1-o1
32	within	38	38	k	s	1	1	107.23586630129057	s38-s38_ck-cs_o1-o1
33	within	38	38	h	h	0	1	74.27879658002692	s38-s38_ch-ch_o0-o1
34	within	38	38	k	k	0	1	97.48662476712144	s38-s38_ck-ck_o0-o1
35	within	38	38	s	s	0	1	119.55594212952442	s38-s38_cs-cs_o0-o1
36	within	39	39	h	k	0	0	79.60793111483143	s39-s39_ch-ck_o0-o0
37	within	39	39	h	s	0	0	90.8669404513311	s39-s39_ch-cs_o0-o0
38	within	39	39	k	s	0	0	86.96907108477055	s39-s39_ck-cs_o0-o0
39	within	39	39	h	k	1	1	119.63290515800118	s39-s39_ch-ck_o1-o1
40	within	39	39	h	s	1	1	113.74233428721983	s39-s39_ch-cs_o1-o1
41	within	39	39	k	s	1	1	90.74634897606876	s39-s39_ck-cs_o1-o1
42	within	39	39	h	h	0	1	118.7385584802903	s39-s39_ch-ch_o0-o1
43	within	39	39	k	k	0	1	93.47400475430041	s39-s39_ck-ck_o0-o1
44	within	39	39	s	s	0	1	108.27801189064009	s39-s39_cs-cs_o0-o1
45	within	40	40	h	k	0	0	63.752671471488476	s40-s40_ch-ck_o0-o0
46	within	40	40	h	s	0	0	81.67325956479146	s40-s40_ch-cs_o0-o0
47	within	40	40	k	s	0	0	85.5981019550627	s40-s40_ck-cs_o0-o0
48	within	40	40	h	k	1	1	131.6863644444971	s40-s40_ch-ck_o1-o1
49	within	40	40	h	s	1	1	123.05743176326531	s40-s40_ch-cs_o1-o1
50	within	40	40	k	s	1	1	111.34815188093776	s40-s40_ck-cs_o1-o1
51	within	40	40	h	h	0	1	99.15127547214932	s40-s40_ch-ch_o0-o1
52	within	40	40	k	k	0	1	101.09740752055896	s40-s40_ck-ck_o0-o1
53	within	40	40	s	s	0	1	109.02785288305515	s40-s40_cs-cs_o0-o1
54	within	43	43	h	k	0	0	144.03394436110153	s43-s43_ch-ck_o0-o0
55	within	43	43	h	s	0	0	127.35474980785052	s43-s43_ch-cs_o0-o0
56	within	43	43	k	s	0	0	118.73207002273718	s43-s43_ck-cs_o0-o0
57	within	43	43	h	k	1	1	94.03624417144786	s43-s43_ch-ck_o1-o1
58	within	43	43	h	s	1	1	103.58751439209769	s43-s43_ch-cs_o1-o1
59	within	43	43	k	s	1	1	102.3514556494128	s43-s43_ck-cs_o1-o1
60	within	43	43	h	h	0	1	124.24423676790622	s43-s43_ch-ch_o0-o1
61	within	43	43	k	k	0	1	108.64081692205025	s43-s43_ck-ck_o0-o1
62	within	43	43	s	s	0	1	100.35571807317122	s43-s43_cs-cs_o0-o1
63	within	46	46	h	k	0	0	93.07080466853742	s46-s46_ch-ck_o0-o0
64	within	46	46	h	s	0	0	129.67408906899055	s46-s46_ch-cs_o0-o0
65	within	46	46	k	s	0	0	153.79499873660848	s46-s46_ck-cs_o0-o0
66	within	46	46	h	k	1	1	98.57703886645741	s46-s46_ch-ck_o1-o1
67	within	46	46	h	s	1	1	159.0037316749479	s46-s46_ch-cs_o1-o1
68	within	46	46	k	s	1	1	151.1607376481382	s46-s46_ck-cs_o1-o1
69	within	46	46	h	h	0	1	97.53422134442617	s46-s46_ch-ch_o0-o1
70	within	46	46	k	k	0	1	94.9107709166276	s46-s46_ck-ck_o0-o1
71	within	46	46	s	s	0	1	115.20177156375902	s46-s46_cs-cs_o0-o1
72	within	47	47	h	k	0	0	76.87806894125225	s47-s47_ch-ck_o0-o0
73	within	47	47	h	s	0	0	72.45659213642708	s47-s47_ch-cs_o0-o0
74	within	47	47	k	s	0	0	73.68194892225519	s47-s47_ck-cs_o0-o0
75	within	47	47	h	k	1	1	80.3054932744196	s47-s47_ch-ck_o1-o1
76	within	47	47	h	s	1	1	80.09483456756348	s47-s47_ch-cs_o1-o1
77	within	47	47	k	s	1	1	82.31096850632045	s47-s47_ck-cs_o1-o1
78	within	47	47	h	h	0	1	73.36603511383768	s47-s47_ch-ch_o0-o1
79	within	47	47	k	k	0	1	78.69174771648662	s47-s47_ck-ck_o0-o1
80	within	47	47	s	s	0	1	75.49249139537532	s47-s47_cs-cs_o0-o1
81	within	53	53	h	k	0	0	72.32378750949542	s53-s53_ch-ck_o0-o0
82	within	53	53	h	s	0	0	79.79373050815822	s53-s53_ch-cs_o0-o0
83	within	53	53	k	s	0	0	65.58182520607016	s53-s53_ck-cs_o0-o0
84	within	53	53	h	k	1	1	92.07426068491966	s53-s53_ch-ck_o1-o1
85	within	53	53	h	s	1	1	68.81037010578804	s53-s53_ch-cs_o1-o1
86	within	53	53	k	s	1	1	87.96333523699352	s53-s53_ck-cs_o1-o1
87	within	53	53	h	h	0	1	67.97812262555615	s53-s53_ch-ch_o0-o1
88	within	53	53	k	k	0	1	74.20130346025964	s53-s53_ck-ck_o0-o1
89	within	53	53	s	s	0	1	62.70024093837876	s53-s53_cs-cs_o0-o1
90	within	57	57	h	k	0	0	104.82463781033562	s57-s57_ch-ck_o0-o0
91	within	57	57	h	s	0	0	123.77761293054212	s57-s57_ch-cs_o0-o0
92	within	57	57	k	s	0	0	133.47843516871268	s57-s57_ck-cs_o0-o0
93	within	57	57	h	k	1	1	153.74937435774447	s57-s57_ch-ck_o1-o1
94	within	57	57	h	s	1	1	115.35551780985098	s57-s57_ch-cs_o1-o1
95	within	57	57	k	s	1	1	151.23904602921027	s57-s57_ck-cs_o1-o1
96	within	57	57	h	h	0	1	124.13035992117898	s57-s57_ch-ch_o0-o1
97	within	57	57	k	k	0	1	145.97935744066098	s57-s57_ck-ck_o0-o1
98	within	57	57	s	s	0	1	113.5968653714578	s57-s57_cs-cs_o0-o1
99	within	58	58	h	k	0	0	98.77730043346779	s58-s58_ch-ck_o0-o0
100	within	58	58	h	s	0	0	145.3311037604829	s58-s58_ch-cs_o0-o0
101	within	58	58	k	s	0	0	153.50804228438477	s58-s58_ck-cs_o0-o0
102	within	58	58	h	k	1	1	105.37049252004229	s58-s58_ch-ck_o1-o1
103	within	58	58	h	s	1	1	130.23496120506798	s58-s58_ch-cs_o1-o1
104	within	58	58	k	s	1	1	142.82598446845418	s58-s58_ck-cs_o1-o1
105	within	58	58	h	h	0	1	109.71878008922603	s58-s58_ch-ch_o0-o1
106	within	58	58	k	k	0	1	92.00377601085404	s58-s58_ck-ck_o0-o1
107	within	58	58	s	s	0	1	157.39152506769923	s58-s58_cs-cs_o0-o1
108	within	59	59	h	k	0	0	95.3104405785036	s59-s59_ch-ck_o0-o0
109	within	59	59	h	s	0	0	80.09250285108783	s59-s59_ch-cs_o0-o0
110	within	59	59	k	s	0	0	77.28659029723515	s59-s59_ck-cs_o0-o0
111	within	59	59	h	k	1	1	87.37236508912666	s59-s59_ch-ck_o1-o1
112	within	59	59	h	s	1	1	81.92236805687179	s59-s59_ch-cs_o1-o1
113	within	59	59	k	s	1	1	86.22848733642607	s59-s59_ck-cs_o1-o1
114	within	59	59	h	h	0	1	90.20457786163819	s59-s59_ch-ch_o0-o1
115	within	59	59	k	k	0	1	95.5858326014452	s59-s59_ck-ck_o0-o1
116	within	59	59	s	s	0	1	91.70725113603743	s59-s59_cs-cs_o0-o1
117	within	60	60	h	k	0	0	139.26756959210957	s60-s60_ch-ck_o0-o0
118	within	60	60	h	s	0	0	112.17729157594557	s60-s60_ch-cs_o0-o0
119	within	60	60	k	s	0	0	138.0671827856012	s60-s60_ck-cs_o0-o0
120	within	60	60	h	k	1	1	115.59865381962989	s60-s60_ch-ck_o1-o1
121	within	60	60	h	s	1	1	100.47432394885531	s60-s60_ch-cs_o1-o1
122	within	60	60	k	s	1	1	132.70219154285232	s60-s60_ck-cs_o1-o1
123	within	60	60	h	h	0	1	101.18868808042497	s60-s60_ch-ch_o0-o1
124	within	60	60	k	k	0	1	121.7137350875896	s60-s60_ck-ck_o0-o1
125	within	60	60	s	s	0	1	91.95411122046549	s60-s60_cs-cs_o0-o1
126	within	61	61	h	k	0	0	90.26360009039985	s61-s61_ch-ck_o0-o0
127	within	61	61	h	s	0	0	117.48215830571806	s61-s61_ch-cs_o0-o0
128	within	61	61	k	s	0	0	114.8600864224164	s61-s61_ck-cs_o0-o0
129	within	61	61	h	k	1	1	116.97251250754339	s61-s61_ch-ck_o1-o1
130	within	61	61	h	s	1	1	112.42436616518214	s61-s61_ch-cs_o1-o1
131	within	61	61	k	s	1	1	128.8178340791655	s61-s61_ck-cs_o1-o1
132	within	61	61	h	h	0	1	95.55365193738636	s61-s61_ch-ch_o0-o1
133	within	61	61	k	k	0	1	98.54990040766565	s61-s61_ck-ck_o0-o1
134	within	61	61	s	s	0	1	123.77735204644767	s61-s61_cs-cs_o0-o1
135	within	65	65	h	k	0	0	71.53012436115846	s65-s65_ch-ck_o0-o0
136	within	65	65	h	s	0	0	75.80618263512348	s65-s65_ch-cs_o0-o0
137	within	65	65	k	s	0	0	74.71531983165471	s65-s65_ck-cs_o0-o0
138	within	65	65	h	k	1	1	85.9133881139478	s65-s65_ch-ck_o1-o1
139	within	65	65	h	s	1	1	86.67286677720415	s65-s65_ch-cs_o1-o1
140	within	65	65	k	s	1	1	93.20379835283623	s65-s65_ck-cs_o1-o1
141	within	65	65	h	h	0	1	66.69961952844918	s65-s65_ch-ch_o0-o1
142	within	65	65	k	k	0	1	96.07055670601657	s65-s65_ck-ck_o0-o1
143	within	65	65	s	s	0	1	89.27719763751148	s65-s65_cs-cs_o0-o1
144	within	67	67	h	k	0	0	59.68845970007314	s67-s67_ch-ck_o0-o0
145	within	67	67	h	s	0	0	102.71464757932668	s67-s67_ch-cs_o0-o0
146	within	67	67	k	s	0	0	132.5245921386089	s67-s67_ck-cs_o0-o0
147	within	67	67	h	k	1	1	74.1232331180299	s67-s67_ch-ck_o1-o1
148	within	67	67	h	s	1	1	104.72896073607639	s67-s67_ch-cs_o1-o1
149	within	67	67	k	s	1	1	118.68354868672944	s67-s67_ck-cs_o1-o1
150	within	67	67	h	h	0	1	65.88552073318652	s67-s67_ch-ch_o0-o1
151	within	67	67	k	k	0	1	79.5077630640516	s67-s67_ck-ck_o0-o1
152	within	67	67	s	s	0	1	121.11357281283753	s67-s67_cs-cs_o0-o1
153	within	74	74	h	k	0	0	82.25445029318313	s74-s74_ch-ck_o0-o0
154	within	74	74	h	s	0	0	155.67848846451793	s74-s74_ch-cs_o0-o0
155	within	74	74	k	s	0	0	169.45352194818216	s74-s74_ck-cs_o0-o0
156	within	74	74	h	k	1	1	114.86049203122145	s74-s74_ch-ck_o1-o1
157	within	74	74	h	s	1	1	136.8524034568241	s74-s74_ch-cs_o1-o1
158	within	74	74	k	s	1	1	138.98571220464393	s74-s74_ck-cs_o1-o1
159	within	74	74	h	h	0	1	81.05001775663813	s74-s74_ch-ch_o0-o1
160	within	74	74	k	k	0	1	103.90971442601337	s74-s74_ck-ck_o0-o1
161	within	74	74	s	s	0	1	129.80185354597162	s74-s74_cs-cs_o0-o1
162	within	76	76	h	k	0	0	148.52415874873913	s76-s76_ch-ck_o0-o0
163	within	76	76	h	s	0	0	167.0685194428179	s76-s76_ch-cs_o0-o0
164	within	76	76	k	s	0	0	129.04328891250447	s76-s76_ck-cs_o0-o0
165	within	76	76	h	k	1	1	84.39591222196664	s76-s76_ch-ck_o1-o1
166	within	76	76	h	s	1	1	112.00051941253315	s76-s76_ch-cs_o1-o1
167	within	76	76	k	s	1	1	123.66089858557024	s76-s76_ck-cs_o1-o1
168	within	76	76	h	h	0	1	140.47286427712413	s76-s76_ch-ch_o0-o1
169	within	76	76	k	k	0	1	103.80874210383475	s76-s76_ck-ck_o0-o1
170	within	76	76	s	s	0	1	146.7674662637522	s76-s76_cs-cs_o0-o1
171	within	79	79	h	k	0	0	63.34408222074308	s79-s79_ch-ck_o0-o0
172	within	79	79	h	s	0	0	105.10646637781254	s79-s79_ch-cs_o0-o0
173	within	79	79	k	s	0	0	109.33292616666056	s79-s79_ck-cs_o0-o0
174	within	79	79	h	k	1	1	93.6322338934494	s79-s79_ch-ck_o1-o1
175	within	79	79	h	s	1	1	97.41582627890705	s79-s79_ch-cs_o1-o1
176	within	79	79	k	s	1	1	108.87608127622232	s79-s79_ck-cs_o1-o1
177	within	79	79	h	h	0	1	86.35070662962957	s79-s79_ch-ch_o0-o1
178	within	79	79	k	k	0	1	77.84013446480718	s79-s79_ck-ck_o0-o1
179	within	79	79	s	s	0	1	102.38414736158872	s79-s79_cs-cs_o0-o1
180	within	80	80	h	k	0	0	95.78253584181897	s80-s80_ch-ck_o0-o0
181	within	80	80	h	s	0	0	105.93640167149745	s80-s80_ch-cs_o0-o0
182	within	80	80	k	s	0	0	117.73299987348256	s80-s80_ck-cs_o0-o0
183	within	80	80	h	k	1	1	121.52125428093058	s80-s80_ch-ck_o1-o1
184	within	80	80	h	s	1	1	103.96310062935125	s80-s80_ch-cs_o1-o1
185	within	80	80	k	s	1	1	113.76576927562077	s80-s80_ck-cs_o1-o1
186	within	80	80	h	h	0	1	100.01108573916821	s80-s80_ch-ch_o0-o1
187	within	80	80	k	k	0	1	135.54436590962206	s80-s80_ck-ck_o0-o1
188	within	80	80	s	s	0	1	107.71180395895847	s80-s80_cs-cs_o0-o1
189	within	81	81	h	k	0	0	106.32591989542581	s81-s81_ch-ck_o0-o0
190	within	81	81	h	s	0	0	149.2154007218287	s81-s81_ch-cs_o0-o0
191	within	81	81	k	s	0	0	171.97825305653586	s81-s81_ck-cs_o0-o0
192	within	81	81	h	k	1	1	134.97877929972043	s81-s81_ch-ck_o1-o1
193	within	81	81	h	s	1	1	162.61366496626042	s81-s81_ch-cs_o1-o1
194	within	81	81	k	s	1	1	208.95276616823602	s81-s81_ck-cs_o1-o1
195	within	81	81	h	h	0	1	73.52167472827891	s81-s81_ch-ch_o0-o1
196	within	81	81	k	k	0	1	126.50081454137069	s81-s81_ck-ck_o0-o1
197	within	81	81	s	s	0	1	88.96793286150142	s81-s81_cs-cs_o0-o1
198	within	87	87	h	k	0	0	102.40785670184042	s87-s87_ch-ck_o0-o0
199	within	87	87	h	s	0	0	162.9977952264516	s87-s87_ch-cs_o0-o0
200	within	87	87	k	s	0	0	143.76959066359447	s87-s87_ck-cs_o0-o0
201	within	87	87	h	k	1	1	78.89942055774945	s87-s87_ch-ck_o1-o1
202	within	87	87	h	s	1	1	168.39152681715808	s87-s87_ch-cs_o1-o1
203	within	87	87	k	s	1	1	169.9389318240818	s87-s87_ck-cs_o1-o1
204	within	87	87	h	h	0	1	98.98095265961959	s87-s87_ch-ch_o0-o1
205	within	87	87	k	k	0	1	91.76017904048415	s87-s87_ck-ck_o0-o1
206	within	87	87	s	s	0	1	216.86155249414196	s87-s87_cs-cs_o0-o1
207	within	88	88	h	k	0	0	129.00542707778035	s88-s88_ch-ck_o0-o0
208	within	88	88	h	s	0	0	174.15968468221874	s88-s88_ch-cs_o0-o0
209	within	88	88	k	s	0	0	153.891589319885	s88-s88_ck-cs_o0-o0
210	within	88	88	h	k	1	1	135.20949630881236	s88-s88_ch-ck_o1-o1
211	within	88	88	h	s	1	1	151.6355904181002	s88-s88_ch-cs_o1-o1
212	within	88	88	k	s	1	1	163.46609688485876	s88-s88_ck-cs_o1-o1
213	within	88	88	h	h	0	1	121.9267618887107	s88-s88_ch-ch_o0-o1
214	within	88	88	k	k	0	1	132.76769415097354	s88-s88_ck-ck_o0-o1
215	within	88	88	s	s	0	1	191.36456107608993	s88-s88_cs-cs_o0-o1
216	within	89	89	h	k	0	0	50.60776502063132	s89-s89_ch-ck_o0-o0
217	within	89	89	h	s	0	0	144.0960476561806	s89-s89_ch-cs_o0-o0
218	within	89	89	k	s	0	0	144.1068093984228	s89-s89_ck-cs_o0-o0
219	within	89	89	h	k	1	1	77.3114706743776	s89-s89_ch-ck_o1-o1
220	within	89	89	h	s	1	1	88.05813246712103	s89-s89_ch-cs_o1-o1
221	within	89	89	k	s	1	1	75.96535559691495	s89-s89_ck-cs_o1-o1
222	within	89	89	h	h	0	1	66.01408415646789	s89-s89_ch-ch_o0-o1
223	within	89	89	k	k	0	1	71.69084617082443	s89-s89_ck-ck_o0-o1
224	within	89	89	s	s	0	1	90.44289647505764	s89-s89_cs-cs_o0-o1
225	within	90	90	h	k	0	0	107.63892708747242	s90-s90_ch-ck_o0-o0
226	within	90	90	h	s	0	0	129.45385833095744	s90-s90_ch-cs_o0-o0
227	within	90	90	k	s	0	0	144.9493452390763	s90-s90_ck-cs_o0-o0
228	within	90	90	h	k	1	1	135.78579185363714	s90-s90_ch-ck_o1-o1
229	within	90	90	h	s	1	1	145.2641471782921	s90-s90_ch-cs_o1-o1
230	within	90	90	k	s	1	1	172.7523282763365	s90-s90_ck-cs_o1-o1
231	within	90	90	h	h	0	1	118.39629985692353	s90-s90_ch-ch_o0-o1
232	within	90	90	k	k	0	1	124.69436834298874	s90-s90_ck-ck_o0-o1
233	within	90	90	s	s	0	1	131.60778135847087	s90-s90_cs-cs_o0-o1
234	within	91	91	h	k	0	0	77.71067059842859	s91-s91_ch-ck_o0-o0
235	within	91	91	h	s	0	0	171.40598076076898	s91-s91_ch-cs_o0-o0
236	within	91	91	k	s	0	0	176.04290297068493	s91-s91_ck-cs_o0-o0
237	within	91	91	h	k	1	1	107.36830553994159	s91-s91_ch-ck_o1-o1
238	within	91	91	h	s	1	1	167.28329657243597	s91-s91_ch-cs_o1-o1
239	within	91	91	k	s	1	1	178.75092000151386	s91-s91_ck-cs_o1-o1
240	within	91	91	h	h	0	1	76.13985021675953	s91-s91_ch-ch_o0-o1
241	within	91	91	k	k	0	1	106.09526902645665	s91-s91_ck-ck_o0-o1
242	within	91	91	s	s	0	1	210.997732341097	s91-s91_cs-cs_o0-o1
243	within	92	92	h	k	0	0	118.48999859130033	s92-s92_ch-ck_o0-o0
244	within	92	92	h	s	0	0	224.11675694425043	s92-s92_ch-cs_o0-o0
245	within	92	92	k	s	0	0	219.91223843247656	s92-s92_ck-cs_o0-o0
246	within	92	92	h	k	1	1	97.0784089954902	s92-s92_ch-ck_o1-o1
247	within	92	92	h	s	1	1	96.76836923366236	s92-s92_ch-cs_o1-o1
248	within	92	92	k	s	1	1	103.95318750726251	s92-s92_ck-cs_o1-o1
249	within	92	92	h	h	0	1	91.67532479477948	s92-s92_ch-ch_o0-o1
250	within	92	92	k	k	0	1	103.43534725325983	s92-s92_ck-ck_o0-o1
251	within	92	92	s	s	0	1	202.85832121965674	s92-s92_cs-cs_o0-o1
252	within	94	94	h	k	0	0	80.16173146506443	s94-s94_ch-ck_o0-o0
253	within	94	94	h	s	0	0	271.3533807024919	s94-s94_ch-cs_o0-o0
254	within	94	94	k	s	0	0	282.4910898332722	s94-s94_ck-cs_o0-o0
255	within	94	94	h	k	1	1	112.76526873437653	s94-s94_ch-ck_o1-o1
256	within	94	94	h	s	1	1	223.29629769473507	s94-s94_ch-cs_o1-o1
257	within	94	94	k	s	1	1	228.20929694343832	s94-s94_ck-cs_o1-o1
258	within	94	94	h	h	0	1	105.98622250277941	s94-s94_ch-ch_o0-o1
259	within	94	94	k	k	0	1	95.71177709215206	s94-s94_ck-ck_o0-o1
260	within	94	94	s	s	0	1	331.55074714568065	s94-s94_cs-cs_o0-o1
261	within	95	95	h	k	0	0	81.40375826477579	s95-s95_ch-ck_o0-o0
262	within	95	95	h	s	0	0	105.98849686167695	s95-s95_ch-cs_o0-o0
263	within	95	95	k	s	0	0	82.84623348964382	s95-s95_ck-cs_o0-o0
264	within	95	95	h	k	1	1	62.91387539053544	s95-s95_ch-ck_o1-o1
265	within	95	95	h	s	1	1	95.08000923617199	s95-s95_ch-cs_o1-o1
266	within	95	95	k	s	1	1	92.97450749072188	s95-s95_ck-cs_o1-o1
267	within	95	95	h	h	0	1	73.2294625441755	s95-s95_ch-ch_o0-o1
268	within	95	95	k	k	0	1	72.96931769276004	s95-s95_ck-ck_o0-o1
269	within	95	95	s	s	0	1	113.21395671441931	s95-s95_cs-cs_o0-o1
270	within	97	97	h	k	0	0	71.22132093224319	s97-s97_ch-ck_o0-o0
271	within	97	97	h	s	0	0	102.99941717575729	s97-s97_ch-cs_o0-o0
272	within	97	97	k	s	0	0	102.12864911525502	s97-s97_ck-cs_o0-o0
273	within	97	97	h	k	1	1	105.16961502906932	s97-s97_ch-ck_o1-o1
274	within	97	97	h	s	1	1	85.56992545862072	s97-s97_ch-cs_o1-o1
275	within	97	97	k	s	1	1	103.18491053896688	s97-s97_ck-cs_o1-o1
276	within	97	97	h	h	0	1	94.4572434558262	s97-s97_ch-ch_o0-o1
277	within	97	97	k	k	0	1	106.34487630417271	s97-s97_ck-ck_o0-o1
278	within	97	97	s	s	0	1	103.53175912626651	s97-s97_cs-cs_o0-o1
279	within	99	99	h	k	0	0	49.00779066975405	s99-s99_ch-ck_o0-o0
280	within	99	99	h	s	0	0	101.46906410370593	s99-s99_ch-cs_o0-o0
281	within	99	99	k	s	0	0	117.67170594765408	s99-s99_ck-cs_o0-o0
282	within	99	99	h	k	1	1	115.78987831652938	s99-s99_ch-ck_o1-o1
283	within	99	99	h	s	1	1	107.58836904975495	s99-s99_ch-cs_o1-o1
284	within	99	99	k	s	1	1	131.16053595291615	s99-s99_ck-cs_o1-o1
285	within	99	99	h	h	0	1	88.22421010145474	s99-s99_ch-ch_o0-o1
286	within	99	99	k	k	0	1	130.01306486040008	s99-s99_ck-ck_o0-o1
287	within	99	99	s	s	0	1	115.25954350450131	s99-s99_cs-cs_o0-o1
288	between	33	34	h	h	0	0	115.8474920974628	s33-s34_ch-ch_o0-o0
289	between	33	34	h	h	1	1	122.64686708441035	s33-s34_ch-ch_o1-o1
290	between	33	34	k	k	0	0	132.80051984159317	s33-s34_ck-ck_o0-o0
291	between	33	34	k	k	1	1	117.40965428635003	s33-s34_ck-ck_o1-o1
292	between	33	34	s	s	0	0	147.14222221628563	s33-s34_cs-cs_o0-o0
293	between	33	34	s	s	1	1	178.13930763145467	s33-s34_cs-cs_o1-o1
294	between	33	35	h	h	0	0	101.12412380523041	s33-s35_ch-ch_o0-o0
295	between	33	35	h	h	1	1	110.76943643870271	s33-s35_ch-ch_o1-o1
296	between	33	35	k	k	0	0	124.14317439820908	s33-s35_ck-ck_o0-o0
297	between	33	35	k	k	1	1	115.60660756331882	s33-s35_ck-ck_o1-o1
298	between	33	35	s	s	0	0	113.88344442558511	s33-s35_cs-cs_o0-o0
299	between	33	35	s	s	1	1	122.19771058522458	s33-s35_cs-cs_o1-o1
300	between	33	38	h	h	0	0	108.46820006554417	s33-s38_ch-ch_o0-o0
301	between	33	38	h	h	1	1	113.41266467571931	s33-s38_ch-ch_o1-o1
302	between	33	38	k	k	0	0	139.63798404942457	s33-s38_ck-ck_o0-o0
303	between	33	38	k	k	1	1	123.04140082885014	s33-s38_ck-ck_o1-o1
304	between	33	38	s	s	0	0	147.2260870064023	s33-s38_cs-cs_o0-o0
305	between	33	38	s	s	1	1	133.42770729749338	s33-s38_cs-cs_o1-o1
306	between	33	39	h	h	0	0	106.66042510069305	s33-s39_ch-ch_o0-o0
307	between	33	39	h	h	1	1	139.9520320844551	s33-s39_ch-ch_o1-o1
308	between	33	39	k	k	0	0	128.2823441506706	s33-s39_ck-ck_o0-o0
309	between	33	39	k	k	1	1	119.00606198345233	s33-s39_ck-ck_o1-o1
310	between	33	39	s	s	0	0	130.60196806804566	s33-s39_cs-cs_o0-o0
311	between	33	39	s	s	1	1	117.89928439796655	s33-s39_cs-cs_o1-o1
312	between	33	40	h	h	0	0	107.52167044627427	s33-s40_ch-ch_o0-o0
313	between	33	40	h	h	1	1	136.45440253935647	s33-s40_ch-ch_o1-o1
314	between	33	40	k	k	0	0	124.35830123903067	s33-s40_ck-ck_o0-o0
315	between	33	40	k	k	1	1	120.75528305593646	s33-s40_ck-ck_o1-o1
316	between	33	40	s	s	0	0	132.1495939323924	s33-s40_cs-cs_o0-o0
317	between	33	40	s	s	1	1	122.48903454841675	s33-s40_cs-cs_o1-o1
318	between	33	43	h	h	0	0	140.1271193925354	s33-s43_ch-ch_o0-o0
319	between	33	43	h	h	1	1	116.55168113479161	s33-s43_ch-ch_o1-o1
320	between	33	43	k	k	0	0	127.03853487861723	s33-s43_ck-ck_o0-o0
321	between	33	43	k	k	1	1	117.9989089318473	s33-s43_ck-ck_o1-o1
322	between	33	43	s	s	0	0	123.94882343935022	s33-s43_cs-cs_o0-o0
323	between	33	43	s	s	1	1	115.13653144935715	s33-s43_cs-cs_o1-o1
324	between	33	46	h	h	0	0	108.40089006481226	s33-s46_ch-ch_o0-o0
325	between	33	46	h	h	1	1	122.48319384267911	s33-s46_ch-ch_o1-o1
326	between	33	46	k	k	0	0	130.99135187126672	s33-s46_ck-ck_o0-o0
327	between	33	46	k	k	1	1	106.81351723375555	s33-s46_ck-ck_o1-o1
328	between	33	46	s	s	0	0	150.80767640099114	s33-s46_cs-cs_o0-o0
329	between	33	46	s	s	1	1	161.0138875962847	s33-s46_cs-cs_o1-o1
330	between	33	47	h	h	0	0	117.84686890142378	s33-s47_ch-ch_o0-o0
331	between	33	47	h	h	1	1	115.29251890826214	s33-s47_ch-ch_o1-o1
332	between	33	47	k	k	0	0	142.01550086969831	s33-s47_ck-ck_o0-o0
333	between	33	47	k	k	1	1	137.28739666036148	s33-s47_ck-ck_o1-o1
334	between	33	47	s	s	0	0	132.20666927467323	s33-s47_cs-cs_o0-o0
335	between	33	47	s	s	1	1	145.39625685636622	s33-s47_cs-cs_o1-o1
336	between	33	53	h	h	0	0	104.3088400415131	s33-s53_ch-ch_o0-o0
337	between	33	53	h	h	1	1	114.58238804858212	s33-s53_ch-ch_o1-o1
338	between	33	53	k	k	0	0	136.27743088908423	s33-s53_ck-ck_o0-o0
339	between	33	53	k	k	1	1	129.8278988268761	s33-s53_ck-ck_o1-o1
340	between	33	53	s	s	0	0	140.5071204290626	s33-s53_cs-cs_o0-o0
341	between	33	53	s	s	1	1	153.35953025472472	s33-s53_cs-cs_o1-o1
342	between	33	57	h	h	0	0	125.87201653574013	s33-s57_ch-ch_o0-o0
343	between	33	57	h	h	1	1	133.4022261726835	s33-s57_ch-ch_o1-o1
344	between	33	57	k	k	0	0	155.56063752735517	s33-s57_ck-ck_o0-o0
345	between	33	57	k	k	1	1	166.03619309125375	s33-s57_ck-ck_o1-o1
346	between	33	57	s	s	0	0	150.5273878208462	s33-s57_cs-cs_o0-o0
347	between	33	57	s	s	1	1	142.79170985962347	s33-s57_cs-cs_o1-o1
348	between	33	58	h	h	0	0	108.60454278666958	s33-s58_ch-ch_o0-o0
349	between	33	58	h	h	1	1	121.92435399031429	s33-s58_ch-ch_o1-o1
350	between	33	58	k	k	0	0	126.85755147614671	s33-s58_ck-ck_o0-o0
351	between	33	58	k	k	1	1	112.29303639068951	s33-s58_ck-ck_o1-o1
352	between	33	58	s	s	0	0	168.93228018495202	s33-s58_cs-cs_o0-o0
353	between	33	58	s	s	1	1	160.05916420543304	s33-s58_cs-cs_o1-o1
354	between	33	59	h	h	0	0	104.3416811009692	s33-s59_ch-ch_o0-o0
355	between	33	59	h	h	1	1	102.4140482112459	s33-s59_ch-ch_o1-o1
356	between	33	59	k	k	0	0	114.33158677415109	s33-s59_ck-ck_o0-o0
357	between	33	59	k	k	1	1	103.19323927658353	s33-s59_ck-ck_o1-o1
358	between	33	59	s	s	0	0	117.21898332968851	s33-s59_cs-cs_o0-o0
359	between	33	59	s	s	1	1	104.0536211258499	s33-s59_cs-cs_o1-o1
360	between	33	60	h	h	0	0	117.33937908233656	s33-s60_ch-ch_o0-o0
361	between	33	60	h	h	1	1	120.91720710433857	s33-s60_ch-ch_o1-o1
362	between	33	60	k	k	0	0	160.65389821098924	s33-s60_ck-ck_o0-o0
363	between	33	60	k	k	1	1	136.5323872509953	s33-s60_ck-ck_o1-o1
364	between	33	60	s	s	0	0	135.1254511071073	s33-s60_cs-cs_o0-o0
365	between	33	60	s	s	1	1	119.82343232680253	s33-s60_cs-cs_o1-o1
366	between	33	61	h	h	0	0	104.68501008790952	s33-s61_ch-ch_o0-o0
367	between	33	61	h	h	1	1	113.2885381799548	s33-s61_ch-ch_o1-o1
368	between	33	61	k	k	0	0	142.51390752143234	s33-s61_ck-ck_o0-o0
369	between	33	61	k	k	1	1	143.5401573004388	s33-s61_ck-ck_o1-o1
370	between	33	61	s	s	0	0	143.247945811735	s33-s61_cs-cs_o0-o0
371	between	33	61	s	s	1	1	142.00054655822802	s33-s61_cs-cs_o1-o1
372	between	33	65	h	h	0	0	99.4713024842175	s33-s65_ch-ch_o0-o0
373	between	33	65	h	h	1	1	108.13380179400677	s33-s65_ch-ch_o1-o1
374	between	33	65	k	k	0	0	116.8817492110572	s33-s65_ck-ck_o0-o0
375	between	33	65	k	k	1	1	105.35554018014052	s33-s65_ck-ck_o1-o1
376	between	33	65	s	s	0	0	128.26453613517046	s33-s65_cs-cs_o0-o0
377	between	33	65	s	s	1	1	120.73613918047411	s33-s65_cs-cs_o1-o1
378	between	33	67	h	h	0	0	91.22060712250574	s33-s67_ch-ch_o0-o0
379	between	33	67	h	h	1	1	104.55688176673011	s33-s67_ch-ch_o1-o1
380	between	33	67	k	k	0	0	118.22683555799267	s33-s67_ck-ck_o0-o0
381	between	33	67	k	k	1	1	112.55165675551495	s33-s67_ck-ck_o1-o1
382	between	33	67	s	s	0	0	146.3031534479781	s33-s67_cs-cs_o0-o0
383	between	33	67	s	s	1	1	145.12228746141622	s33-s67_cs-cs_o1-o1
384	between	33	74	h	h	0	0	117.442586950214	s33-s74_ch-ch_o0-o0
385	between	33	74	h	h	1	1	125.47615474693467	s33-s74_ch-ch_o1-o1
386	between	33	74	k	k	0	0	125.99371828958593	s33-s74_ck-ck_o0-o0
387	between	33	74	k	k	1	1	135.09085695015932	s33-s74_ck-ck_o1-o1
388	between	33	74	s	s	0	0	178.93012657703164	s33-s74_cs-cs_o0-o0
389	between	33	74	s	s	1	1	162.85380585033596	s33-s74_cs-cs_o1-o1
390	between	33	76	h	h	0	0	146.2408767657928	s33-s76_ch-ch_o0-o0
391	between	33	76	h	h	1	1	95.22371801875055	s33-s76_ch-ch_o1-o1
392	between	33	76	k	k	0	0	118.36699367336719	s33-s76_ck-ck_o0-o0
393	between	33	76	k	k	1	1	110.71552768606374	s33-s76_ck-ck_o1-o1
394	between	33	76	s	s	0	0	124.2221901841149	s33-s76_cs-cs_o0-o0
395	between	33	76	s	s	1	1	144.1977080568189	s33-s76_cs-cs_o1-o1
396	between	33	79	h	h	0	0	121.05124639463301	s33-s79_ch-ch_o0-o0
397	between	33	79	h	h	1	1	116.89495357311662	s33-s79_ch-ch_o1-o1
398	between	33	79	k	k	0	0	105.64341000445498	s33-s79_ck-ck_o0-o0
399	between	33	79	k	k	1	1	115.90258835735165	s33-s79_ck-ck_o1-o1
400	between	33	79	s	s	0	0	142.86483751651105	s33-s79_cs-cs_o0-o0
401	between	33	79	s	s	1	1	129.52080251965936	s33-s79_cs-cs_o1-o1
402	between	33	80	h	h	0	0	145.09522543743725	s33-s80_ch-ch_o0-o0
403	between	33	80	h	h	1	1	130.0865799346812	s33-s80_ch-ch_o1-o1
404	between	33	80	k	k	0	0	134.8587774853053	s33-s80_ck-ck_o0-o0
405	between	33	80	k	k	1	1	150.7304046100015	s33-s80_ck-ck_o1-o1
406	between	33	80	s	s	0	0	136.03081988666534	s33-s80_cs-cs_o0-o0
407	between	33	80	s	s	1	1	137.00018997607833	s33-s80_cs-cs_o1-o1
408	between	33	81	h	h	0	0	121.3586295251779	s33-s81_ch-ch_o0-o0
409	between	33	81	h	h	1	1	111.47264418880874	s33-s81_ch-ch_o1-o1
410	between	33	81	k	k	0	0	124.18423547480982	s33-s81_ck-ck_o0-o0
411	between	33	81	k	k	1	1	152.02427614401293	s33-s81_ck-ck_o1-o1
412	between	33	81	s	s	0	0	147.3653143170356	s33-s81_cs-cs_o0-o0
413	between	33	81	s	s	1	1	164.92732343803956	s33-s81_cs-cs_o1-o1
414	between	33	87	h	h	0	0	124.4098142927342	s33-s87_ch-ch_o0-o0
415	between	33	87	h	h	1	1	104.08201638615354	s33-s87_ch-ch_o1-o1
416	between	33	87	k	k	0	0	132.33932375323897	s33-s87_ck-ck_o0-o0
417	between	33	87	k	k	1	1	122.50535193475275	s33-s87_ck-ck_o1-o1
418	between	33	87	s	s	0	0	163.0788193064966	s33-s87_cs-cs_o0-o0
419	between	33	87	s	s	1	1	189.64030972802536	s33-s87_cs-cs_o1-o1
420	between	33	88	h	h	0	0	133.35631854540762	s33-s88_ch-ch_o0-o0
421	between	33	88	h	h	1	1	127.4066222637888	s33-s88_ch-ch_o1-o1
422	between	33	88	k	k	0	0	157.864799311151	s33-s88_ck-ck_o0-o0
423	between	33	88	k	k	1	1	135.01629291471383	s33-s88_ck-ck_o1-o1
424	between	33	88	s	s	0	0	193.6435893159568	s33-s88_cs-cs_o0-o0
425	between	33	88	s	s	1	1	168.49699347909478	s33-s88_cs-cs_o1-o1
426	between	33	89	h	h	0	0	98.71433933588017	s33-s89_ch-ch_o0-o0
427	between	33	89	h	h	1	1	101.86223730372598	s33-s89_ch-ch_o1-o1
428	between	33	89	k	k	0	0	125.50770742240391	s33-s89_ck-ck_o0-o0
429	between	33	89	k	k	1	1	89.55254903195694	s33-s89_ck-ck_o1-o1
430	between	33	89	s	s	0	0	122.3456863577976	s33-s89_cs-cs_o0-o0
431	between	33	89	s	s	1	1	100.38836608692071	s33-s89_cs-cs_o1-o1
432	between	33	90	h	h	0	0	125.61429229201123	s33-s90_ch-ch_o0-o0
433	between	33	90	h	h	1	1	117.17788986025562	s33-s90_ch-ch_o1-o1
434	between	33	90	k	k	0	0	134.60882354731714	s33-s90_ck-ck_o0-o0
435	between	33	90	k	k	1	1	150.27234594583015	s33-s90_ck-ck_o1-o1
436	between	33	90	s	s	0	0	147.76373237623753	s33-s90_cs-cs_o0-o0
437	between	33	90	s	s	1	1	158.4449020841868	s33-s90_cs-cs_o1-o1
438	between	33	91	h	h	0	0	117.22489144819434	s33-s91_ch-ch_o0-o0
439	between	33	91	h	h	1	1	107.46178227961717	s33-s91_ch-ch_o1-o1
440	between	33	91	k	k	0	0	138.0288101657447	s33-s91_ck-ck_o0-o0
441	between	33	91	k	k	1	1	135.189217441485	s33-s91_ck-ck_o1-o1
442	between	33	91	s	s	0	0	194.73169163932468	s33-s91_cs-cs_o0-o0
443	between	33	91	s	s	1	1	186.13434417855922	s33-s91_cs-cs_o1-o1
444	between	33	92	h	h	0	0	102.77494997521751	s33-s92_ch-ch_o0-o0
445	between	33	92	h	h	1	1	98.1617262824693	s33-s92_ch-ch_o1-o1
446	between	33	92	k	k	0	0	130.21376865787335	s33-s92_ck-ck_o0-o0
447	between	33	92	k	k	1	1	119.17849224199816	s33-s92_ck-ck_o1-o1
448	between	33	92	s	s	0	0	221.50536717066856	s33-s92_cs-cs_o0-o0
449	between	33	92	s	s	1	1	120.58928298752019	s33-s92_cs-cs_o1-o1
450	between	33	94	h	h	0	0	114.13916369961896	s33-s94_ch-ch_o0-o0
451	between	33	94	h	h	1	1	117.77409180202078	s33-s94_ch-ch_o1-o1
452	between	33	94	k	k	0	0	155.37273044718012	s33-s94_ck-ck_o0-o0
453	between	33	94	k	k	1	1	135.96372937097144	s33-s94_ck-ck_o1-o1
454	between	33	94	s	s	0	0	249.78718315119414	s33-s94_cs-cs_o0-o0
455	between	33	94	s	s	1	1	218.00375848589704	s33-s94_cs-cs_o1-o1
456	between	33	95	h	h	0	0	100.643312942725	s33-s95_ch-ch_o0-o0
457	between	33	95	h	h	1	1	106.27904627211429	s33-s95_ch-ch_o1-o1
458	between	33	95	k	k	0	0	126.04401368722533	s33-s95_ck-ck_o0-o0
459	between	33	95	k	k	1	1	103.8563944852507	s33-s95_ck-ck_o1-o1
460	between	33	95	s	s	0	0	139.77512586140716	s33-s95_cs-cs_o0-o0
461	between	33	95	s	s	1	1	133.60673193009515	s33-s95_cs-cs_o1-o1
462	between	33	97	h	h	0	0	108.76835590041593	s33-s97_ch-ch_o0-o0
463	between	33	97	h	h	1	1	125.6046151050825	s33-s97_ch-ch_o1-o1
464	between	33	97	k	k	0	0	140.68801040676135	s33-s97_ck-ck_o0-o0
465	between	33	97	k	k	1	1	131.8867013372101	s33-s97_ck-ck_o1-o1
466	between	33	97	s	s	0	0	123.88675845045283	s33-s97_cs-cs_o0-o0
467	between	33	97	s	s	1	1	108.963908928916	s33-s97_cs-cs_o1-o1
468	between	33	99	h	h	0	0	103.06876106792639	s33-s99_ch-ch_o0-o0
469	between	33	99	h	h	1	1	113.00775154425811	s33-s99_ch-ch_o1-o1
470	between	33	99	k	k	0	0	121.49087921805466	s33-s99_ck-ck_o0-o0
471	between	33	99	k	k	1	1	138.71082168457585	s33-s99_ck-ck_o1-o1
472	between	33	99	s	s	0	0	120.15736246763412	s33-s99_cs-cs_o0-o0
473	between	33	99	s	s	1	1	134.73610892272114	s33-s99_cs-cs_o1-o1
474	between	34	35	h	h	0	0	119.39244656402035	s34-s35_ch-ch_o0-o0
475	between	34	35	h	h	1	1	133.0976743680602	s34-s35_ch-ch_o1-o1
476	between	34	35	k	k	0	0	133.7684120141273	s34-s35_ck-ck_o0-o0
477	between	34	35	k	k	1	1	131.3043128846459	s34-s35_ck-ck_o1-o1
478	between	34	35	s	s	0	0	135.31087202204418	s34-s35_cs-cs_o0-o0
479	between	34	35	s	s	1	1	180.7089233264176	s34-s35_cs-cs_o1-o1
480	between	34	38	h	h	0	0	118.53779081689014	s34-s38_ch-ch_o0-o0
481	between	34	38	h	h	1	1	123.40671404141783	s34-s38_ch-ch_o1-o1
482	between	34	38	k	k	0	0	138.75208646692062	s34-s38_ck-ck_o0-o0
483	between	34	38	k	k	1	1	127.64473652317118	s34-s38_ck-ck_o1-o1
484	between	34	38	s	s	0	0	139.8724593095473	s34-s38_cs-cs_o0-o0
485	between	34	38	s	s	1	1	169.75969605316868	s34-s38_cs-cs_o1-o1
486	between	34	39	h	h	0	0	116.97752128446687	s34-s39_ch-ch_o0-o0
487	between	34	39	h	h	1	1	168.55408148554943	s34-s39_ch-ch_o1-o1
488	between	34	39	k	k	0	0	142.43032152122242	s34-s39_ck-ck_o0-o0
489	between	34	39	k	k	1	1	137.58951991917644	s34-s39_ck-ck_o1-o1
490	between	34	39	s	s	0	0	174.15275197160594	s34-s39_cs-cs_o0-o0
491	between	34	39	s	s	1	1	187.09188123498427	s34-s39_cs-cs_o1-o1
492	between	34	40	h	h	0	0	121.59969907129424	s34-s40_ch-ch_o0-o0
493	between	34	40	h	h	1	1	161.49459119323458	s34-s40_ch-ch_o1-o1
494	between	34	40	k	k	0	0	134.98274678703729	s34-s40_ck-ck_o0-o0
495	between	34	40	k	k	1	1	148.46183723546218	s34-s40_ck-ck_o1-o1
496	between	34	40	s	s	0	0	163.30439002979986	s34-s40_cs-cs_o0-o0
497	between	34	40	s	s	1	1	202.77672568077284	s34-s40_cs-cs_o1-o1
498	between	34	43	h	h	0	0	152.18471530224136	s34-s43_ch-ch_o0-o0
499	between	34	43	h	h	1	1	123.55903076375283	s34-s43_ch-ch_o1-o1
500	between	34	43	k	k	0	0	168.71055914346982	s34-s43_ck-ck_o0-o0
501	between	34	43	k	k	1	1	143.57491229103886	s34-s43_ck-ck_o1-o1
502	between	34	43	s	s	0	0	141.77953261965163	s34-s43_cs-cs_o0-o0
503	between	34	43	s	s	1	1	168.09164426648871	s34-s43_cs-cs_o1-o1
504	between	34	46	h	h	0	0	123.81869334787653	s34-s46_ch-ch_o0-o0
505	between	34	46	h	h	1	1	141.71807532653938	s34-s46_ch-ch_o1-o1
506	between	34	46	k	k	0	0	145.3738847062841	s34-s46_ck-ck_o0-o0
507	between	34	46	k	k	1	1	144.08751929304975	s34-s46_ck-ck_o1-o1
508	between	34	46	s	s	0	0	176.72355739875962	s34-s46_cs-cs_o0-o0
509	between	34	46	s	s	1	1	203.573320535448	s34-s46_cs-cs_o1-o1
510	between	34	47	h	h	0	0	133.83878757646397	s34-s47_ch-ch_o0-o0
511	between	34	47	h	h	1	1	138.59823235591088	s34-s47_ch-ch_o1-o1
512	between	34	47	k	k	0	0	163.5918483340569	s34-s47_ck-ck_o0-o0
513	between	34	47	k	k	1	1	153.6940064817367	s34-s47_ck-ck_o1-o1
514	between	34	47	s	s	0	0	150.8818612136299	s34-s47_cs-cs_o0-o0
515	between	34	47	s	s	1	1	199.02894216885633	s34-s47_cs-cs_o1-o1
516	between	34	53	h	h	0	0	114.665088610482	s34-s53_ch-ch_o0-o0
517	between	34	53	h	h	1	1	139.54741258732074	s34-s53_ch-ch_o1-o1
518	between	34	53	k	k	0	0	168.66829541153655	s34-s53_ck-ck_o0-o0
519	between	34	53	k	k	1	1	156.70233188323286	s34-s53_ck-ck_o1-o1
520	between	34	53	s	s	0	0	177.2124041996215	s34-s53_cs-cs_o0-o0
521	between	34	53	s	s	1	1	193.1715284821272	s34-s53_cs-cs_o1-o1
522	between	34	57	h	h	0	0	142.59784126437376	s34-s57_ch-ch_o0-o0
523	between	34	57	h	h	1	1	166.8675703322914	s34-s57_ch-ch_o1-o1
524	between	34	57	k	k	0	0	169.70531236478757	s34-s57_ck-ck_o0-o0
525	between	34	57	k	k	1	1	171.49260498951733	s34-s57_ck-ck_o1-o1
526	between	34	57	s	s	0	0	172.21537235008654	s34-s57_cs-cs_o0-o0
527	between	34	57	s	s	1	1	193.9920759900532	s34-s57_cs-cs_o1-o1
528	between	34	58	h	h	0	0	118.754688346311	s34-s58_ch-ch_o0-o0
529	between	34	58	h	h	1	1	137.5751508903614	s34-s58_ch-ch_o1-o1
530	between	34	58	k	k	0	0	151.6274118698661	s34-s58_ck-ck_o0-o0
531	between	34	58	k	k	1	1	132.1250779259003	s34-s58_ck-ck_o1-o1
532	between	34	58	s	s	0	0	162.96468331492113	s34-s58_cs-cs_o0-o0
533	between	34	58	s	s	1	1	184.78865088505603	s34-s58_cs-cs_o1-o1
534	between	34	59	h	h	0	0	115.98089810212493	s34-s59_ch-ch_o0-o0
535	between	34	59	h	h	1	1	112.4890656038476	s34-s59_ch-ch_o1-o1
536	between	34	59	k	k	0	0	136.16944616766517	s34-s59_ck-ck_o0-o0
537	between	34	59	k	k	1	1	131.79145617781012	s34-s59_ck-ck_o1-o1
538	between	34	59	s	s	0	0	134.93013979431927	s34-s59_cs-cs_o0-o0
539	between	34	59	s	s	1	1	158.3354225674692	s34-s59_cs-cs_o1-o1
540	between	34	60	h	h	0	0	136.0642390834351	s34-s60_ch-ch_o0-o0
541	between	34	60	h	h	1	1	135.46138857523783	s34-s60_ch-ch_o1-o1
542	between	34	60	k	k	0	0	171.71324730329647	s34-s60_ck-ck_o0-o0
543	between	34	60	k	k	1	1	162.07423223693246	s34-s60_ck-ck_o1-o1
544	between	34	60	s	s	0	0	142.37170634662078	s34-s60_cs-cs_o0-o0
545	between	34	60	s	s	1	1	171.301590786196	s34-s60_cs-cs_o1-o1
546	between	34	61	h	h	0	0	138.0035529143136	s34-s61_ch-ch_o0-o0
547	between	34	61	h	h	1	1	143.4263592138851	s34-s61_ch-ch_o1-o1
548	between	34	61	k	k	0	0	173.21619192433374	s34-s61_ck-ck_o0-o0
549	between	34	61	k	k	1	1	166.94813021958612	s34-s61_ck-ck_o1-o1
550	between	34	61	s	s	0	0	166.7196328725659	s34-s61_cs-cs_o0-o0
551	between	34	61	s	s	1	1	212.01630851368873	s34-s61_cs-cs_o1-o1
552	between	34	65	h	h	0	0	132.92575377449813	s34-s65_ch-ch_o0-o0
553	between	34	65	h	h	1	1	137.60100142096917	s34-s65_ch-ch_o1-o1
554	between	34	65	k	k	0	0	150.84980964555527	s34-s65_ck-ck_o0-o0
555	between	34	65	k	k	1	1	127.21632557584708	s34-s65_ck-ck_o1-o1
556	between	34	65	s	s	0	0	176.7253304714755	s34-s65_cs-cs_o0-o0
557	between	34	65	s	s	1	1	179.01246064069375	s34-s65_cs-cs_o1-o1
558	between	34	67	h	h	0	0	110.1273064858419	s34-s67_ch-ch_o0-o0
559	between	34	67	h	h	1	1	112.60959382916184	s34-s67_ch-ch_o1-o1
560	between	34	67	k	k	0	0	129.8160669805761	s34-s67_ck-ck_o0-o0
561	between	34	67	k	k	1	1	142.51697172744767	s34-s67_ck-ck_o1-o1
562	between	34	67	s	s	0	0	157.59840487800497	s34-s67_cs-cs_o0-o0
563	between	34	67	s	s	1	1	174.90226002402298	s34-s67_cs-cs_o1-o1
564	between	34	74	h	h	0	0	143.44999976451442	s34-s74_ch-ch_o0-o0
565	between	34	74	h	h	1	1	134.14563115236177	s34-s74_ch-ch_o1-o1
566	between	34	74	k	k	0	0	158.99028745230683	s34-s74_ck-ck_o0-o0
567	between	34	74	k	k	1	1	159.6540366716403	s34-s74_ck-ck_o1-o1
568	between	34	74	s	s	0	0	206.79369000912789	s34-s74_cs-cs_o0-o0
569	between	34	74	s	s	1	1	211.71624650733241	s34-s74_cs-cs_o1-o1
570	between	34	76	h	h	0	0	154.82868485257077	s34-s76_ch-ch_o0-o0
571	between	34	76	h	h	1	1	118.64208970569936	s34-s76_ch-ch_o1-o1
572	between	34	76	k	k	0	0	150.31017237350827	s34-s76_ck-ck_o0-o0
573	between	34	76	k	k	1	1	129.59483267231232	s34-s76_ck-ck_o1-o1
574	between	34	76	s	s	0	0	154.0067256369924	s34-s76_cs-cs_o0-o0
575	between	34	76	s	s	1	1	178.58856138900427	s34-s76_cs-cs_o1-o1
576	between	34	79	h	h	0	0	123.78378045161023	s34-s79_ch-ch_o0-o0
577	between	34	79	h	h	1	1	115.97330120538466	s34-s79_ch-ch_o1-o1
578	between	34	79	k	k	0	0	132.70678438106995	s34-s79_ck-ck_o0-o0
579	between	34	79	k	k	1	1	146.45452877033952	s34-s79_ck-ck_o1-o1
580	between	34	79	s	s	0	0	142.42764066369833	s34-s79_cs-cs_o0-o0
581	between	34	79	s	s	1	1	156.72500422148696	s34-s79_cs-cs_o1-o1
582	between	34	80	h	h	0	0	141.393481715322	s34-s80_ch-ch_o0-o0
583	between	34	80	h	h	1	1	122.12885422392942	s34-s80_ch-ch_o1-o1
584	between	34	80	k	k	0	0	157.4194004330244	s34-s80_ck-ck_o0-o0
585	between	34	80	k	k	1	1	155.738390923978	s34-s80_ck-ck_o1-o1
586	between	34	80	s	s	0	0	144.0135837714711	s34-s80_cs-cs_o0-o0
587	between	34	80	s	s	1	1	172.70289372064158	s34-s80_cs-cs_o1-o1
588	between	34	81	h	h	0	0	124.88619460714133	s34-s81_ch-ch_o0-o0
589	between	34	81	h	h	1	1	123.49300886587166	s34-s81_ch-ch_o1-o1
590	between	34	81	k	k	0	0	144.63223352865992	s34-s81_ck-ck_o0-o0
591	between	34	81	k	k	1	1	186.03641359883196	s34-s81_ck-ck_o1-o1
592	between	34	81	s	s	0	0	231.84771872577386	s34-s81_cs-cs_o0-o0
593	between	34	81	s	s	1	1	246.86228867932797	s34-s81_cs-cs_o1-o1
594	between	34	87	h	h	0	0	142.7423876516102	s34-s87_ch-ch_o0-o0
595	between	34	87	h	h	1	1	151.38946864121968	s34-s87_ch-ch_o1-o1
596	between	34	87	k	k	0	0	156.928084460836	s34-s87_ck-ck_o0-o0
597	between	34	87	k	k	1	1	145.58179987244407	s34-s87_ck-ck_o1-o1
598	between	34	87	s	s	0	0	205.85524514183177	s34-s87_cs-cs_o0-o0
599	between	34	87	s	s	1	1	254.66948167647718	s34-s87_cs-cs_o1-o1
600	between	34	88	h	h	0	0	131.86329494121856	s34-s88_ch-ch_o0-o0
601	between	34	88	h	h	1	1	132.3667647599327	s34-s88_ch-ch_o1-o1
602	between	34	88	k	k	0	0	160.26853815749075	s34-s88_ck-ck_o0-o0
603	between	34	88	k	k	1	1	143.11302786450503	s34-s88_ck-ck_o1-o1
604	between	34	88	s	s	0	0	198.07970296813747	s34-s88_cs-cs_o0-o0
605	between	34	88	s	s	1	1	188.86373861795747	s34-s88_cs-cs_o1-o1
606	between	34	89	h	h	0	0	126.63032807425787	s34-s89_ch-ch_o0-o0
607	between	34	89	h	h	1	1	149.96326461041713	s34-s89_ch-ch_o1-o1
608	between	34	89	k	k	0	0	132.1137779641153	s34-s89_ck-ck_o0-o0
609	between	34	89	k	k	1	1	110.04629756416269	s34-s89_ck-ck_o1-o1
610	between	34	89	s	s	0	0	166.13635525227735	s34-s89_cs-cs_o0-o0
611	between	34	89	s	s	1	1	160.77782922426928	s34-s89_cs-cs_o1-o1
612	between	34	90	h	h	0	0	130.38313850512895	s34-s90_ch-ch_o0-o0
613	between	34	90	h	h	1	1	133.59922013275929	s34-s90_ch-ch_o1-o1
614	between	34	90	k	k	0	0	153.94125313619017	s34-s90_ck-ck_o0-o0
615	between	34	90	k	k	1	1	155.2581046291292	s34-s90_ck-ck_o1-o1
616	between	34	90	s	s	0	0	170.5990629332062	s34-s90_cs-cs_o0-o0
617	between	34	90	s	s	1	1	199.69229958836354	s34-s90_cs-cs_o1-o1
618	between	34	91	h	h	0	0	134.1738967011011	s34-s91_ch-ch_o0-o0
619	between	34	91	h	h	1	1	132.36395263270694	s34-s91_ch-ch_o1-o1
620	between	34	91	k	k	0	0	146.31385774112192	s34-s91_ck-ck_o0-o0
621	between	34	91	k	k	1	1	153.10615000355733	s34-s91_ck-ck_o1-o1
622	between	34	91	s	s	0	0	212.8993373219617	s34-s91_cs-cs_o0-o0
623	between	34	91	s	s	1	1	226.29786959160162	s34-s91_cs-cs_o1-o1
624	between	34	92	h	h	0	0	118.96610747213757	s34-s92_ch-ch_o0-o0
625	between	34	92	h	h	1	1	130.86088338686696	s34-s92_ch-ch_o1-o1
626	between	34	92	k	k	0	0	152.83979961663172	s34-s92_ck-ck_o0-o0
627	between	34	92	k	k	1	1	146.7460365360402	s34-s92_ck-ck_o1-o1
628	between	34	92	s	s	0	0	243.2948911066559	s34-s92_cs-cs_o0-o0
629	between	34	92	s	s	1	1	179.64773630521	s34-s92_cs-cs_o1-o1
630	between	34	94	h	h	0	0	131.68295858348648	s34-s94_ch-ch_o0-o0
631	between	34	94	h	h	1	1	148.92519616868867	s34-s94_ch-ch_o1-o1
632	between	34	94	k	k	0	0	164.54202291551368	s34-s94_ck-ck_o0-o0
633	between	34	94	k	k	1	1	164.37107113684664	s34-s94_ck-ck_o1-o1
634	between	34	94	s	s	0	0	294.04184347095895	s34-s94_cs-cs_o0-o0
635	between	34	94	s	s	1	1	235.37513771039312	s34-s94_cs-cs_o1-o1
636	between	34	95	h	h	0	0	119.07694694295805	s34-s95_ch-ch_o0-o0
637	between	34	95	h	h	1	1	122.94822090818633	s34-s95_ch-ch_o1-o1
638	between	34	95	k	k	0	0	151.52999187556543	s34-s95_ck-ck_o0-o0
639	between	34	95	k	k	1	1	131.21126631879645	s34-s95_ck-ck_o1-o1
640	between	34	95	s	s	0	0	157.1407601536748	s34-s95_cs-cs_o0-o0
641	between	34	95	s	s	1	1	182.6218679499773	s34-s95_cs-cs_o1-o1
642	between	34	97	h	h	0	0	119.3597483979831	s34-s97_ch-ch_o0-o0
643	between	34	97	h	h	1	1	142.46525698894905	s34-s97_ch-ch_o1-o1
644	between	34	97	k	k	0	0	150.6229570290791	s34-s97_ck-ck_o0-o0
645	between	34	97	k	k	1	1	152.0795857981974	s34-s97_ck-ck_o1-o1
646	between	34	97	s	s	0	0	143.3874993240594	s34-s97_cs-cs_o0-o0
647	between	34	97	s	s	1	1	182.09811817865722	s34-s97_cs-cs_o1-o1
648	between	34	99	h	h	0	0	116.78266656123964	s34-s99_ch-ch_o0-o0
649	between	34	99	h	h	1	1	117.53156787217681	s34-s99_ch-ch_o1-o1
650	between	34	99	k	k	0	0	146.92863749616288	s34-s99_ck-ck_o0-o0
651	between	34	99	k	k	1	1	168.47215236339858	s34-s99_ck-ck_o1-o1
652	between	34	99	s	s	0	0	155.27020225186894	s34-s99_cs-cs_o0-o0
653	between	34	99	s	s	1	1	172.60742143994455	s34-s99_cs-cs_o1-o1
654	between	35	38	h	h	0	0	109.84349431378217	s35-s38_ch-ch_o0-o0
655	between	35	38	h	h	1	1	123.09214382489623	s35-s38_ch-ch_o1-o1
656	between	35	38	k	k	0	0	127.77487313311941	s35-s38_ck-ck_o0-o0
657	between	35	38	k	k	1	1	118.51982051471845	s35-s38_ck-ck_o1-o1
658	between	35	38	s	s	0	0	124.0398102631481	s35-s38_cs-cs_o0-o0
659	between	35	38	s	s	1	1	147.0851325681376	s35-s38_cs-cs_o1-o1
660	between	35	39	h	h	0	0	104.16065639868327	s35-s39_ch-ch_o0-o0
661	between	35	39	h	h	1	1	170.33607188015054	s35-s39_ch-ch_o1-o1
662	between	35	39	k	k	0	0	132.82085598315166	s35-s39_ck-ck_o0-o0
663	between	35	39	k	k	1	1	127.95492619419494	s35-s39_ck-ck_o1-o1
664	between	35	39	s	s	0	0	132.14628785864366	s35-s39_cs-cs_o0-o0
665	between	35	39	s	s	1	1	130.59014194714155	s35-s39_cs-cs_o1-o1
666	between	35	40	h	h	0	0	103.34439921692449	s35-s40_ch-ch_o0-o0
667	between	35	40	h	h	1	1	140.32588246486836	s35-s40_ch-ch_o1-o1
668	between	35	40	k	k	0	0	105.04823786436761	s35-s40_ck-ck_o0-o0
669	between	35	40	k	k	1	1	141.38539225378105	s35-s40_ck-ck_o1-o1
670	between	35	40	s	s	0	0	122.7533346926973	s35-s40_cs-cs_o0-o0
671	between	35	40	s	s	1	1	132.68106935045972	s35-s40_cs-cs_o1-o1
672	between	35	43	h	h	0	0	141.22180255081489	s35-s43_ch-ch_o0-o0
673	between	35	43	h	h	1	1	134.02567938504373	s35-s43_ch-ch_o1-o1
674	between	35	43	k	k	0	0	154.9946004969901	s35-s43_ck-ck_o0-o0
675	between	35	43	k	k	1	1	128.36171437201043	s35-s43_ck-ck_o1-o1
676	between	35	43	s	s	0	0	123.14396806383625	s35-s43_cs-cs_o0-o0
677	between	35	43	s	s	1	1	122.43156538084385	s35-s43_cs-cs_o1-o1
678	between	35	46	h	h	0	0	124.93194793669144	s35-s46_ch-ch_o0-o0
679	between	35	46	h	h	1	1	117.02068554650788	s35-s46_ch-ch_o1-o1
680	between	35	46	k	k	0	0	105.53053504657458	s35-s46_ck-ck_o0-o0
681	between	35	46	k	k	1	1	122.74849341618793	s35-s46_ck-ck_o1-o1
682	between	35	46	s	s	0	0	152.57793960564388	s35-s46_cs-cs_o0-o0
683	between	35	46	s	s	1	1	190.82950230604132	s35-s46_cs-cs_o1-o1
684	between	35	47	h	h	0	0	111.24270705683072	s35-s47_ch-ch_o0-o0
685	between	35	47	h	h	1	1	119.3022912045255	s35-s47_ch-ch_o1-o1
686	between	35	47	k	k	0	0	125.68054347867788	s35-s47_ck-ck_o0-o0
687	between	35	47	k	k	1	1	119.23483093289578	s35-s47_ck-ck_o1-o1
688	between	35	47	s	s	0	0	114.80925886458911	s35-s47_cs-cs_o0-o0
689	between	35	47	s	s	1	1	135.20630419119126	s35-s47_cs-cs_o1-o1
690	between	35	53	h	h	0	0	101.67931178208251	s35-s53_ch-ch_o0-o0
691	between	35	53	h	h	1	1	130.90857325509003	s35-s53_ch-ch_o1-o1
692	between	35	53	k	k	0	0	127.64385495705946	s35-s53_ck-ck_o0-o0
693	between	35	53	k	k	1	1	124.07141879351701	s35-s53_ck-ck_o1-o1
694	between	35	53	s	s	0	0	145.57775961012453	s35-s53_cs-cs_o0-o0
695	between	35	53	s	s	1	1	153.08497860238242	s35-s53_cs-cs_o1-o1
696	between	35	57	h	h	0	0	119.42624402967023	s35-s57_ch-ch_o0-o0
697	between	35	57	h	h	1	1	141.8285462410015	s35-s57_ch-ch_o1-o1
698	between	35	57	k	k	0	0	155.71591564377417	s35-s57_ck-ck_o0-o0
699	between	35	57	k	k	1	1	148.40424553868826	s35-s57_ck-ck_o1-o1
700	between	35	57	s	s	0	0	141.63357520334768	s35-s57_cs-cs_o0-o0
701	between	35	57	s	s	1	1	128.2409534479435	s35-s57_cs-cs_o1-o1
702	between	35	58	h	h	0	0	106.08940760663916	s35-s58_ch-ch_o0-o0
703	between	35	58	h	h	1	1	130.44026776385053	s35-s58_ch-ch_o1-o1
704	between	35	58	k	k	0	0	133.40856201698682	s35-s58_ck-ck_o0-o0
705	between	35	58	k	k	1	1	120.333014540965	s35-s58_ck-ck_o1-o1
706	between	35	58	s	s	0	0	163.32237109656117	s35-s58_cs-cs_o0-o0
707	between	35	58	s	s	1	1	175.88188974094152	s35-s58_cs-cs_o1-o1
708	between	35	59	h	h	0	0	103.71001240016224	s35-s59_ch-ch_o0-o0
709	between	35	59	h	h	1	1	100.5691285287568	s35-s59_ch-ch_o1-o1
710	between	35	59	k	k	0	0	120.45955215161688	s35-s59_ck-ck_o0-o0
711	between	35	59	k	k	1	1	104.74140162806535	s35-s59_ck-ck_o1-o1
712	between	35	59	s	s	0	0	114.63470688917135	s35-s59_cs-cs_o0-o0
713	between	35	59	s	s	1	1	111.76659257802162	s35-s59_cs-cs_o1-o1
714	between	35	60	h	h	0	0	119.48886219745951	s35-s60_ch-ch_o0-o0
715	between	35	60	h	h	1	1	127.52605423334644	s35-s60_ch-ch_o1-o1
716	between	35	60	k	k	0	0	154.58028464366424	s35-s60_ck-ck_o0-o0
717	between	35	60	k	k	1	1	140.17645436845416	s35-s60_ck-ck_o1-o1
718	between	35	60	s	s	0	0	124.04130294034175	s35-s60_cs-cs_o0-o0
719	between	35	60	s	s	1	1	121.18088843302783	s35-s60_cs-cs_o1-o1
720	between	35	61	h	h	0	0	105.37021626078219	s35-s61_ch-ch_o0-o0
721	between	35	61	h	h	1	1	135.84373126495657	s35-s61_ch-ch_o1-o1
722	between	35	61	k	k	0	0	135.1683017510697	s35-s61_ck-ck_o0-o0
723	between	35	61	k	k	1	1	154.60652141978144	s35-s61_ck-ck_o1-o1
724	between	35	61	s	s	0	0	137.82159625744583	s35-s61_cs-cs_o0-o0
725	between	35	61	s	s	1	1	157.58330087114638	s35-s61_cs-cs_o1-o1
726	between	35	65	h	h	0	0	102.14256771550775	s35-s65_ch-ch_o0-o0
727	between	35	65	h	h	1	1	130.97520145368017	s35-s65_ch-ch_o1-o1
728	between	35	65	k	k	0	0	136.1893333241417	s35-s65_ck-ck_o0-o0
729	between	35	65	k	k	1	1	123.50316676452685	s35-s65_ck-ck_o1-o1
730	between	35	65	s	s	0	0	148.84797679075945	s35-s65_cs-cs_o0-o0
731	between	35	65	s	s	1	1	143.50730830549637	s35-s65_cs-cs_o1-o1
732	between	35	67	h	h	0	0	103.62283649949697	s35-s67_ch-ch_o0-o0
733	between	35	67	h	h	1	1	98.57790688666996	s35-s67_ch-ch_o1-o1
734	between	35	67	k	k	0	0	90.20974159295646	s35-s67_ck-ck_o0-o0
735	between	35	67	k	k	1	1	113.07896301433769	s35-s67_ck-ck_o1-o1
736	between	35	67	s	s	0	0	125.04364024285994	s35-s67_cs-cs_o0-o0
737	between	35	67	s	s	1	1	136.79726901676605	s35-s67_cs-cs_o1-o1
738	between	35	74	h	h	0	0	116.09998586920183	s35-s74_ch-ch_o0-o0
739	between	35	74	h	h	1	1	146.75344554510596	s35-s74_ch-ch_o1-o1
740	between	35	74	k	k	0	0	135.73233154402945	s35-s74_ck-ck_o0-o0
741	between	35	74	k	k	1	1	142.7315491315657	s35-s74_ck-ck_o1-o1
742	between	35	74	s	s	0	0	189.8894538759103	s35-s74_cs-cs_o0-o0
743	between	35	74	s	s	1	1	182.14835538865978	s35-s74_cs-cs_o1-o1
744	between	35	76	h	h	0	0	150.2838463105848	s35-s76_ch-ch_o0-o0
745	between	35	76	h	h	1	1	111.95986080564742	s35-s76_ch-ch_o1-o1
746	between	35	76	k	k	0	0	131.16270918868528	s35-s76_ck-ck_o0-o0
747	between	35	76	k	k	1	1	108.01224044044727	s35-s76_ck-ck_o1-o1
748	between	35	76	s	s	0	0	126.67357622181423	s35-s76_cs-cs_o0-o0
749	between	35	76	s	s	1	1	128.15785818680163	s35-s76_cs-cs_o1-o1
750	between	35	79	h	h	0	0	117.62516586507412	s35-s79_ch-ch_o0-o0
751	between	35	79	h	h	1	1	123.26824240345776	s35-s79_ch-ch_o1-o1
752	between	35	79	k	k	0	0	133.10779490170796	s35-s79_ck-ck_o0-o0
753	between	35	79	k	k	1	1	141.8510820334504	s35-s79_ck-ck_o1-o1
754	between	35	79	s	s	0	0	147.1462448315519	s35-s79_cs-cs_o0-o0
755	between	35	79	s	s	1	1	133.1898648850259	s35-s79_cs-cs_o1-o1
756	between	35	80	h	h	0	0	127.41384968722586	s35-s80_ch-ch_o0-o0
757	between	35	80	h	h	1	1	117.81509557672099	s35-s80_ch-ch_o1-o1
758	between	35	80	k	k	0	0	147.2108179806155	s35-s80_ck-ck_o0-o0
759	between	35	80	k	k	1	1	152.71793167077914	s35-s80_ck-ck_o1-o1
760	between	35	80	s	s	0	0	134.98271056201472	s35-s80_cs-cs_o0-o0
761	between	35	80	s	s	1	1	130.6832580390664	s35-s80_cs-cs_o1-o1
762	between	35	81	h	h	0	0	120.31163818236361	s35-s81_ch-ch_o0-o0
763	between	35	81	h	h	1	1	111.66183859978877	s35-s81_ch-ch_o1-o1
764	between	35	81	k	k	0	0	108.32542438826431	s35-s81_ck-ck_o0-o0
765	between	35	81	k	k	1	1	143.66592605973142	s35-s81_ck-ck_o1-o1
766	between	35	81	s	s	0	0	161.78259260017538	s35-s81_cs-cs_o0-o0
767	between	35	81	s	s	1	1	193.78453843804095	s35-s81_cs-cs_o1-o1
768	between	35	87	h	h	0	0	131.31293096198436	s35-s87_ch-ch_o0-o0
769	between	35	87	h	h	1	1	118.99711812830982	s35-s87_ch-ch_o1-o1
770	between	35	87	k	k	0	0	117.70170875365113	s35-s87_ck-ck_o0-o0
771	between	35	87	k	k	1	1	113.49089205962468	s35-s87_ck-ck_o1-o1
772	between	35	87	s	s	0	0	165.8512395900106	s35-s87_cs-cs_o0-o0
773	between	35	87	s	s	1	1	195.23161346832373	s35-s87_cs-cs_o1-o1
774	between	35	88	h	h	0	0	133.8511142517925	s35-s88_ch-ch_o0-o0
775	between	35	88	h	h	1	1	145.14749590673964	s35-s88_ch-ch_o1-o1
776	between	35	88	k	k	0	0	176.57059336243321	s35-s88_ck-ck_o0-o0
777	between	35	88	k	k	1	1	143.6074065694226	s35-s88_ck-ck_o1-o1
778	between	35	88	s	s	0	0	188.9205268394673	s35-s88_cs-cs_o0-o0
779	between	35	88	s	s	1	1	169.7337578295757	s35-s88_cs-cs_o1-o1
780	between	35	89	h	h	0	0	107.01515486439888	s35-s89_ch-ch_o0-o0
781	between	35	89	h	h	1	1	122.34454269179682	s35-s89_ch-ch_o1-o1
782	between	35	89	k	k	0	0	108.66820089790787	s35-s89_ck-ck_o0-o0
783	between	35	89	k	k	1	1	101.70185132394545	s35-s89_ck-ck_o1-o1
784	between	35	89	s	s	0	0	115.06503148318927	s35-s89_cs-cs_o0-o0
785	between	35	89	s	s	1	1	86.34432791240411	s35-s89_cs-cs_o1-o1
786	between	35	90	h	h	0	0	128.80435863197891	s35-s90_ch-ch_o0-o0
787	between	35	90	h	h	1	1	120.63576812905691	s35-s90_ch-ch_o1-o1
788	between	35	90	k	k	0	0	143.197778135068	s35-s90_ck-ck_o0-o0
789	between	35	90	k	k	1	1	152.13830019942768	s35-s90_ck-ck_o1-o1
790	between	35	90	s	s	0	0	143.46591751147238	s35-s90_cs-cs_o0-o0
791	between	35	90	s	s	1	1	156.98307591972448	s35-s90_cs-cs_o1-o1
792	between	35	91	h	h	0	0	115.55125114385771	s35-s91_ch-ch_o0-o0
793	between	35	91	h	h	1	1	120.94640401947808	s35-s91_ch-ch_o1-o1
794	between	35	91	k	k	0	0	128.45291767474475	s35-s91_ck-ck_o0-o0
795	between	35	91	k	k	1	1	126.93937863173237	s35-s91_ck-ck_o1-o1
796	between	35	91	s	s	0	0	197.44285591799536	s35-s91_cs-cs_o0-o0
797	between	35	91	s	s	1	1	212.34974989943348	s35-s91_cs-cs_o1-o1
798	between	35	92	h	h	0	0	103.55932582303218	s35-s92_ch-ch_o0-o0
799	between	35	92	h	h	1	1	91.559791432805	s35-s92_ch-ch_o1-o1
800	between	35	92	k	k	0	0	116.2510774918309	s35-s92_ck-ck_o0-o0
801	between	35	92	k	k	1	1	111.32104998594777	s35-s92_ck-ck_o1-o1
802	between	35	92	s	s	0	0	219.84983609904873	s35-s92_cs-cs_o0-o0
803	between	35	92	s	s	1	1	114.2760246539413	s35-s92_cs-cs_o1-o1
804	between	35	94	h	h	0	0	120.00542361832326	s35-s94_ch-ch_o0-o0
805	between	35	94	h	h	1	1	127.94334943493712	s35-s94_ch-ch_o1-o1
806	between	35	94	k	k	0	0	134.4257544477703	s35-s94_ck-ck_o0-o0
807	between	35	94	k	k	1	1	127.9779506965481	s35-s94_ck-ck_o1-o1
808	between	35	94	s	s	0	0	258.16998933796134	s35-s94_cs-cs_o0-o0
809	between	35	94	s	s	1	1	214.81707682188502	s35-s94_cs-cs_o1-o1
810	between	35	95	h	h	0	0	105.83157790264787	s35-s95_ch-ch_o0-o0
811	between	35	95	h	h	1	1	126.14486733186122	s35-s95_ch-ch_o1-o1
812	between	35	95	k	k	0	0	120.60924718694721	s35-s95_ck-ck_o0-o0
813	between	35	95	k	k	1	1	105.92234839761828	s35-s95_ck-ck_o1-o1
814	between	35	95	s	s	0	0	134.88860764600759	s35-s95_cs-cs_o0-o0
815	between	35	95	s	s	1	1	146.69064419905746	s35-s95_cs-cs_o1-o1
816	between	35	97	h	h	0	0	105.64722295084263	s35-s97_ch-ch_o0-o0
817	between	35	97	h	h	1	1	110.50650009803738	s35-s97_ch-ch_o1-o1
818	between	35	97	k	k	0	0	104.85681157720573	s35-s97_ck-ck_o0-o0
819	between	35	97	k	k	1	1	115.45646698448425	s35-s97_ck-ck_o1-o1
820	between	35	97	s	s	0	0	110.83098026166164	s35-s97_cs-cs_o0-o0
821	between	35	97	s	s	1	1	109.6938295207413	s35-s97_cs-cs_o1-o1
822	between	35	99	h	h	0	0	113.7709645953206	s35-s99_ch-ch_o0-o0
823	between	35	99	h	h	1	1	114.86830634728346	s35-s99_ch-ch_o1-o1
824	between	35	99	k	k	0	0	114.87657932209821	s35-s99_ck-ck_o0-o0
825	between	35	99	k	k	1	1	151.67723465545083	s35-s99_ck-ck_o1-o1
826	between	35	99	s	s	0	0	125.80070951896438	s35-s99_cs-cs_o0-o0
827	between	35	99	s	s	1	1	138.06414227978647	s35-s99_cs-cs_o1-o1
828	between	38	39	h	h	0	0	87.31283725258734	s38-s39_ch-ch_o0-o0
829	between	38	39	h	h	1	1	132.96334076423219	s38-s39_ch-ch_o1-o1
830	between	38	39	k	k	0	0	106.67560394533415	s38-s39_ck-ck_o0-o0
831	between	38	39	k	k	1	1	111.4577822795294	s38-s39_ck-ck_o1-o1
832	between	38	39	s	s	0	0	146.4512243452063	s38-s39_cs-cs_o0-o0
833	between	38	39	s	s	1	1	123.2305274320401	s38-s39_cs-cs_o1-o1
834	between	38	40	h	h	0	0	97.30478528741361	s38-s40_ch-ch_o0-o0
835	between	38	40	h	h	1	1	135.13292324273138	s38-s40_ch-ch_o1-o1
836	between	38	40	k	k	0	0	91.6913612059326	s38-s40_ck-ck_o0-o0
837	between	38	40	k	k	1	1	126.28400485050754	s38-s40_ck-ck_o1-o1
838	between	38	40	s	s	0	0	135.52423332155772	s38-s40_cs-cs_o0-o0
839	between	38	40	s	s	1	1	136.3985225883144	s38-s40_cs-cs_o1-o1
840	between	38	43	h	h	0	0	136.38192956999274	s38-s43_ch-ch_o0-o0
841	between	38	43	h	h	1	1	103.49122760065987	s38-s43_ch-ch_o1-o1
842	between	38	43	k	k	0	0	133.01300375207344	s38-s43_ck-ck_o0-o0
843	between	38	43	k	k	1	1	135.94636855742465	s38-s43_ck-ck_o1-o1
844	between	38	43	s	s	0	0	126.6127945769629	s38-s43_cs-cs_o0-o0
845	between	38	43	s	s	1	1	110.26468524971438	s38-s43_cs-cs_o1-o1
846	between	38	46	h	h	0	0	116.7197614601005	s38-s46_ch-ch_o0-o0
847	between	38	46	h	h	1	1	123.72933518952685	s38-s46_ch-ch_o1-o1
848	between	38	46	k	k	0	0	138.39602524341055	s38-s46_ck-ck_o0-o0
849	between	38	46	k	k	1	1	138.18973632363904	s38-s46_ck-ck_o1-o1
850	between	38	46	s	s	0	0	166.66762777980188	s38-s46_cs-cs_o0-o0
851	between	38	46	s	s	1	1	157.99016592465523	s38-s46_cs-cs_o1-o1
852	between	38	47	h	h	0	0	115.56289040900005	s38-s47_ch-ch_o0-o0
853	between	38	47	h	h	1	1	118.71663479572834	s38-s47_ch-ch_o1-o1
854	between	38	47	k	k	0	0	111.61338830856849	s38-s47_ck-ck_o0-o0
855	between	38	47	k	k	1	1	126.68941764992383	s38-s47_ck-ck_o1-o1
856	between	38	47	s	s	0	0	143.5719012651632	s38-s47_cs-cs_o0-o0
857	between	38	47	s	s	1	1	137.29545279992868	s38-s47_cs-cs_o1-o1
858	between	38	53	h	h	0	0	90.6682456500233	s38-s53_ch-ch_o0-o0
859	between	38	53	h	h	1	1	101.94884196574594	s38-s53_ch-ch_o1-o1
860	between	38	53	k	k	0	0	110.8809610061988	s38-s53_ck-ck_o0-o0
861	between	38	53	k	k	1	1	128.37827747441193	s38-s53_ck-ck_o1-o1
862	between	38	53	s	s	0	0	167.90798466637148	s38-s53_cs-cs_o0-o0
863	between	38	53	s	s	1	1	118.51444446107264	s38-s53_cs-cs_o1-o1
864	between	38	57	h	h	0	0	116.30665661003528	s38-s57_ch-ch_o0-o0
865	between	38	57	h	h	1	1	134.05371747079593	s38-s57_ch-ch_o1-o1
866	between	38	57	k	k	0	0	122.92767091277781	s38-s57_ck-ck_o0-o0
867	between	38	57	k	k	1	1	177.1921389005878	s38-s57_ck-ck_o1-o1
868	between	38	57	s	s	0	0	166.25785434072588	s38-s57_cs-cs_o0-o0
869	between	38	57	s	s	1	1	143.86621669376385	s38-s57_cs-cs_o1-o1
870	between	38	58	h	h	0	0	112.93953491593187	s38-s58_ch-ch_o0-o0
871	between	38	58	h	h	1	1	97.77784130850254	s38-s58_ch-ch_o1-o1
872	between	38	58	k	k	0	0	103.8009638156961	s38-s58_ck-ck_o0-o0
873	between	38	58	k	k	1	1	134.17193717380962	s38-s58_ck-ck_o1-o1
874	between	38	58	s	s	0	0	166.25517218642747	s38-s58_cs-cs_o0-o0
875	between	38	58	s	s	1	1	155.69574909144714	s38-s58_cs-cs_o1-o1
876	between	38	59	h	h	0	0	95.94580125445694	s38-s59_ch-ch_o0-o0
877	between	38	59	h	h	1	1	89.73945171538082	s38-s59_ch-ch_o1-o1
878	between	38	59	k	k	0	0	84.37155258376771	s38-s59_ck-ck_o0-o0
879	between	38	59	k	k	1	1	104.91072771272373	s38-s59_ck-ck_o1-o1
880	between	38	59	s	s	0	0	115.41335884828698	s38-s59_cs-cs_o0-o0
881	between	38	59	s	s	1	1	113.11629934781837	s38-s59_cs-cs_o1-o1
882	between	38	60	h	h	0	0	94.50957703762461	s38-s60_ch-ch_o0-o0
883	between	38	60	h	h	1	1	116.01432298236557	s38-s60_ch-ch_o1-o1
884	between	38	60	k	k	0	0	130.79111633114442	s38-s60_ck-ck_o0-o0
885	between	38	60	k	k	1	1	145.26848876196522	s38-s60_ck-ck_o1-o1
886	between	38	60	s	s	0	0	148.12461590298065	s38-s60_cs-cs_o0-o0
887	between	38	60	s	s	1	1	120.8845054826689	s38-s60_cs-cs_o1-o1
888	between	38	61	h	h	0	0	108.91818872807353	s38-s61_ch-ch_o0-o0
889	between	38	61	h	h	1	1	108.03972788555929	s38-s61_ch-ch_o1-o1
890	between	38	61	k	k	0	0	115.24932651193696	s38-s61_ck-ck_o0-o0
891	between	38	61	k	k	1	1	144.45199539285383	s38-s61_ck-ck_o1-o1
892	between	38	61	s	s	0	0	150.75550297247548	s38-s61_cs-cs_o0-o0
893	between	38	61	s	s	1	1	146.5119970435384	s38-s61_cs-cs_o1-o1
894	between	38	65	h	h	0	0	90.32203594330961	s38-s65_ch-ch_o0-o0
895	between	38	65	h	h	1	1	101.11774135282107	s38-s65_ch-ch_o1-o1
896	between	38	65	k	k	0	0	102.13376069634748	s38-s65_ck-ck_o0-o0
897	between	38	65	k	k	1	1	113.09995370659358	s38-s65_ck-ck_o1-o1
898	between	38	65	s	s	0	0	161.07013824376818	s38-s65_cs-cs_o0-o0
899	between	38	65	s	s	1	1	121.1566050782127	s38-s65_cs-cs_o1-o1
900	between	38	67	h	h	0	0	110.9721376476421	s38-s67_ch-ch_o0-o0
901	between	38	67	h	h	1	1	118.80624760564267	s38-s67_ch-ch_o1-o1
902	between	38	67	k	k	0	0	106.75826080762552	s38-s67_ck-ck_o0-o0
903	between	38	67	k	k	1	1	113.81014727371416	s38-s67_ck-ck_o1-o1
904	between	38	67	s	s	0	0	153.16681435367292	s38-s67_cs-cs_o0-o0
905	between	38	67	s	s	1	1	128.9193232856375	s38-s67_cs-cs_o1-o1
906	between	38	74	h	h	0	0	112.37825073098573	s38-s74_ch-ch_o0-o0
907	between	38	74	h	h	1	1	125.27326654838939	s38-s74_ch-ch_o1-o1
908	between	38	74	k	k	0	0	131.6124473514509	s38-s74_ck-ck_o0-o0
909	between	38	74	k	k	1	1	144.4303034133193	s38-s74_ck-ck_o1-o1
910	between	38	74	s	s	0	0	179.09158951458522	s38-s74_cs-cs_o0-o0
911	between	38	74	s	s	1	1	144.56093317455867	s38-s74_cs-cs_o1-o1
912	between	38	76	h	h	0	0	147.7798410839973	s38-s76_ch-ch_o0-o0
913	between	38	76	h	h	1	1	97.30583133480623	s38-s76_ch-ch_o1-o1
914	between	38	76	k	k	0	0	115.00411848327153	s38-s76_ck-ck_o0-o0
915	between	38	76	k	k	1	1	122.14076111383805	s38-s76_ck-ck_o1-o1
916	between	38	76	s	s	0	0	142.86190188128762	s38-s76_cs-cs_o0-o0
917	between	38	76	s	s	1	1	138.9630228117444	s38-s76_cs-cs_o1-o1
918	between	38	79	h	h	0	0	105.8494676705791	s38-s79_ch-ch_o0-o0
919	between	38	79	h	h	1	1	107.4388610533458	s38-s79_ch-ch_o1-o1
920	between	38	79	k	k	0	0	109.44409674716388	s38-s79_ck-ck_o0-o0
921	between	38	79	k	k	1	1	129.86355080007235	s38-s79_ck-ck_o1-o1
922	between	38	79	s	s	0	0	140.59800187266697	s38-s79_cs-cs_o0-o0
923	between	38	79	s	s	1	1	115.08228660773902	s38-s79_cs-cs_o1-o1
924	between	38	80	h	h	0	0	119.51559435528466	s38-s80_ch-ch_o0-o0
925	between	38	80	h	h	1	1	124.13793155259737	s38-s80_ch-ch_o1-o1
926	between	38	80	k	k	0	0	139.767063161017	s38-s80_ck-ck_o0-o0
927	between	38	80	k	k	1	1	167.44017294824695	s38-s80_ck-ck_o1-o1
928	between	38	80	s	s	0	0	140.6050610018091	s38-s80_cs-cs_o0-o0
929	between	38	80	s	s	1	1	134.45595940206778	s38-s80_cs-cs_o1-o1
930	between	38	81	h	h	0	0	113.49370699195093	s38-s81_ch-ch_o0-o0
931	between	38	81	h	h	1	1	125.14658546233512	s38-s81_ch-ch_o1-o1
932	between	38	81	k	k	0	0	134.71445276496058	s38-s81_ck-ck_o0-o0
933	between	38	81	k	k	1	1	161.89482800387148	s38-s81_ck-ck_o1-o1
934	between	38	81	s	s	0	0	214.19851259860422	s38-s81_cs-cs_o0-o0
935	between	38	81	s	s	1	1	168.1134275097614	s38-s81_cs-cs_o1-o1
936	between	38	87	h	h	0	0	135.12748205275213	s38-s87_ch-ch_o0-o0
937	between	38	87	h	h	1	1	121.02661406660509	s38-s87_ch-ch_o1-o1
938	between	38	87	k	k	0	0	125.07611226738666	s38-s87_ck-ck_o0-o0
939	between	38	87	k	k	1	1	112.25726296010738	s38-s87_ck-ck_o1-o1
940	between	38	87	s	s	0	0	213.30509326801092	s38-s87_cs-cs_o0-o0
941	between	38	87	s	s	1	1	214.45449832107587	s38-s87_cs-cs_o1-o1
942	between	38	88	h	h	0	0	121.34096735339077	s38-s88_ch-ch_o0-o0
943	between	38	88	h	h	1	1	108.97192901906676	s38-s88_ch-ch_o1-o1
944	between	38	88	k	k	0	0	130.16808731743438	s38-s88_ck-ck_o0-o0
945	between	38	88	k	k	1	1	132.11652021797477	s38-s88_ck-ck_o1-o1
946	between	38	88	s	s	0	0	184.745701524094	s38-s88_cs-cs_o0-o0
947	between	38	88	s	s	1	1	166.07406553268444	s38-s88_cs-cs_o1-o1
948	between	38	89	h	h	0	0	97.96609781894784	s38-s89_ch-ch_o0-o0
949	between	38	89	h	h	1	1	116.16556355843616	s38-s89_ch-ch_o1-o1
950	between	38	89	k	k	0	0	84.06001396380682	s38-s89_ck-ck_o0-o0
951	between	38	89	k	k	1	1	96.10375029392402	s38-s89_ck-ck_o1-o1
952	between	38	89	s	s	0	0	151.18971458510836	s38-s89_cs-cs_o0-o0
953	between	38	89	s	s	1	1	116.14136192857676	s38-s89_cs-cs_o1-o1
954	between	38	90	h	h	0	0	118.24089345548765	s38-s90_ch-ch_o0-o0
955	between	38	90	h	h	1	1	112.84621011247914	s38-s90_ch-ch_o1-o1
956	between	38	90	k	k	0	0	137.15236265605208	s38-s90_ck-ck_o0-o0
957	between	38	90	k	k	1	1	165.94006770738557	s38-s90_ck-ck_o1-o1
958	between	38	90	s	s	0	0	161.3889819566353	s38-s90_cs-cs_o0-o0
959	between	38	90	s	s	1	1	175.58903901058648	s38-s90_cs-cs_o1-o1
960	between	38	91	h	h	0	0	101.36084639663245	s38-s91_ch-ch_o0-o0
961	between	38	91	h	h	1	1	102.41551362202061	s38-s91_ch-ch_o1-o1
962	between	38	91	k	k	0	0	88.97088697728701	s38-s91_ck-ck_o0-o0
963	between	38	91	k	k	1	1	115.41276082428892	s38-s91_ck-ck_o1-o1
964	between	38	91	s	s	0	0	204.39144792940036	s38-s91_cs-cs_o0-o0
965	between	38	91	s	s	1	1	189.10525215173777	s38-s91_cs-cs_o1-o1
966	between	38	92	h	h	0	0	119.87716381873301	s38-s92_ch-ch_o0-o0
967	between	38	92	h	h	1	1	115.45613306596037	s38-s92_ch-ch_o1-o1
968	between	38	92	k	k	0	0	126.39094364234518	s38-s92_ck-ck_o0-o0
969	between	38	92	k	k	1	1	124.09162828643552	s38-s92_ck-ck_o1-o1
970	between	38	92	s	s	0	0	236.86503030091015	s38-s92_cs-cs_o0-o0
971	between	38	92	s	s	1	1	136.99326076258515	s38-s92_cs-cs_o1-o1
972	between	38	94	h	h	0	0	111.57544764839248	s38-s94_ch-ch_o0-o0
973	between	38	94	h	h	1	1	132.6207603819073	s38-s94_ch-ch_o1-o1
974	between	38	94	k	k	0	0	114.57618584223334	s38-s94_ck-ck_o0-o0
975	between	38	94	k	k	1	1	114.96839967560763	s38-s94_ck-ck_o1-o1
976	between	38	94	s	s	0	0	296.17456365286546	s38-s94_cs-cs_o0-o0
977	between	38	94	s	s	1	1	215.11380843223768	s38-s94_cs-cs_o1-o1
978	between	38	95	h	h	0	0	89.18718558245848	s38-s95_ch-ch_o0-o0
979	between	38	95	h	h	1	1	86.3671360015296	s38-s95_ch-ch_o1-o1
980	between	38	95	k	k	0	0	78.3813668861222	s38-s95_ck-ck_o0-o0
981	between	38	95	k	k	1	1	108.77574950452274	s38-s95_ck-ck_o1-o1
982	between	38	95	s	s	0	0	145.2020860235019	s38-s95_cs-cs_o0-o0
983	between	38	95	s	s	1	1	117.68616059003624	s38-s95_cs-cs_o1-o1
984	between	38	97	h	h	0	0	125.65357488824408	s38-s97_ch-ch_o0-o0
985	between	38	97	h	h	1	1	136.92749898836485	s38-s97_ch-ch_o1-o1
986	between	38	97	k	k	0	0	124.66045277802135	s38-s97_ck-ck_o0-o0
987	between	38	97	k	k	1	1	136.66125592193924	s38-s97_ck-ck_o1-o1
988	between	38	97	s	s	0	0	132.49634411252092	s38-s97_cs-cs_o0-o0
989	between	38	97	s	s	1	1	123.87299749696709	s38-s97_cs-cs_o1-o1
990	between	38	99	h	h	0	0	101.0556624261125	s38-s99_ch-ch_o0-o0
991	between	38	99	h	h	1	1	108.61001681579035	s38-s99_ch-ch_o1-o1
992	between	38	99	k	k	0	0	101.81479348640485	s38-s99_ck-ck_o0-o0
993	between	38	99	k	k	1	1	157.3085156431805	s38-s99_ck-ck_o1-o1
994	between	38	99	s	s	0	0	152.0695890846801	s38-s99_cs-cs_o0-o0
995	between	38	99	s	s	1	1	122.18519729336896	s38-s99_cs-cs_o1-o1
996	between	39	40	h	h	0	0	70.81440428595624	s39-s40_ch-ch_o0-o0
997	between	39	40	h	h	1	1	156.07315440177683	s39-s40_ch-ch_o1-o1
998	between	39	40	k	k	0	0	98.38290592453139	s39-s40_ck-ck_o0-o0
999	between	39	40	k	k	1	1	124.9844785700002	s39-s40_ck-ck_o1-o1
1000	between	39	40	s	s	0	0	115.55934792000009	s39-s40_cs-cs_o0-o0
1001	between	39	40	s	s	1	1	131.66877870613723	s39-s40_cs-cs_o1-o1
1002	between	39	43	h	h	0	0	132.3320330024936	s39-s43_ch-ch_o0-o0
1003	between	39	43	h	h	1	1	140.00939069667717	s39-s43_ch-ch_o1-o1
1004	between	39	43	k	k	0	0	133.78972101178985	s39-s43_ck-ck_o0-o0
1005	between	39	43	k	k	1	1	129.00058970263052	s39-s43_ck-ck_o1-o1
1006	between	39	43	s	s	0	0	128.28557505614526	s39-s43_cs-cs_o0-o0
1007	between	39	43	s	s	1	1	108.09725262149641	s39-s43_cs-cs_o1-o1
1008	between	39	46	h	h	0	0	122.64620616540651	s39-s46_ch-ch_o0-o0
1009	between	39	46	h	h	1	1	165.03947146605546	s39-s46_ch-ch_o1-o1
1010	between	39	46	k	k	0	0	136.1090632224519	s39-s46_ck-ck_o0-o0
1011	between	39	46	k	k	1	1	144.08807161981292	s39-s46_ck-ck_o1-o1
1012	between	39	46	s	s	0	0	169.18799600119823	s39-s46_cs-cs_o0-o0
1013	between	39	46	s	s	1	1	168.09106766141437	s39-s46_cs-cs_o1-o1
1014	between	39	47	h	h	0	0	85.8796053108906	s39-s47_ch-ch_o0-o0
1015	between	39	47	h	h	1	1	164.04472319243905	s39-s47_ch-ch_o1-o1
1016	between	39	47	k	k	0	0	126.96799989196819	s39-s47_ck-ck_o0-o0
1017	between	39	47	k	k	1	1	137.33401012246213	s39-s47_ck-ck_o1-o1
1018	between	39	47	s	s	0	0	143.16853232669757	s39-s47_cs-cs_o0-o0
1019	between	39	47	s	s	1	1	140.91970863312696	s39-s47_cs-cs_o1-o1
1020	between	39	53	h	h	0	0	79.6171564269429	s39-s53_ch-ch_o0-o0
1021	between	39	53	h	h	1	1	157.04843166697668	s39-s53_ch-ch_o1-o1
1022	between	39	53	k	k	0	0	123.78872454917155	s39-s53_ck-ck_o0-o0
1023	between	39	53	k	k	1	1	133.26319288916733	s39-s53_ck-ck_o1-o1
1024	between	39	53	s	s	0	0	131.89790679875497	s39-s53_cs-cs_o0-o0
1025	between	39	53	s	s	1	1	136.10866939720793	s39-s53_cs-cs_o1-o1
1026	between	39	57	h	h	0	0	107.52358232102986	s39-s57_ch-ch_o0-o0
1027	between	39	57	h	h	1	1	169.06927673042867	s39-s57_ch-ch_o1-o1
1028	between	39	57	k	k	0	0	137.57443205899955	s39-s57_ck-ck_o0-o0
1029	between	39	57	k	k	1	1	170.93890155349067	s39-s57_ck-ck_o1-o1
1030	between	39	57	s	s	0	0	169.56166004473147	s39-s57_cs-cs_o0-o0
1031	between	39	57	s	s	1	1	134.61740283067678	s39-s57_cs-cs_o1-o1
1032	between	39	58	h	h	0	0	99.4238712518219	s39-s58_ch-ch_o0-o0
1033	between	39	58	h	h	1	1	145.7704292651372	s39-s58_ch-ch_o1-o1
1034	between	39	58	k	k	0	0	111.47719563058347	s39-s58_ck-ck_o0-o0
1035	between	39	58	k	k	1	1	138.0023696133704	s39-s58_ck-ck_o1-o1
1036	between	39	58	s	s	0	0	176.6733842075705	s39-s58_cs-cs_o0-o0
1037	between	39	58	s	s	1	1	165.94028775975124	s39-s58_cs-cs_o1-o1
1038	between	39	59	h	h	0	0	79.54147476599185	s39-s59_ch-ch_o0-o0
1039	between	39	59	h	h	1	1	133.0646525906432	s39-s59_ch-ch_o1-o1
1040	between	39	59	k	k	0	0	97.75268904507939	s39-s59_ck-ck_o0-o0
1041	between	39	59	k	k	1	1	107.25470211566306	s39-s59_ck-ck_o1-o1
1042	between	39	59	s	s	0	0	110.33766446994925	s39-s59_cs-cs_o0-o0
1043	between	39	59	s	s	1	1	102.18741107640251	s39-s59_cs-cs_o1-o1
1044	between	39	60	h	h	0	0	90.52948053942386	s39-s60_ch-ch_o0-o0
1045	between	39	60	h	h	1	1	140.19607909659052	s39-s60_ch-ch_o1-o1
1046	between	39	60	k	k	0	0	139.9264840852437	s39-s60_ck-ck_o0-o0
1047	between	39	60	k	k	1	1	135.6017050097496	s39-s60_ck-ck_o1-o1
1048	between	39	60	s	s	0	0	140.36456028586426	s39-s60_cs-cs_o0-o0
1049	between	39	60	s	s	1	1	112.75972529284444	s39-s60_cs-cs_o1-o1
1050	between	39	61	h	h	0	0	89.0991803362294	s39-s61_ch-ch_o0-o0
1051	between	39	61	h	h	1	1	156.95206719975468	s39-s61_ch-ch_o1-o1
1052	between	39	61	k	k	0	0	127.29063990536021	s39-s61_ck-ck_o0-o0
1053	between	39	61	k	k	1	1	144.7717340431197	s39-s61_ck-ck_o1-o1
1054	between	39	61	s	s	0	0	137.52721203360383	s39-s61_cs-cs_o0-o0
1055	between	39	61	s	s	1	1	145.38328261331137	s39-s61_cs-cs_o1-o1
1056	between	39	65	h	h	0	0	85.45703291537976	s39-s65_ch-ch_o0-o0
1057	between	39	65	h	h	1	1	143.85893033483612	s39-s65_ch-ch_o1-o1
1058	between	39	65	k	k	0	0	106.92094114481513	s39-s65_ck-ck_o0-o0
1059	between	39	65	k	k	1	1	105.623978404587	s39-s65_ck-ck_o1-o1
1060	between	39	65	s	s	0	0	115.53588240684869	s39-s65_cs-cs_o0-o0
1061	between	39	65	s	s	1	1	116.9334284020402	s39-s65_cs-cs_o1-o1
1062	between	39	67	h	h	0	0	93.13662477497043	s39-s67_ch-ch_o0-o0
1063	between	39	67	h	h	1	1	158.71519353530303	s39-s67_ch-ch_o1-o1
1064	between	39	67	k	k	0	0	110.43540824882709	s39-s67_ck-ck_o0-o0
1065	between	39	67	k	k	1	1	118.45585523039658	s39-s67_ck-ck_o1-o1
1066	between	39	67	s	s	0	0	168.25823478104493	s39-s67_cs-cs_o0-o0
1067	between	39	67	s	s	1	1	131.10710470647788	s39-s67_cs-cs_o1-o1
1068	between	39	74	h	h	0	0	111.08846455551584	s39-s74_ch-ch_o0-o0
1069	between	39	74	h	h	1	1	164.68601106345253	s39-s74_ch-ch_o1-o1
1070	between	39	74	k	k	0	0	125.13790272801488	s39-s74_ck-ck_o0-o0
1071	between	39	74	k	k	1	1	152.53999340954508	s39-s74_ck-ck_o1-o1
1072	between	39	74	s	s	0	0	165.4456353273469	s39-s74_cs-cs_o0-o0
1073	between	39	74	s	s	1	1	172.55366699760177	s39-s74_cs-cs_o1-o1
1074	between	39	76	h	h	0	0	140.8857487546685	s39-s76_ch-ch_o0-o0
1075	between	39	76	h	h	1	1	133.12078539806762	s39-s76_ch-ch_o1-o1
1076	between	39	76	k	k	0	0	108.50813333795908	s39-s76_ck-ck_o0-o0
1077	between	39	76	k	k	1	1	123.87625707793832	s39-s76_ck-ck_o1-o1
1078	between	39	76	s	s	0	0	129.64360001406604	s39-s76_cs-cs_o0-o0
1079	between	39	76	s	s	1	1	131.38987330980444	s39-s76_cs-cs_o1-o1
1080	between	39	79	h	h	0	0	99.39533614991043	s39-s79_ch-ch_o0-o0
1081	between	39	79	h	h	1	1	144.83766896058012	s39-s79_ch-ch_o1-o1
1082	between	39	79	k	k	0	0	121.67873664014718	s39-s79_ck-ck_o0-o0
1083	between	39	79	k	k	1	1	142.04321122084806	s39-s79_ck-ck_o1-o1
1084	between	39	79	s	s	0	0	140.5253014773446	s39-s79_cs-cs_o0-o0
1085	between	39	79	s	s	1	1	122.37597718486306	s39-s79_cs-cs_o1-o1
1086	between	39	80	h	h	0	0	134.68825439427377	s39-s80_ch-ch_o0-o0
1087	between	39	80	h	h	1	1	168.89110860281173	s39-s80_ch-ch_o1-o1
1088	between	39	80	k	k	0	0	149.13090196917935	s39-s80_ck-ck_o0-o0
1089	between	39	80	k	k	1	1	169.88023980275747	s39-s80_ck-ck_o1-o1
1090	between	39	80	s	s	0	0	145.9440495344994	s39-s80_cs-cs_o0-o0
1091	between	39	80	s	s	1	1	143.7959530045011	s39-s80_cs-cs_o1-o1
1092	between	39	81	h	h	0	0	109.21221587766063	s39-s81_ch-ch_o0-o0
1093	between	39	81	h	h	1	1	170.45915107899754	s39-s81_ch-ch_o1-o1
1094	between	39	81	k	k	0	0	136.95359067046795	s39-s81_ck-ck_o0-o0
1095	between	39	81	k	k	1	1	165.79494443081433	s39-s81_ck-ck_o1-o1
1096	between	39	81	s	s	0	0	147.369970517902	s39-s81_cs-cs_o0-o0
1097	between	39	81	s	s	1	1	151.74203321549814	s39-s81_cs-cs_o1-o1
1098	between	39	87	h	h	0	0	103.19337192618079	s39-s87_ch-ch_o0-o0
1099	between	39	87	h	h	1	1	141.4352142888185	s39-s87_ch-ch_o1-o1
1100	between	39	87	k	k	0	0	118.5878106713311	s39-s87_ck-ck_o0-o0
1101	between	39	87	k	k	1	1	115.54100922386804	s39-s87_ck-ck_o1-o1
1102	between	39	87	s	s	0	0	166.08580751063795	s39-s87_cs-cs_o0-o0
1103	between	39	87	s	s	1	1	200.66856458942715	s39-s87_cs-cs_o1-o1
1104	between	39	88	h	h	0	0	116.74717065328096	s39-s88_ch-ch_o0-o0
1105	between	39	88	h	h	1	1	161.70854622954405	s39-s88_ch-ch_o1-o1
1106	between	39	88	k	k	0	0	147.50412488619634	s39-s88_ck-ck_o0-o0
1107	between	39	88	k	k	1	1	131.40918605809236	s39-s88_ck-ck_o1-o1
1108	between	39	88	s	s	0	0	194.54364033313806	s39-s88_cs-cs_o0-o0
1109	between	39	88	s	s	1	1	175.9051669027218	s39-s88_cs-cs_o1-o1
1110	between	39	89	h	h	0	0	75.18144913465478	s39-s89_ch-ch_o0-o0
1111	between	39	89	h	h	1	1	147.5426793208821	s39-s89_ch-ch_o1-o1
1112	between	39	89	k	k	0	0	94.66301591882589	s39-s89_ck-ck_o0-o0
1113	between	39	89	k	k	1	1	105.52922540166993	s39-s89_ck-ck_o1-o1
1114	between	39	89	s	s	0	0	142.55125069377138	s39-s89_cs-cs_o0-o0
1115	between	39	89	s	s	1	1	103.95554536408093	s39-s89_cs-cs_o1-o1
1116	between	39	90	h	h	0	0	105.93255579121666	s39-s90_ch-ch_o0-o0
1117	between	39	90	h	h	1	1	167.60917918103965	s39-s90_ch-ch_o1-o1
1118	between	39	90	k	k	0	0	140.7742731716342	s39-s90_ck-ck_o0-o0
1119	between	39	90	k	k	1	1	181.1765932833208	s39-s90_ck-ck_o1-o1
1120	between	39	90	s	s	0	0	162.0144352140076	s39-s90_cs-cs_o0-o0
1121	between	39	90	s	s	1	1	160.76357169131654	s39-s90_cs-cs_o1-o1
1122	between	39	91	h	h	0	0	91.03866869349109	s39-s91_ch-ch_o0-o0
1123	between	39	91	h	h	1	1	133.9201607864207	s39-s91_ch-ch_o1-o1
1124	between	39	91	k	k	0	0	101.19040315573965	s39-s91_ck-ck_o0-o0
1125	between	39	91	k	k	1	1	120.32622294099845	s39-s91_ck-ck_o1-o1
1126	between	39	91	s	s	0	0	194.21714436150347	s39-s91_cs-cs_o0-o0
1127	between	39	91	s	s	1	1	198.98997382559446	s39-s91_cs-cs_o1-o1
1128	between	39	92	h	h	0	0	110.59009285670506	s39-s92_ch-ch_o0-o0
1129	between	39	92	h	h	1	1	139.47599411189336	s39-s92_ch-ch_o1-o1
1130	between	39	92	k	k	0	0	130.58808130936637	s39-s92_ck-ck_o0-o0
1131	between	39	92	k	k	1	1	128.52339086017614	s39-s92_ck-ck_o1-o1
1132	between	39	92	s	s	0	0	243.62826057254	s39-s92_cs-cs_o0-o0
1133	between	39	92	s	s	1	1	124.7266720379573	s39-s92_cs-cs_o1-o1
1134	between	39	94	h	h	0	0	83.73848568042997	s39-s94_ch-ch_o0-o0
1135	between	39	94	h	h	1	1	157.24506406641936	s39-s94_ch-ch_o1-o1
1136	between	39	94	k	k	0	0	126.64532596456785	s39-s94_ck-ck_o0-o0
1137	between	39	94	k	k	1	1	132.03717786079335	s39-s94_ck-ck_o1-o1
1138	between	39	94	s	s	0	0	275.8662962652136	s39-s94_cs-cs_o0-o0
1139	between	39	94	s	s	1	1	239.69453932560967	s39-s94_cs-cs_o1-o1
1140	between	39	95	h	h	0	0	75.7760768311843	s39-s95_ch-ch_o0-o0
1141	between	39	95	h	h	1	1	138.39889611061346	s39-s95_ch-ch_o1-o1
1142	between	39	95	k	k	0	0	103.5647075783967	s39-s95_ck-ck_o0-o0
1143	between	39	95	k	k	1	1	112.16577290442751	s39-s95_ck-ck_o1-o1
1144	between	39	95	s	s	0	0	135.25492964763296	s39-s95_cs-cs_o0-o0
1145	between	39	95	s	s	1	1	137.8292653266286	s39-s95_cs-cs_o1-o1
1146	between	39	97	h	h	0	0	102.63174706109017	s39-s97_ch-ch_o0-o0
1147	between	39	97	h	h	1	1	174.4612238322345	s39-s97_ch-ch_o1-o1
1148	between	39	97	k	k	0	0	132.05893541502087	s39-s97_ck-ck_o0-o0
1149	between	39	97	k	k	1	1	141.2762852924583	s39-s97_ck-ck_o1-o1
1150	between	39	97	s	s	0	0	141.11754492088667	s39-s97_cs-cs_o0-o0
1151	between	39	97	s	s	1	1	123.64619142624598	s39-s97_cs-cs_o1-o1
1152	between	39	99	h	h	0	0	77.46767610178004	s39-s99_ch-ch_o0-o0
1153	between	39	99	h	h	1	1	146.0974621481315	s39-s99_ch-ch_o1-o1
1154	between	39	99	k	k	0	0	101.77938289307727	s39-s99_ck-ck_o0-o0
1155	between	39	99	k	k	1	1	155.9185884306013	s39-s99_ck-ck_o1-o1
1156	between	39	99	s	s	0	0	127.4546468172016	s39-s99_cs-cs_o0-o0
1157	between	39	99	s	s	1	1	131.3851408464163	s39-s99_cs-cs_o1-o1
1158	between	40	43	h	h	0	0	133.25326861008182	s40-s43_ch-ch_o0-o0
1159	between	40	43	h	h	1	1	137.68839268853372	s40-s43_ch-ch_o1-o1
1160	between	40	43	k	k	0	0	129.58376006035073	s40-s43_ck-ck_o0-o0
1161	between	40	43	k	k	1	1	125.60830997469434	s40-s43_ck-ck_o1-o1
1162	between	40	43	s	s	0	0	122.37495746898868	s40-s43_cs-cs_o0-o0
1163	between	40	43	s	s	1	1	121.64351608423287	s40-s43_cs-cs_o1-o1
1164	between	40	46	h	h	0	0	122.6836772259789	s40-s46_ch-ch_o0-o0
1165	between	40	46	h	h	1	1	123.24139465677874	s40-s46_ch-ch_o1-o1
1166	between	40	46	k	k	0	0	114.87776515785914	s40-s46_ck-ck_o0-o0
1167	between	40	46	k	k	1	1	130.98638060166792	s40-s46_ck-ck_o1-o1
1168	between	40	46	s	s	0	0	167.56672882895376	s40-s46_cs-cs_o0-o0
1169	between	40	46	s	s	1	1	171.74599846595382	s40-s46_cs-cs_o1-o1
1170	between	40	47	h	h	0	0	92.61915987373358	s40-s47_ch-ch_o0-o0
1171	between	40	47	h	h	1	1	143.8045381545894	s40-s47_ch-ch_o1-o1
1172	between	40	47	k	k	0	0	115.21007286221472	s40-s47_ck-ck_o0-o0
1173	between	40	47	k	k	1	1	141.9554053594175	s40-s47_ck-ck_o1-o1
1174	between	40	47	s	s	0	0	131.91753400232267	s40-s47_cs-cs_o0-o0
1175	between	40	47	s	s	1	1	156.96025684728772	s40-s47_cs-cs_o1-o1
1176	between	40	53	h	h	0	0	70.88171405504312	s40-s53_ch-ch_o0-o0
1177	between	40	53	h	h	1	1	129.8789800440706	s40-s53_ch-ch_o1-o1
1178	between	40	53	k	k	0	0	110.90760692895468	s40-s53_ck-ck_o0-o0
1179	between	40	53	k	k	1	1	123.41999527336264	s40-s53_ck-ck_o1-o1
1180	between	40	53	s	s	0	0	129.7672642328632	s40-s53_cs-cs_o0-o0
1181	between	40	53	s	s	1	1	148.377297144934	s40-s53_cs-cs_o1-o1
1182	between	40	57	h	h	0	0	102.07356376426912	s40-s57_ch-ch_o0-o0
1183	between	40	57	h	h	1	1	155.12344126042044	s40-s57_ch-ch_o1-o1
1184	between	40	57	k	k	0	0	127.01655444713356	s40-s57_ck-ck_o0-o0
1185	between	40	57	k	k	1	1	169.49632403675005	s40-s57_ck-ck_o1-o1
1186	between	40	57	s	s	0	0	158.0127016026472	s40-s57_cs-cs_o0-o0
1187	between	40	57	s	s	1	1	151.12010273233986	s40-s57_cs-cs_o1-o1
1188	between	40	58	h	h	0	0	108.43716727578186	s40-s58_ch-ch_o0-o0
1189	between	40	58	h	h	1	1	142.3622022902142	s40-s58_ch-ch_o1-o1
1190	between	40	58	k	k	0	0	110.82108986504225	s40-s58_ck-ck_o0-o0
1191	between	40	58	k	k	1	1	126.59382030592404	s40-s58_ck-ck_o1-o1
1192	between	40	58	s	s	0	0	175.13420384910654	s40-s58_cs-cs_o0-o0
1193	between	40	58	s	s	1	1	186.51410707381274	s40-s58_cs-cs_o1-o1
1194	between	40	59	h	h	0	0	95.38811064762709	s40-s59_ch-ch_o0-o0
1195	between	40	59	h	h	1	1	106.86179550458701	s40-s59_ch-ch_o1-o1
1196	between	40	59	k	k	0	0	84.77929155149847	s40-s59_ck-ck_o0-o0
1197	between	40	59	k	k	1	1	120.64294980108951	s40-s59_ck-ck_o1-o1
1198	between	40	59	s	s	0	0	105.14745753741903	s40-s59_cs-cs_o0-o0
1199	between	40	59	s	s	1	1	111.71867409132783	s40-s59_cs-cs_o1-o1
1200	between	40	60	h	h	0	0	96.38252112115723	s40-s60_ch-ch_o0-o0
1201	between	40	60	h	h	1	1	119.41654767089598	s40-s60_ch-ch_o1-o1
1202	between	40	60	k	k	0	0	133.01158070180853	s40-s60_ck-ck_o0-o0
1203	between	40	60	k	k	1	1	138.5214169516964	s40-s60_ck-ck_o1-o1
1204	between	40	60	s	s	0	0	129.35619098354007	s40-s60_cs-cs_o0-o0
1205	between	40	60	s	s	1	1	134.41210268898487	s40-s60_cs-cs_o1-o1
1206	between	40	61	h	h	0	0	82.4922467805	s40-s61_ch-ch_o0-o0
1207	between	40	61	h	h	1	1	144.49649217109354	s40-s61_ch-ch_o1-o1
1208	between	40	61	k	k	0	0	105.40643531375756	s40-s61_ck-ck_o0-o0
1209	between	40	61	k	k	1	1	129.40246751039587	s40-s61_ck-ck_o1-o1
1210	between	40	61	s	s	0	0	126.4772657169963	s40-s61_cs-cs_o0-o0
1211	between	40	61	s	s	1	1	141.7950227556741	s40-s61_cs-cs_o1-o1
1212	between	40	65	h	h	0	0	92.28951830188544	s40-s65_ch-ch_o0-o0
1213	between	40	65	h	h	1	1	104.07084091183214	s40-s65_ch-ch_o1-o1
1214	between	40	65	k	k	0	0	94.73036030012075	s40-s65_ck-ck_o0-o0
1215	between	40	65	k	k	1	1	114.49109755618885	s40-s65_ck-ck_o1-o1
1216	between	40	65	s	s	0	0	114.82766607783977	s40-s65_cs-cs_o0-o0
1217	between	40	65	s	s	1	1	122.46874276579513	s40-s65_cs-cs_o1-o1
1218	between	40	67	h	h	0	0	93.01209793976005	s40-s67_ch-ch_o0-o0
1219	between	40	67	h	h	1	1	121.160778647586	s40-s67_ch-ch_o1-o1
1220	between	40	67	k	k	0	0	89.91404098842592	s40-s67_ck-ck_o0-o0
1221	between	40	67	k	k	1	1	120.87267986121157	s40-s67_ck-ck_o1-o1
1222	between	40	67	s	s	0	0	170.79280384918624	s40-s67_cs-cs_o0-o0
1223	between	40	67	s	s	1	1	160.0567432745747	s40-s67_cs-cs_o1-o1
1224	between	40	74	h	h	0	0	117.55861246953764	s40-s74_ch-ch_o0-o0
1225	between	40	74	h	h	1	1	158.363102852165	s40-s74_ch-ch_o1-o1
1226	between	40	74	k	k	0	0	115.10008894256056	s40-s74_ck-ck_o0-o0
1227	between	40	74	k	k	1	1	132.45377154068802	s40-s74_ck-ck_o1-o1
1228	between	40	74	s	s	0	0	178.52554482116662	s40-s74_cs-cs_o0-o0
1229	between	40	74	s	s	1	1	151.26075622868413	s40-s74_cs-cs_o1-o1
1230	between	40	76	h	h	0	0	132.80692419476352	s40-s76_ch-ch_o0-o0
1231	between	40	76	h	h	1	1	115.13882265063907	s40-s76_ch-ch_o1-o1
1232	between	40	76	k	k	0	0	91.94599380012924	s40-s76_ck-ck_o0-o0
1233	between	40	76	k	k	1	1	128.60901993797944	s40-s76_ck-ck_o1-o1
1234	between	40	76	s	s	0	0	136.515021016174	s40-s76_cs-cs_o0-o0
1235	between	40	76	s	s	1	1	143.37594136658237	s40-s76_cs-cs_o1-o1
1236	between	40	79	h	h	0	0	121.46303145311136	s40-s79_ch-ch_o0-o0
1237	between	40	79	h	h	1	1	141.04324550623852	s40-s79_ch-ch_o1-o1
1238	between	40	79	k	k	0	0	104.84237993481518	s40-s79_ck-ck_o0-o0
1239	between	40	79	k	k	1	1	153.01368766913225	s40-s79_ck-ck_o1-o1
1240	between	40	79	s	s	0	0	146.12716323517333	s40-s79_cs-cs_o0-o0
1241	between	40	79	s	s	1	1	136.40709199663627	s40-s79_cs-cs_o1-o1
1242	between	40	80	h	h	0	0	152.76477872680059	s40-s80_ch-ch_o0-o0
1243	between	40	80	h	h	1	1	138.88033655469522	s40-s80_ch-ch_o1-o1
1244	between	40	80	k	k	0	0	147.47093238098915	s40-s80_ck-ck_o0-o0
1245	between	40	80	k	k	1	1	178.63511770331593	s40-s80_ck-ck_o1-o1
1246	between	40	80	s	s	0	0	140.9501922944936	s40-s80_cs-cs_o0-o0
1247	between	40	80	s	s	1	1	135.46392155942215	s40-s80_cs-cs_o1-o1
1248	between	40	81	h	h	0	0	111.10287221174734	s40-s81_ch-ch_o0-o0
1249	between	40	81	h	h	1	1	144.6725845222599	s40-s81_ch-ch_o1-o1
1250	between	40	81	k	k	0	0	118.71769458876804	s40-s81_ck-ck_o0-o0
1251	between	40	81	k	k	1	1	172.2542816429242	s40-s81_ck-ck_o1-o1
1252	between	40	81	s	s	0	0	151.15405887233294	s40-s81_cs-cs_o0-o0
1253	between	40	81	s	s	1	1	162.56206832001553	s40-s81_cs-cs_o1-o1
1254	between	40	87	h	h	0	0	105.93889519590472	s40-s87_ch-ch_o0-o0
1255	between	40	87	h	h	1	1	120.22367116911083	s40-s87_ch-ch_o1-o1
1256	between	40	87	k	k	0	0	98.23283148103444	s40-s87_ck-ck_o0-o0
1257	between	40	87	k	k	1	1	126.20555045025003	s40-s87_ck-ck_o1-o1
1258	between	40	87	s	s	0	0	159.71051871849707	s40-s87_cs-cs_o0-o0
1259	between	40	87	s	s	1	1	203.4254156383932	s40-s87_cs-cs_o1-o1
1260	between	40	88	h	h	0	0	132.94679094326776	s40-s88_ch-ch_o0-o0
1261	between	40	88	h	h	1	1	166.86205790329453	s40-s88_ch-ch_o1-o1
1262	between	40	88	k	k	0	0	144.16938610234868	s40-s88_ck-ck_o0-o0
1263	between	40	88	k	k	1	1	169.91686283983051	s40-s88_ck-ck_o1-o1
1264	between	40	88	s	s	0	0	188.84182658827962	s40-s88_cs-cs_o0-o0
1265	between	40	88	s	s	1	1	175.650179620358	s40-s88_cs-cs_o1-o1
1266	between	40	89	h	h	0	0	72.36177078096767	s40-s89_ch-ch_o0-o0
1267	between	40	89	h	h	1	1	113.06979089411762	s40-s89_ch-ch_o1-o1
1268	between	40	89	k	k	0	0	65.20523165074601	s40-s89_ck-ck_o0-o0
1269	between	40	89	k	k	1	1	113.5402359813341	s40-s89_ck-ck_o1-o1
1270	between	40	89	s	s	0	0	157.93931329044153	s40-s89_cs-cs_o0-o0
1271	between	40	89	s	s	1	1	113.14493512042351	s40-s89_cs-cs_o1-o1
1272	between	40	90	h	h	0	0	131.05043148869902	s40-s90_ch-ch_o0-o0
1273	between	40	90	h	h	1	1	138.20540002153535	s40-s90_ch-ch_o1-o1
1274	between	40	90	k	k	0	0	133.57130473984168	s40-s90_ck-ck_o0-o0
1275	between	40	90	k	k	1	1	173.58457375227883	s40-s90_ck-ck_o1-o1
1276	between	40	90	s	s	0	0	149.71016966812053	s40-s90_cs-cs_o0-o0
1277	between	40	90	s	s	1	1	189.85701858286757	s40-s90_cs-cs_o1-o1
1278	between	40	91	h	h	0	0	81.33125435315323	s40-s91_ch-ch_o0-o0
1279	between	40	91	h	h	1	1	119.76259781598004	s40-s91_ch-ch_o1-o1
1280	between	40	91	k	k	0	0	84.86164421037286	s40-s91_ck-ck_o0-o0
1281	between	40	91	k	k	1	1	139.39538432559368	s40-s91_ck-ck_o1-o1
1282	between	40	91	s	s	0	0	189.41773874031924	s40-s91_cs-cs_o0-o0
1283	between	40	91	s	s	1	1	219.90707653606225	s40-s91_cs-cs_o1-o1
1284	between	40	92	h	h	0	0	116.70593690457862	s40-s92_ch-ch_o0-o0
1285	between	40	92	h	h	1	1	115.58257813186901	s40-s92_ch-ch_o1-o1
1286	between	40	92	k	k	0	0	115.08356990700166	s40-s92_ck-ck_o0-o0
1287	between	40	92	k	k	1	1	133.26259105980762	s40-s92_ck-ck_o1-o1
1288	between	40	92	s	s	0	0	224.0875575658028	s40-s92_cs-cs_o0-o0
1289	between	40	92	s	s	1	1	125.70832498472714	s40-s92_cs-cs_o1-o1
1290	between	40	94	h	h	0	0	98.807887721339	s40-s94_ch-ch_o0-o0
1291	between	40	94	h	h	1	1	133.09068146127828	s40-s94_ch-ch_o1-o1
1292	between	40	94	k	k	0	0	91.38550678430869	s40-s94_ck-ck_o0-o0
1293	between	40	94	k	k	1	1	138.2501112179982	s40-s94_ck-ck_o1-o1
1294	between	40	94	s	s	0	0	268.2594513184699	s40-s94_cs-cs_o0-o0
1295	between	40	94	s	s	1	1	240.68305225417188	s40-s94_cs-cs_o1-o1
1296	between	40	95	h	h	0	0	76.73219121147379	s40-s95_ch-ch_o0-o0
1297	between	40	95	h	h	1	1	127.60794630744378	s40-s95_ch-ch_o1-o1
1298	between	40	95	k	k	0	0	94.62740311646279	s40-s95_ck-ck_o0-o0
1299	between	40	95	k	k	1	1	100.82312118184863	s40-s95_ck-ck_o1-o1
1300	between	40	95	s	s	0	0	141.14951791207181	s40-s95_cs-cs_o0-o0
1301	between	40	95	s	s	1	1	145.43418283059	s40-s95_cs-cs_o1-o1
1302	between	40	97	h	h	0	0	102.0088550882883	s40-s97_ch-ch_o0-o0
1303	between	40	97	h	h	1	1	121.27173937688359	s40-s97_ch-ch_o1-o1
1304	between	40	97	k	k	0	0	98.5660678276323	s40-s97_ck-ck_o0-o0
1305	between	40	97	k	k	1	1	155.32585281300953	s40-s97_ck-ck_o1-o1
1306	between	40	97	s	s	0	0	129.69758443890248	s40-s97_cs-cs_o0-o0
1307	between	40	97	s	s	1	1	118.99847340490493	s40-s97_cs-cs_o1-o1
1308	between	40	99	h	h	0	0	83.61315386747297	s40-s99_ch-ch_o0-o0
1309	between	40	99	h	h	1	1	149.5265456229951	s40-s99_ch-ch_o1-o1
1310	between	40	99	k	k	0	0	88.16574206781135	s40-s99_ck-ck_o0-o0
1311	between	40	99	k	k	1	1	145.86214436621182	s40-s99_ck-ck_o1-o1
1312	between	40	99	s	s	0	0	141.82436019734118	s40-s99_cs-cs_o0-o0
1313	between	40	99	s	s	1	1	140.5430717684331	s40-s99_cs-cs_o1-o1
1314	between	43	46	h	h	0	0	155.55244202017053	s43-s46_ch-ch_o0-o0
1315	between	43	46	h	h	1	1	134.8006592854509	s43-s46_ch-ch_o1-o1
1316	between	43	46	k	k	0	0	169.51909673539598	s43-s46_ck-ck_o0-o0
1317	between	43	46	k	k	1	1	138.99958938603626	s43-s46_ck-ck_o1-o1
1318	between	43	46	s	s	0	0	153.78179758481028	s43-s46_cs-cs_o0-o0
1319	between	43	46	s	s	1	1	165.5200690486536	s43-s46_cs-cs_o1-o1
1320	between	43	47	h	h	0	0	146.06699435951973	s43-s47_ch-ch_o0-o0
1321	between	43	47	h	h	1	1	111.51693916811772	s43-s47_ch-ch_o1-o1
1322	between	43	47	k	k	0	0	139.51716100415928	s43-s47_ck-ck_o0-o0
1323	between	43	47	k	k	1	1	126.92734681901138	s43-s47_ck-ck_o1-o1
1324	between	43	47	s	s	0	0	141.1945363545027	s43-s47_cs-cs_o0-o0
1325	between	43	47	s	s	1	1	131.58615155014633	s43-s47_cs-cs_o1-o1
1326	between	43	53	h	h	0	0	125.41280610195562	s43-s53_ch-ch_o0-o0
1327	between	43	53	h	h	1	1	103.82449433437242	s43-s53_ch-ch_o1-o1
1328	between	43	53	k	k	0	0	128.33695741810988	s43-s53_ck-ck_o0-o0
1329	between	43	53	k	k	1	1	114.66626313940503	s43-s53_ck-ck_o1-o1
1330	between	43	53	s	s	0	0	140.01931971188344	s43-s53_cs-cs_o0-o0
1331	between	43	53	s	s	1	1	129.77477614932874	s43-s53_cs-cs_o1-o1
1332	between	43	57	h	h	0	0	148.60869948734222	s43-s57_ch-ch_o0-o0
1333	between	43	57	h	h	1	1	143.3290033484823	s43-s57_ch-ch_o1-o1
1334	between	43	57	k	k	0	0	154.10244160802338	s43-s57_ck-ck_o0-o0
1335	between	43	57	k	k	1	1	139.86439363138032	s43-s57_ck-ck_o1-o1
1336	between	43	57	s	s	0	0	149.78101752371668	s43-s57_cs-cs_o0-o0
1337	between	43	57	s	s	1	1	131.8042558994655	s43-s57_cs-cs_o1-o1
1338	between	43	58	h	h	0	0	136.97879608232444	s43-s58_ch-ch_o0-o0
1339	between	43	58	h	h	1	1	115.38011271751914	s43-s58_ch-ch_o1-o1
1340	between	43	58	k	k	0	0	127.65149508360565	s43-s58_ck-ck_o0-o0
1341	between	43	58	k	k	1	1	115.07828927023488	s43-s58_ck-ck_o1-o1
1342	between	43	58	s	s	0	0	164.26835713198315	s43-s58_cs-cs_o0-o0
1343	between	43	58	s	s	1	1	160.34429602824756	s43-s58_cs-cs_o1-o1
1344	between	43	59	h	h	0	0	132.3328353997432	s43-s59_ch-ch_o0-o0
1345	between	43	59	h	h	1	1	97.16851116516759	s43-s59_ch-ch_o1-o1
1346	between	43	59	k	k	0	0	120.1252244121609	s43-s59_ck-ck_o0-o0
1347	between	43	59	k	k	1	1	119.60603295496227	s43-s59_ck-ck_o1-o1
1348	between	43	59	s	s	0	0	111.31297290088038	s43-s59_cs-cs_o0-o0
1349	between	43	59	s	s	1	1	96.64484570079856	s43-s59_cs-cs_o1-o1
1350	between	43	60	h	h	0	0	148.27956039662806	s43-s60_ch-ch_o0-o0
1351	between	43	60	h	h	1	1	109.47396302471999	s43-s60_ch-ch_o1-o1
1352	between	43	60	k	k	0	0	149.16374226416923	s43-s60_ck-ck_o0-o0
1353	between	43	60	k	k	1	1	137.90773986978715	s43-s60_ck-ck_o1-o1
1354	between	43	60	s	s	0	0	130.43059036214166	s43-s60_cs-cs_o0-o0
1355	between	43	60	s	s	1	1	109.86779399619627	s43-s60_cs-cs_o1-o1
1356	between	43	61	h	h	0	0	140.77276156414217	s43-s61_ch-ch_o0-o0
1357	between	43	61	h	h	1	1	110.68425495030581	s43-s61_ch-ch_o1-o1
1358	between	43	61	k	k	0	0	144.62122851011728	s43-s61_ck-ck_o0-o0
1359	between	43	61	k	k	1	1	136.48485650198776	s43-s61_ck-ck_o1-o1
1360	between	43	61	s	s	0	0	136.7065161666129	s43-s61_cs-cs_o0-o0
1361	between	43	61	s	s	1	1	146.24960994562923	s43-s61_cs-cs_o1-o1
1362	between	43	65	h	h	0	0	141.24022157991854	s43-s65_ch-ch_o0-o0
1363	between	43	65	h	h	1	1	110.55073267384327	s43-s65_ch-ch_o1-o1
1364	between	43	65	k	k	0	0	122.10769760210445	s43-s65_ck-ck_o0-o0
1365	between	43	65	k	k	1	1	107.53633133803349	s43-s65_ck-ck_o1-o1
1366	between	43	65	s	s	0	0	121.18337615641877	s43-s65_cs-cs_o0-o0
1367	between	43	65	s	s	1	1	106.28400273432206	s43-s65_cs-cs_o1-o1
1368	between	43	67	h	h	0	0	145.1440513638704	s43-s67_ch-ch_o0-o0
1369	between	43	67	h	h	1	1	109.82796391392262	s43-s67_ch-ch_o1-o1
1370	between	43	67	k	k	0	0	139.72306452672242	s43-s67_ck-ck_o0-o0
1371	between	43	67	k	k	1	1	116.53194185113963	s43-s67_ck-ck_o1-o1
1372	between	43	67	s	s	0	0	146.82229485363987	s43-s67_cs-cs_o0-o0
1373	between	43	67	s	s	1	1	134.391893382223	s43-s67_cs-cs_o1-o1
1374	between	43	74	h	h	0	0	156.01024433308868	s43-s74_ch-ch_o0-o0
1375	between	43	74	h	h	1	1	124.48055629168576	s43-s74_ch-ch_o1-o1
1376	between	43	74	k	k	0	0	149.93414989021753	s43-s74_ck-ck_o0-o0
1377	between	43	74	k	k	1	1	142.7923175266365	s43-s74_ck-ck_o1-o1
1378	between	43	74	s	s	0	0	181.18289256420326	s43-s74_cs-cs_o0-o0
1379	between	43	74	s	s	1	1	154.237567230266	s43-s74_cs-cs_o1-o1
1380	between	43	76	h	h	0	0	194.98228850886855	s43-s76_ch-ch_o0-o0
1381	between	43	76	h	h	1	1	88.32619495488424	s43-s76_ch-ch_o1-o1
1382	between	43	76	k	k	0	0	125.56938130213078	s43-s76_ck-ck_o0-o0
1383	between	43	76	k	k	1	1	111.6850904412653	s43-s76_ck-ck_o1-o1
1384	between	43	76	s	s	0	0	128.49519688046846	s43-s76_cs-cs_o0-o0
1385	between	43	76	s	s	1	1	119.52281296909442	s43-s76_cs-cs_o1-o1
1386	between	43	79	h	h	0	0	144.64282933999544	s43-s79_ch-ch_o0-o0
1387	between	43	79	h	h	1	1	104.50137825313031	s43-s79_ch-ch_o1-o1
1388	between	43	79	k	k	0	0	113.05744950826389	s43-s79_ck-ck_o0-o0
1389	between	43	79	k	k	1	1	129.67553653940615	s43-s79_ck-ck_o1-o1
1390	between	43	79	s	s	0	0	138.59052216164247	s43-s79_cs-cs_o0-o0
1391	between	43	79	s	s	1	1	118.13144296381932	s43-s79_cs-cs_o1-o1
1392	between	43	80	h	h	0	0	164.24998791653346	s43-s80_ch-ch_o0-o0
1393	between	43	80	h	h	1	1	113.39908187788402	s43-s80_ch-ch_o1-o1
1394	between	43	80	k	k	0	0	152.61887814518659	s43-s80_ck-ck_o0-o0
1395	between	43	80	k	k	1	1	154.9252242020396	s43-s80_ck-ck_o1-o1
1396	between	43	80	s	s	0	0	133.90681448624827	s43-s80_cs-cs_o0-o0
1397	between	43	80	s	s	1	1	122.17260398015563	s43-s80_cs-cs_o1-o1
1398	between	43	81	h	h	0	0	145.45791469149228	s43-s81_ch-ch_o0-o0
1399	between	43	81	h	h	1	1	109.47455792722012	s43-s81_ch-ch_o1-o1
1400	between	43	81	k	k	0	0	143.4561972788099	s43-s81_ck-ck_o0-o0
1401	between	43	81	k	k	1	1	160.31059141326412	s43-s81_ck-ck_o1-o1
1402	between	43	81	s	s	0	0	157.46391855276454	s43-s81_cs-cs_o0-o0
1403	between	43	81	s	s	1	1	152.22798497197564	s43-s81_cs-cs_o1-o1
1404	between	43	87	h	h	0	0	150.22122411230737	s43-s87_ch-ch_o0-o0
1405	between	43	87	h	h	1	1	115.88814096916295	s43-s87_ch-ch_o1-o1
1406	between	43	87	k	k	0	0	136.1248353006645	s43-s87_ck-ck_o0-o0
1407	between	43	87	k	k	1	1	124.42475834640871	s43-s87_ck-ck_o1-o1
1408	between	43	87	s	s	0	0	178.4069947761828	s43-s87_cs-cs_o0-o0
1409	between	43	87	s	s	1	1	194.30541993965585	s43-s87_cs-cs_o1-o1
1410	between	43	88	h	h	0	0	150.14359107630528	s43-s88_ch-ch_o0-o0
1411	between	43	88	h	h	1	1	126.84166091584135	s43-s88_ch-ch_o1-o1
1412	between	43	88	k	k	0	0	164.36134706878843	s43-s88_ck-ck_o0-o0
1413	between	43	88	k	k	1	1	155.16232914390005	s43-s88_ck-ck_o1-o1
1414	between	43	88	s	s	0	0	188.1048758131626	s43-s88_cs-cs_o0-o0
1415	between	43	88	s	s	1	1	164.06112520486508	s43-s88_cs-cs_o1-o1
1416	between	43	89	h	h	0	0	137.66901552229683	s43-s89_ch-ch_o0-o0
1417	between	43	89	h	h	1	1	112.72008109976527	s43-s89_ch-ch_o1-o1
1418	between	43	89	k	k	0	0	126.7746677251163	s43-s89_ck-ck_o0-o0
1419	between	43	89	k	k	1	1	110.91455943322308	s43-s89_ck-ck_o1-o1
1420	between	43	89	s	s	0	0	153.47639084033472	s43-s89_cs-cs_o0-o0
1421	between	43	89	s	s	1	1	103.01639749018412	s43-s89_cs-cs_o1-o1
1422	between	43	90	h	h	0	0	149.57705621118365	s43-s90_ch-ch_o0-o0
1423	between	43	90	h	h	1	1	112.31398039908743	s43-s90_ch-ch_o1-o1
1424	between	43	90	k	k	0	0	143.74858347153415	s43-s90_ck-ck_o0-o0
1425	between	43	90	k	k	1	1	161.5651402582848	s43-s90_ck-ck_o1-o1
1426	between	43	90	s	s	0	0	153.58969319213128	s43-s90_cs-cs_o0-o0
1427	between	43	90	s	s	1	1	168.40554795193657	s43-s90_cs-cs_o1-o1
1428	between	43	91	h	h	0	0	135.7829608169101	s43-s91_ch-ch_o0-o0
1429	between	43	91	h	h	1	1	102.85542591677951	s43-s91_ch-ch_o1-o1
1430	between	43	91	k	k	0	0	128.49617028931468	s43-s91_ck-ck_o0-o0
1431	between	43	91	k	k	1	1	137.13785037869505	s43-s91_ck-ck_o1-o1
1432	between	43	91	s	s	0	0	181.8790850941154	s43-s91_cs-cs_o0-o0
1433	between	43	91	s	s	1	1	192.79612671892315	s43-s91_cs-cs_o1-o1
1434	between	43	92	h	h	0	0	144.6957737652704	s43-s92_ch-ch_o0-o0
1435	between	43	92	h	h	1	1	112.03503304476371	s43-s92_ch-ch_o1-o1
1436	between	43	92	k	k	0	0	132.6918124625778	s43-s92_ck-ck_o0-o0
1437	between	43	92	k	k	1	1	126.52175578112599	s43-s92_ck-ck_o1-o1
1438	between	43	92	s	s	0	0	241.84186076075494	s43-s92_cs-cs_o0-o0
1439	between	43	92	s	s	1	1	131.1301589259367	s43-s92_cs-cs_o1-o1
1440	between	43	94	h	h	0	0	148.12798186788805	s43-s94_ch-ch_o0-o0
1441	between	43	94	h	h	1	1	133.9134194354777	s43-s94_ch-ch_o1-o1
1442	between	43	94	k	k	0	0	161.2425843853721	s43-s94_ck-ck_o0-o0
1443	between	43	94	k	k	1	1	148.58929839993476	s43-s94_ck-ck_o1-o1
1444	between	43	94	s	s	0	0	265.94585637772116	s43-s94_cs-cs_o0-o0
1445	between	43	94	s	s	1	1	228.51141069867705	s43-s94_cs-cs_o1-o1
1446	between	43	95	h	h	0	0	132.84985449656673	s43-s95_ch-ch_o0-o0
1447	between	43	95	h	h	1	1	90.50721344155038	s43-s95_ch-ch_o1-o1
1448	between	43	95	k	k	0	0	110.54853908565613	s43-s95_ck-ck_o0-o0
1449	between	43	95	k	k	1	1	104.95072064818122	s43-s95_ck-ck_o1-o1
1450	between	43	95	s	s	0	0	131.7226701512639	s43-s95_cs-cs_o0-o0
1451	between	43	95	s	s	1	1	122.76625674071592	s43-s95_cs-cs_o1-o1
1452	between	43	97	h	h	0	0	155.04532657518226	s43-s97_ch-ch_o0-o0
1453	between	43	97	h	h	1	1	137.9444192843554	s43-s97_ch-ch_o1-o1
1454	between	43	97	k	k	0	0	161.57270178009207	s43-s97_ck-ck_o0-o0
1455	between	43	97	k	k	1	1	153.49161221978852	s43-s97_ck-ck_o1-o1
1456	between	43	97	s	s	0	0	126.91439704313449	s43-s97_cs-cs_o0-o0
1457	between	43	97	s	s	1	1	117.88513335876436	s43-s97_cs-cs_o1-o1
1458	between	43	99	h	h	0	0	134.56806818402262	s43-s99_ch-ch_o0-o0
1459	between	43	99	h	h	1	1	97.88498383247857	s43-s99_ch-ch_o1-o1
1460	between	43	99	k	k	0	0	119.27215908159633	s43-s99_ck-ck_o0-o0
1461	between	43	99	k	k	1	1	130.63091277284693	s43-s99_ck-ck_o1-o1
1462	between	43	99	s	s	0	0	142.65906760416664	s43-s99_cs-cs_o0-o0
1463	between	43	99	s	s	1	1	125.11398662031799	s43-s99_cs-cs_o1-o1
1464	between	46	47	h	h	0	0	138.62872659321332	s46-s47_ch-ch_o0-o0
1465	between	46	47	h	h	1	1	133.8367461942089	s46-s47_ch-ch_o1-o1
1466	between	46	47	k	k	0	0	157.3789610079008	s46-s47_ck-ck_o0-o0
1467	between	46	47	k	k	1	1	144.62316104926	s46-s47_ck-ck_o1-o1
1468	between	46	47	s	s	0	0	177.80556418979222	s46-s47_cs-cs_o0-o0
1469	between	46	47	s	s	1	1	181.41225549793026	s46-s47_cs-cs_o1-o1
1470	between	46	53	h	h	0	0	127.53657349589493	s46-s53_ch-ch_o0-o0
1471	between	46	53	h	h	1	1	140.6571754330446	s46-s53_ch-ch_o1-o1
1472	between	46	53	k	k	0	0	164.30475751001617	s46-s53_ck-ck_o0-o0
1473	between	46	53	k	k	1	1	146.84051855623562	s46-s53_ck-ck_o1-o1
1474	between	46	53	s	s	0	0	183.60141983679304	s46-s53_cs-cs_o0-o0
1475	between	46	53	s	s	1	1	184.16317747698778	s46-s53_cs-cs_o1-o1
1476	between	46	57	h	h	0	0	162.1076538857599	s46-s57_ch-ch_o0-o0
1477	between	46	57	h	h	1	1	153.840663866646	s46-s57_ch-ch_o1-o1
1478	between	46	57	k	k	0	0	192.56199555594364	s46-s57_ck-ck_o0-o0
1479	between	46	57	k	k	1	1	178.6324464096853	s46-s57_ck-ck_o1-o1
1480	between	46	57	s	s	0	0	211.22880613608686	s46-s57_cs-cs_o0-o0
1481	between	46	57	s	s	1	1	211.03693899646538	s46-s57_cs-cs_o1-o1
1482	between	46	58	h	h	0	0	127.81883070122934	s46-s58_ch-ch_o0-o0
1483	between	46	58	h	h	1	1	132.9513915615928	s46-s58_ch-ch_o1-o1
1484	between	46	58	k	k	0	0	161.3105081379857	s46-s58_ck-ck_o0-o0
1485	between	46	58	k	k	1	1	127.56572507519051	s46-s58_ck-ck_o1-o1
1486	between	46	58	s	s	0	0	182.57962971999766	s46-s58_cs-cs_o0-o0
1487	between	46	58	s	s	1	1	191.18179606435828	s46-s58_cs-cs_o1-o1
1488	between	46	59	h	h	0	0	117.1226349840523	s46-s59_ch-ch_o0-o0
1489	between	46	59	h	h	1	1	92.28305740164333	s46-s59_ch-ch_o1-o1
1490	between	46	59	k	k	0	0	127.20504262333434	s46-s59_ck-ck_o0-o0
1491	between	46	59	k	k	1	1	120.18368980081438	s46-s59_ck-ck_o1-o1
1492	between	46	59	s	s	0	0	138.50295658065335	s46-s59_cs-cs_o0-o0
1493	between	46	59	s	s	1	1	144.28898315774035	s46-s59_cs-cs_o1-o1
1494	between	46	60	h	h	0	0	140.3056862267372	s46-s60_ch-ch_o0-o0
1495	between	46	60	h	h	1	1	124.08540640797293	s46-s60_ch-ch_o1-o1
1496	between	46	60	k	k	0	0	182.8588312637709	s46-s60_ck-ck_o0-o0
1497	between	46	60	k	k	1	1	172.7013677227132	s46-s60_ck-ck_o1-o1
1498	between	46	60	s	s	0	0	181.44302117424658	s46-s60_cs-cs_o0-o0
1499	between	46	60	s	s	1	1	193.30932828975887	s46-s60_cs-cs_o1-o1
1500	between	46	61	h	h	0	0	143.7315106508364	s46-s61_ch-ch_o0-o0
1501	between	46	61	h	h	1	1	144.60247850011618	s46-s61_ch-ch_o1-o1
1502	between	46	61	k	k	0	0	159.4887787640843	s46-s61_ck-ck_o0-o0
1503	between	46	61	k	k	1	1	177.44222895650728	s46-s61_ck-ck_o1-o1
1504	between	46	61	s	s	0	0	184.13893456715505	s46-s61_cs-cs_o0-o0
1505	between	46	61	s	s	1	1	189.91545859185737	s46-s61_cs-cs_o1-o1
1506	between	46	65	h	h	0	0	119.5003735539885	s46-s65_ch-ch_o0-o0
1507	between	46	65	h	h	1	1	128.77910623983422	s46-s65_ch-ch_o1-o1
1508	between	46	65	k	k	0	0	140.1950188829037	s46-s65_ck-ck_o0-o0
1509	between	46	65	k	k	1	1	117.647311877833	s46-s65_ck-ck_o1-o1
1510	between	46	65	s	s	0	0	168.16562004290753	s46-s65_cs-cs_o0-o0
1511	between	46	65	s	s	1	1	158.6353018257188	s46-s65_cs-cs_o1-o1
1512	between	46	67	h	h	0	0	109.2173622940143	s46-s67_ch-ch_o0-o0
1513	between	46	67	h	h	1	1	105.33886942800133	s46-s67_ch-ch_o1-o1
1514	between	46	67	k	k	0	0	108.99671463221001	s46-s67_ck-ck_o0-o0
1515	between	46	67	k	k	1	1	111.68798105709205	s46-s67_ck-ck_o1-o1
1516	between	46	67	s	s	0	0	190.50981449230085	s46-s67_cs-cs_o0-o0
1517	between	46	67	s	s	1	1	165.27767669022813	s46-s67_cs-cs_o1-o1
1518	between	46	74	h	h	0	0	149.83808402682018	s46-s74_ch-ch_o0-o0
1519	between	46	74	h	h	1	1	151.21641183889662	s46-s74_ch-ch_o1-o1
1520	between	46	74	k	k	0	0	161.49890722819495	s46-s74_ck-ck_o0-o0
1521	between	46	74	k	k	1	1	153.86231879100072	s46-s74_ck-ck_o1-o1
1522	between	46	74	s	s	0	0	212.4299207825612	s46-s74_cs-cs_o0-o0
1523	between	46	74	s	s	1	1	198.65944619125014	s46-s74_cs-cs_o1-o1
1524	between	46	76	h	h	0	0	150.4960949723685	s46-s76_ch-ch_o0-o0
1525	between	46	76	h	h	1	1	108.09319175775099	s46-s76_ch-ch_o1-o1
1526	between	46	76	k	k	0	0	147.1751528343623	s46-s76_ck-ck_o0-o0
1527	between	46	76	k	k	1	1	133.20369529049728	s46-s76_ck-ck_o1-o1
1528	between	46	76	s	s	0	0	155.17008843881212	s46-s76_cs-cs_o0-o0
1529	between	46	76	s	s	1	1	190.3228150677177	s46-s76_cs-cs_o1-o1
1530	between	46	79	h	h	0	0	134.8118913512503	s46-s79_ch-ch_o0-o0
1531	between	46	79	h	h	1	1	141.37206509486364	s46-s79_ch-ch_o1-o1
1532	between	46	79	k	k	0	0	143.52431137431228	s46-s79_ck-ck_o0-o0
1533	between	46	79	k	k	1	1	131.51905843004465	s46-s79_ck-ck_o1-o1
1534	between	46	79	s	s	0	0	165.93100020164084	s46-s79_cs-cs_o0-o0
1535	between	46	79	s	s	1	1	164.3128804782118	s46-s79_cs-cs_o1-o1
1536	between	46	80	h	h	0	0	120.98578024791162	s46-s80_ch-ch_o0-o0
1537	between	46	80	h	h	1	1	119.07726129760127	s46-s80_ch-ch_o1-o1
1538	between	46	80	k	k	0	0	158.62496320231148	s46-s80_ck-ck_o0-o0
1539	between	46	80	k	k	1	1	143.55403660305996	s46-s80_ck-ck_o1-o1
1540	between	46	80	s	s	0	0	149.5081134831377	s46-s80_cs-cs_o0-o0
1541	between	46	80	s	s	1	1	169.25265297869993	s46-s80_cs-cs_o1-o1
1542	between	46	81	h	h	0	0	110.54780481682019	s46-s81_ch-ch_o0-o0
1543	between	46	81	h	h	1	1	126.93803508835455	s46-s81_ch-ch_o1-o1
1544	between	46	81	k	k	0	0	141.70241130219492	s46-s81_ck-ck_o0-o0
1545	between	46	81	k	k	1	1	181.25643987870555	s46-s81_ck-ck_o1-o1
1546	between	46	81	s	s	0	0	186.67285768254234	s46-s81_cs-cs_o0-o0
1547	between	46	81	s	s	1	1	175.7246605548186	s46-s81_cs-cs_o1-o1
1548	between	46	87	h	h	0	0	152.23568186927443	s46-s87_ch-ch_o0-o0
1549	between	46	87	h	h	1	1	122.71026961922573	s46-s87_ch-ch_o1-o1
1550	between	46	87	k	k	0	0	150.82586731641447	s46-s87_ck-ck_o0-o0
1551	between	46	87	k	k	1	1	144.78938165060646	s46-s87_ck-ck_o1-o1
1552	between	46	87	s	s	0	0	195.1633670220394	s46-s87_cs-cs_o0-o0
1553	between	46	87	s	s	1	1	258.62840339513394	s46-s87_cs-cs_o1-o1
1554	between	46	88	h	h	0	0	143.95112061874445	s46-s88_ch-ch_o0-o0
1555	between	46	88	h	h	1	1	148.45633250722804	s46-s88_ch-ch_o1-o1
1556	between	46	88	k	k	0	0	187.6077505005174	s46-s88_ck-ck_o0-o0
1557	between	46	88	k	k	1	1	173.19747793212443	s46-s88_ck-ck_o1-o1
1558	between	46	88	s	s	0	0	224.21381345920318	s46-s88_cs-cs_o0-o0
1559	between	46	88	s	s	1	1	202.09781207732485	s46-s88_cs-cs_o1-o1
1560	between	46	89	h	h	0	0	128.96312475027307	s46-s89_ch-ch_o0-o0
1561	between	46	89	h	h	1	1	116.88093418880382	s46-s89_ch-ch_o1-o1
1562	between	46	89	k	k	0	0	127.76500911624753	s46-s89_ck-ck_o0-o0
1563	between	46	89	k	k	1	1	123.53128575353854	s46-s89_ck-ck_o1-o1
1564	between	46	89	s	s	0	0	156.5776600810364	s46-s89_cs-cs_o0-o0
1565	between	46	89	s	s	1	1	152.04851278066477	s46-s89_cs-cs_o1-o1
1566	between	46	90	h	h	0	0	141.2324943056428	s46-s90_ch-ch_o0-o0
1567	between	46	90	h	h	1	1	123.75214733649578	s46-s90_ch-ch_o1-o1
1568	between	46	90	k	k	0	0	175.067339159941	s46-s90_ck-ck_o0-o0
1569	between	46	90	k	k	1	1	165.73383650992614	s46-s90_ck-ck_o1-o1
1570	between	46	90	s	s	0	0	202.52617970833847	s46-s90_cs-cs_o0-o0
1571	between	46	90	s	s	1	1	218.80841987910367	s46-s90_cs-cs_o1-o1
1572	between	46	91	h	h	0	0	134.45035669507172	s46-s91_ch-ch_o0-o0
1573	between	46	91	h	h	1	1	112.73052542735324	s46-s91_ch-ch_o1-o1
1574	between	46	91	k	k	0	0	144.33108950744645	s46-s91_ck-ck_o0-o0
1575	between	46	91	k	k	1	1	152.86311086495132	s46-s91_ck-ck_o1-o1
1576	between	46	91	s	s	0	0	247.14483817956116	s46-s91_cs-cs_o0-o0
1577	between	46	91	s	s	1	1	243.19659089360124	s46-s91_cs-cs_o1-o1
1578	between	46	92	h	h	0	0	117.91959198788152	s46-s92_ch-ch_o0-o0
1579	between	46	92	h	h	1	1	99.18447614028524	s46-s92_ch-ch_o1-o1
1580	between	46	92	k	k	0	0	143.78660470614605	s46-s92_ck-ck_o0-o0
1581	between	46	92	k	k	1	1	138.07895582793287	s46-s92_ck-ck_o1-o1
1582	between	46	92	s	s	0	0	291.3655389790649	s46-s92_cs-cs_o0-o0
1583	between	46	92	s	s	1	1	164.32656485818458	s46-s92_cs-cs_o1-o1
1584	between	46	94	h	h	0	0	139.04063673693878	s46-s94_ch-ch_o0-o0
1585	between	46	94	h	h	1	1	127.89618356128321	s46-s94_ch-ch_o1-o1
1586	between	46	94	k	k	0	0	159.91738747794122	s46-s94_ck-ck_o0-o0
1587	between	46	94	k	k	1	1	158.2912146644835	s46-s94_ck-ck_o1-o1
1588	between	46	94	s	s	0	0	302.823933382786	s46-s94_cs-cs_o0-o0
1589	between	46	94	s	s	1	1	251.42167139487128	s46-s94_cs-cs_o1-o1
1590	between	46	95	h	h	0	0	127.75488945789263	s46-s95_ch-ch_o0-o0
1591	between	46	95	h	h	1	1	123.53311165928302	s46-s95_ch-ch_o1-o1
1592	between	46	95	k	k	0	0	142.10502825100122	s46-s95_ck-ck_o0-o0
1593	between	46	95	k	k	1	1	127.4965947266704	s46-s95_ck-ck_o1-o1
1594	between	46	95	s	s	0	0	158.1107260935837	s46-s95_cs-cs_o0-o0
1595	between	46	95	s	s	1	1	172.1967906956262	s46-s95_cs-cs_o1-o1
1596	between	46	97	h	h	0	0	115.36931852852577	s46-s97_ch-ch_o0-o0
1597	between	46	97	h	h	1	1	102.96618381747523	s46-s97_ch-ch_o1-o1
1598	between	46	97	k	k	0	0	125.81955721542322	s46-s97_ck-ck_o0-o0
1599	between	46	97	k	k	1	1	131.1337212690411	s46-s97_ck-ck_o1-o1
1600	between	46	97	s	s	0	0	174.53835116812382	s46-s97_cs-cs_o0-o0
1601	between	46	97	s	s	1	1	167.9294647793851	s46-s97_cs-cs_o1-o1
1602	between	46	99	h	h	0	0	128.647421544295	s46-s99_ch-ch_o0-o0
1603	between	46	99	h	h	1	1	132.9171356005428	s46-s99_ch-ch_o1-o1
1604	between	46	99	k	k	0	0	132.9352489245921	s46-s99_ck-ck_o0-o0
1605	between	46	99	k	k	1	1	152.31662604557616	s46-s99_ck-ck_o1-o1
1606	between	46	99	s	s	0	0	157.05702090933832	s46-s99_cs-cs_o0-o0
1607	between	46	99	s	s	1	1	165.2334785924794	s46-s99_cs-cs_o1-o1
1608	between	47	53	h	h	0	0	86.2053936317145	s47-s53_ch-ch_o0-o0
1609	between	47	53	h	h	1	1	103.49353145729538	s47-s53_ch-ch_o1-o1
1610	between	47	53	k	k	0	0	89.34840776209545	s47-s53_ck-ck_o0-o0
1611	between	47	53	k	k	1	1	89.56393782223627	s47-s53_ck-ck_o1-o1
1612	between	47	53	s	s	0	0	114.27175051257672	s47-s53_cs-cs_o0-o0
1613	between	47	53	s	s	1	1	89.2583075712066	s47-s53_cs-cs_o1-o1
1614	between	47	57	h	h	0	0	126.09014364454804	s47-s57_ch-ch_o0-o0
1615	between	47	57	h	h	1	1	129.12766148515715	s47-s57_ch-ch_o1-o1
1616	between	47	57	k	k	0	0	120.4092702995803	s47-s57_ck-ck_o0-o0
1617	between	47	57	k	k	1	1	163.50124456926653	s47-s57_ck-ck_o1-o1
1618	between	47	57	s	s	0	0	136.12368881911408	s47-s57_cs-cs_o0-o0
1619	between	47	57	s	s	1	1	128.42489822735217	s47-s57_cs-cs_o1-o1
1620	between	47	58	h	h	0	0	108.87761656580655	s47-s58_ch-ch_o0-o0
1621	between	47	58	h	h	1	1	127.10627963562766	s47-s58_ch-ch_o1-o1
1622	between	47	58	k	k	0	0	119.3815970818106	s47-s58_ck-ck_o0-o0
1623	between	47	58	k	k	1	1	121.10686271396426	s47-s58_ck-ck_o1-o1
1624	between	47	58	s	s	0	0	162.973572950102	s47-s58_cs-cs_o0-o0
1625	between	47	58	s	s	1	1	158.50400280835518	s47-s58_cs-cs_o1-o1
1626	between	47	59	h	h	0	0	98.79218086280427	s47-s59_ch-ch_o0-o0
1627	between	47	59	h	h	1	1	102.86869710404088	s47-s59_ch-ch_o1-o1
1628	between	47	59	k	k	0	0	125.14139225818256	s47-s59_ck-ck_o0-o0
1629	between	47	59	k	k	1	1	112.43989026825786	s47-s59_ck-ck_o1-o1
1630	between	47	59	s	s	0	0	101.69932233431706	s47-s59_cs-cs_o0-o0
1631	between	47	59	s	s	1	1	111.16855985295284	s47-s59_cs-cs_o1-o1
1632	between	47	60	h	h	0	0	125.5550471284882	s47-s60_ch-ch_o0-o0
1633	between	47	60	h	h	1	1	118.45155208010937	s47-s60_ch-ch_o1-o1
1634	between	47	60	k	k	0	0	137.63540014293505	s47-s60_ck-ck_o0-o0
1635	between	47	60	k	k	1	1	138.78637285835404	s47-s60_ck-ck_o1-o1
1636	between	47	60	s	s	0	0	122.5326860786846	s47-s60_cs-cs_o0-o0
1637	between	47	60	s	s	1	1	145.59292548923685	s47-s60_cs-cs_o1-o1
1638	between	47	61	h	h	0	0	109.95903867785304	s47-s61_ch-ch_o0-o0
1639	between	47	61	h	h	1	1	130.6376046793981	s47-s61_ch-ch_o1-o1
1640	between	47	61	k	k	0	0	126.18987216648209	s47-s61_ck-ck_o0-o0
1641	between	47	61	k	k	1	1	148.61216428878635	s47-s61_ck-ck_o1-o1
1642	between	47	61	s	s	0	0	134.76793937612533	s47-s61_cs-cs_o0-o0
1643	between	47	61	s	s	1	1	144.4923795772468	s47-s61_cs-cs_o1-o1
1644	between	47	65	h	h	0	0	129.787097424223	s47-s65_ch-ch_o0-o0
1645	between	47	65	h	h	1	1	134.54859630651458	s47-s65_ch-ch_o1-o1
1646	between	47	65	k	k	0	0	143.605643217974	s47-s65_ck-ck_o0-o0
1647	between	47	65	k	k	1	1	133.8486837004115	s47-s65_ck-ck_o1-o1
1648	between	47	65	s	s	0	0	161.29751414861417	s47-s65_cs-cs_o0-o0
1649	between	47	65	s	s	1	1	147.97270282458737	s47-s65_cs-cs_o1-o1
1650	between	47	67	h	h	0	0	91.96338937417819	s47-s67_ch-ch_o0-o0
1651	between	47	67	h	h	1	1	87.47845736514947	s47-s67_ch-ch_o1-o1
1652	between	47	67	k	k	0	0	107.53702474687402	s47-s67_ck-ck_o0-o0
1653	between	47	67	k	k	1	1	95.57453344946202	s47-s67_ck-ck_o1-o1
1654	between	47	67	s	s	0	0	114.53713862559695	s47-s67_cs-cs_o0-o0
1655	between	47	67	s	s	1	1	114.63151907914525	s47-s67_cs-cs_o1-o1
1656	between	47	74	h	h	0	0	119.05955674515998	s47-s74_ch-ch_o0-o0
1657	between	47	74	h	h	1	1	127.56295862414932	s47-s74_ch-ch_o1-o1
1658	between	47	74	k	k	0	0	145.78753110745393	s47-s74_ck-ck_o0-o0
1659	between	47	74	k	k	1	1	147.77326025443932	s47-s74_ck-ck_o1-o1
1660	between	47	74	s	s	0	0	187.29753376770938	s47-s74_cs-cs_o0-o0
1661	between	47	74	s	s	1	1	170.2450803135591	s47-s74_cs-cs_o1-o1
1662	between	47	76	h	h	0	0	163.21620110723916	s47-s76_ch-ch_o0-o0
1663	between	47	76	h	h	1	1	94.78255488343612	s47-s76_ch-ch_o1-o1
1664	between	47	76	k	k	0	0	126.50908637204681	s47-s76_ck-ck_o0-o0
1665	between	47	76	k	k	1	1	119.72541304391615	s47-s76_ck-ck_o1-o1
1666	between	47	76	s	s	0	0	126.25993908358085	s47-s76_cs-cs_o0-o0
1667	between	47	76	s	s	1	1	152.7021441511471	s47-s76_cs-cs_o1-o1
1668	between	47	79	h	h	0	0	120.14002772715075	s47-s79_ch-ch_o0-o0
1669	between	47	79	h	h	1	1	120.85710943654468	s47-s79_ch-ch_o1-o1
1670	between	47	79	k	k	0	0	129.03098132457572	s47-s79_ck-ck_o0-o0
1671	between	47	79	k	k	1	1	130.87159850268637	s47-s79_ck-ck_o1-o1
1672	between	47	79	s	s	0	0	147.72677614407598	s47-s79_cs-cs_o0-o0
1673	between	47	79	s	s	1	1	110.44341461882289	s47-s79_cs-cs_o1-o1
1674	between	47	80	h	h	0	0	136.62870807264758	s47-s80_ch-ch_o0-o0
1675	between	47	80	h	h	1	1	127.24585267492914	s47-s80_ch-ch_o1-o1
1676	between	47	80	k	k	0	0	154.80356869443744	s47-s80_ck-ck_o0-o0
1677	between	47	80	k	k	1	1	169.99823757728333	s47-s80_ck-ck_o1-o1
1678	between	47	80	s	s	0	0	136.65438161122674	s47-s80_cs-cs_o0-o0
1679	between	47	80	s	s	1	1	147.10900422689127	s47-s80_cs-cs_o1-o1
1680	between	47	81	h	h	0	0	101.35162155087058	s47-s81_ch-ch_o0-o0
1681	between	47	81	h	h	1	1	89.80399557565612	s47-s81_ch-ch_o1-o1
1682	between	47	81	k	k	0	0	117.29406606228274	s47-s81_ck-ck_o0-o0
1683	between	47	81	k	k	1	1	145.05965773284692	s47-s81_ck-ck_o1-o1
1684	between	47	81	s	s	0	0	181.27839298946975	s47-s81_cs-cs_o0-o0
1685	between	47	81	s	s	1	1	196.04924529873153	s47-s81_cs-cs_o1-o1
1686	between	47	87	h	h	0	0	106.31032300181282	s47-s87_ch-ch_o0-o0
1687	between	47	87	h	h	1	1	92.07524159848656	s47-s87_ch-ch_o1-o1
1688	between	47	87	k	k	0	0	110.70499543843802	s47-s87_ck-ck_o0-o0
1689	between	47	87	k	k	1	1	108.62748168229412	s47-s87_ck-ck_o1-o1
1690	between	47	87	s	s	0	0	151.96950762787716	s47-s87_cs-cs_o0-o0
1691	between	47	87	s	s	1	1	187.3166933527077	s47-s87_cs-cs_o1-o1
1692	between	47	88	h	h	0	0	154.27807170026153	s47-s88_ch-ch_o0-o0
1693	between	47	88	h	h	1	1	154.19837633108133	s47-s88_ch-ch_o1-o1
1694	between	47	88	k	k	0	0	184.41388082181817	s47-s88_ck-ck_o0-o0
1695	between	47	88	k	k	1	1	173.2595791965074	s47-s88_ck-ck_o1-o1
1696	between	47	88	s	s	0	0	216.40100405474942	s47-s88_cs-cs_o0-o0
1697	between	47	88	s	s	1	1	202.15472828460884	s47-s88_cs-cs_o1-o1
1698	between	47	89	h	h	0	0	93.85780156862245	s47-s89_ch-ch_o0-o0
1699	between	47	89	h	h	1	1	110.28061999213075	s47-s89_ch-ch_o1-o1
1700	between	47	89	k	k	0	0	102.43532298384237	s47-s89_ck-ck_o0-o0
1701	between	47	89	k	k	1	1	96.81881559760718	s47-s89_ck-ck_o1-o1
1702	between	47	89	s	s	0	0	117.80728052924542	s47-s89_cs-cs_o0-o0
1703	between	47	89	s	s	1	1	89.82875895197955	s47-s89_cs-cs_o1-o1
1704	between	47	90	h	h	0	0	113.81955305943822	s47-s90_ch-ch_o0-o0
1705	between	47	90	h	h	1	1	111.02520528080511	s47-s90_ch-ch_o1-o1
1706	between	47	90	k	k	0	0	121.95720905132589	s47-s90_ck-ck_o0-o0
1707	between	47	90	k	k	1	1	148.15326063625986	s47-s90_ck-ck_o1-o1
1708	between	47	90	s	s	0	0	108.89299917081587	s47-s90_cs-cs_o0-o0
1709	between	47	90	s	s	1	1	148.09656273593612	s47-s90_cs-cs_o1-o1
1710	between	47	91	h	h	0	0	121.66411002568228	s47-s91_ch-ch_o0-o0
1711	between	47	91	h	h	1	1	108.87586083046118	s47-s91_ch-ch_o1-o1
1712	between	47	91	k	k	0	0	122.46463799490999	s47-s91_ck-ck_o0-o0
1713	between	47	91	k	k	1	1	138.74619061568754	s47-s91_ck-ck_o1-o1
1714	between	47	91	s	s	0	0	212.05951413181663	s47-s91_cs-cs_o0-o0
1715	between	47	91	s	s	1	1	230.4427213478611	s47-s91_cs-cs_o1-o1
1716	between	47	92	h	h	0	0	108.39139991683167	s47-s92_ch-ch_o0-o0
1717	between	47	92	h	h	1	1	99.962372261169	s47-s92_ch-ch_o1-o1
1718	between	47	92	k	k	0	0	114.69198318046166	s47-s92_ck-ck_o0-o0
1719	between	47	92	k	k	1	1	113.78386168127051	s47-s92_ck-ck_o1-o1
1720	between	47	92	s	s	0	0	220.3902134104122	s47-s92_cs-cs_o0-o0
1721	between	47	92	s	s	1	1	113.54641964990473	s47-s92_cs-cs_o1-o1
1722	between	47	94	h	h	0	0	114.31199928690656	s47-s94_ch-ch_o0-o0
1723	between	47	94	h	h	1	1	132.83741353472223	s47-s94_ch-ch_o1-o1
1724	between	47	94	k	k	0	0	131.86630883287503	s47-s94_ck-ck_o0-o0
1725	between	47	94	k	k	1	1	122.84189421628601	s47-s94_ck-ck_o1-o1
1726	between	47	94	s	s	0	0	278.51005431480746	s47-s94_cs-cs_o0-o0
1727	between	47	94	s	s	1	1	219.40905082768467	s47-s94_cs-cs_o1-o1
1728	between	47	95	h	h	0	0	83.73186411423531	s47-s95_ch-ch_o0-o0
1729	between	47	95	h	h	1	1	89.217790987115	s47-s95_ch-ch_o1-o1
1730	between	47	95	k	k	0	0	91.91508408362705	s47-s95_ck-ck_o0-o0
1731	between	47	95	k	k	1	1	96.84839238037466	s47-s95_ck-ck_o1-o1
1732	between	47	95	s	s	0	0	113.72824297624275	s47-s95_cs-cs_o0-o0
1733	between	47	95	s	s	1	1	113.68559545219404	s47-s95_cs-cs_o1-o1
1734	between	47	97	h	h	0	0	100.03244328519345	s47-s97_ch-ch_o0-o0
1735	between	47	97	h	h	1	1	125.99247663062661	s47-s97_ch-ch_o1-o1
1736	between	47	97	k	k	0	0	119.67086360759268	s47-s97_ck-ck_o0-o0
1737	between	47	97	k	k	1	1	133.0740451727677	s47-s97_ck-ck_o1-o1
1738	between	47	97	s	s	0	0	110.2053815564553	s47-s97_cs-cs_o0-o0
1739	between	47	97	s	s	1	1	107.50291688091997	s47-s97_cs-cs_o1-o1
1740	between	47	99	h	h	0	0	101.47965902011737	s47-s99_ch-ch_o0-o0
1741	between	47	99	h	h	1	1	94.28632551536775	s47-s99_ch-ch_o1-o1
1742	between	47	99	k	k	0	0	104.201444115588	s47-s99_ck-ck_o0-o0
1743	between	47	99	k	k	1	1	155.09768885716343	s47-s99_ck-ck_o1-o1
1744	between	47	99	s	s	0	0	127.37599552214103	s47-s99_cs-cs_o0-o0
1745	between	47	99	s	s	1	1	108.51084883421845	s47-s99_cs-cs_o1-o1
1746	between	53	57	h	h	0	0	97.73943481863733	s53-s57_ch-ch_o0-o0
1747	between	53	57	h	h	1	1	119.94891316647526	s53-s57_ch-ch_o1-o1
1748	between	53	57	k	k	0	0	117.75352948673034	s53-s57_ck-ck_o0-o0
1749	between	53	57	k	k	1	1	133.6123419363625	s53-s57_ck-ck_o1-o1
1750	between	53	57	s	s	0	0	134.96524785079674	s53-s57_cs-cs_o0-o0
1751	between	53	57	s	s	1	1	125.21123163519124	s53-s57_cs-cs_o1-o1
1752	between	53	58	h	h	0	0	97.76578605627692	s53-s58_ch-ch_o0-o0
1753	between	53	58	h	h	1	1	110.13197183110658	s53-s58_ch-ch_o1-o1
1754	between	53	58	k	k	0	0	103.88041617474823	s53-s58_ck-ck_o0-o0
1755	between	53	58	k	k	1	1	115.6746809115657	s53-s58_ck-ck_o1-o1
1756	between	53	58	s	s	0	0	175.18746904143399	s53-s58_cs-cs_o0-o0
1757	between	53	58	s	s	1	1	151.4317741154598	s53-s58_cs-cs_o1-o1
1758	between	53	59	h	h	0	0	89.02184720563666	s53-s59_ch-ch_o0-o0
1759	between	53	59	h	h	1	1	95.54904329980047	s53-s59_ch-ch_o1-o1
1760	between	53	59	k	k	0	0	117.22665593021533	s53-s59_ck-ck_o0-o0
1761	between	53	59	k	k	1	1	120.35498087269707	s53-s59_ck-ck_o1-o1
1762	between	53	59	s	s	0	0	105.68355904537174	s53-s59_cs-cs_o0-o0
1763	between	53	59	s	s	1	1	123.38017949972595	s53-s59_cs-cs_o1-o1
1764	between	53	60	h	h	0	0	99.62166211965474	s53-s60_ch-ch_o0-o0
1765	between	53	60	h	h	1	1	100.48852917954939	s53-s60_ch-ch_o1-o1
1766	between	53	60	k	k	0	0	143.51549383488958	s53-s60_ck-ck_o0-o0
1767	between	53	60	k	k	1	1	123.2957986285299	s53-s60_ck-ck_o1-o1
1768	between	53	60	s	s	0	0	117.29998392232457	s53-s60_cs-cs_o0-o0
1769	between	53	60	s	s	1	1	134.32171594644694	s53-s60_cs-cs_o1-o1
1770	between	53	61	h	h	0	0	90.20881932561316	s53-s61_ch-ch_o0-o0
1771	between	53	61	h	h	1	1	95.18679471187625	s53-s61_ch-ch_o1-o1
1772	between	53	61	k	k	0	0	111.70221253889208	s53-s61_ck-ck_o0-o0
1773	between	53	61	k	k	1	1	123.50925630789474	s53-s61_ck-ck_o1-o1
1774	between	53	61	s	s	0	0	118.26522592125113	s53-s61_cs-cs_o0-o0
1775	between	53	61	s	s	1	1	135.31160139806062	s53-s61_cs-cs_o1-o1
1776	between	53	65	h	h	0	0	91.97769805989404	s53-s65_ch-ch_o0-o0
1777	between	53	65	h	h	1	1	85.877751313998	s53-s65_ch-ch_o1-o1
1778	between	53	65	k	k	0	0	115.72729051353089	s53-s65_ck-ck_o0-o0
1779	between	53	65	k	k	1	1	118.02354453673104	s53-s65_ck-ck_o1-o1
1780	between	53	65	s	s	0	0	116.964601355427	s53-s65_cs-cs_o0-o0
1781	between	53	65	s	s	1	1	133.56460061079812	s53-s65_cs-cs_o1-o1
1782	between	53	67	h	h	0	0	97.40150698275667	s53-s67_ch-ch_o0-o0
1783	between	53	67	h	h	1	1	108.62775488532303	s53-s67_ch-ch_o1-o1
1784	between	53	67	k	k	0	0	116.90263443859428	s53-s67_ck-ck_o0-o0
1785	between	53	67	k	k	1	1	101.30209186852751	s53-s67_ck-ck_o1-o1
1786	between	53	67	s	s	0	0	163.80523428474768	s53-s67_cs-cs_o0-o0
1787	between	53	67	s	s	1	1	127.31855217250136	s53-s67_cs-cs_o1-o1
1788	between	53	74	h	h	0	0	98.56158691550523	s53-s74_ch-ch_o0-o0
1789	between	53	74	h	h	1	1	114.63869747440634	s53-s74_ch-ch_o1-o1
1790	between	53	74	k	k	0	0	100.03365623920787	s53-s74_ck-ck_o0-o0
1791	between	53	74	k	k	1	1	134.28319196896382	s53-s74_ck-ck_o1-o1
1792	between	53	74	s	s	0	0	173.72686875288002	s53-s74_cs-cs_o0-o0
1793	between	53	74	s	s	1	1	149.8869689821158	s53-s74_cs-cs_o1-o1
1794	between	53	76	h	h	0	0	154.57768383042423	s53-s76_ch-ch_o0-o0
1795	between	53	76	h	h	1	1	96.54309814351241	s53-s76_ch-ch_o1-o1
1796	between	53	76	k	k	0	0	116.3627591124076	s53-s76_ck-ck_o0-o0
1797	between	53	76	k	k	1	1	115.43431176003023	s53-s76_ck-ck_o1-o1
1798	between	53	76	s	s	0	0	143.9055103595684	s53-s76_cs-cs_o0-o0
1799	between	53	76	s	s	1	1	156.88151581610524	s53-s76_cs-cs_o1-o1
1800	between	53	79	h	h	0	0	105.17561102036093	s53-s79_ch-ch_o0-o0
1801	between	53	79	h	h	1	1	113.62573794149847	s53-s79_ch-ch_o1-o1
1802	between	53	79	k	k	0	0	126.77600307822313	s53-s79_ck-ck_o0-o0
1803	between	53	79	k	k	1	1	126.91150834685608	s53-s79_ck-ck_o1-o1
1804	between	53	79	s	s	0	0	136.34773095308694	s53-s79_cs-cs_o0-o0
1805	between	53	79	s	s	1	1	113.88897403211931	s53-s79_cs-cs_o1-o1
1806	between	53	80	h	h	0	0	139.18300310745232	s53-s80_ch-ch_o0-o0
1807	between	53	80	h	h	1	1	135.9809878545696	s53-s80_ch-ch_o1-o1
1808	between	53	80	k	k	0	0	157.92614691526106	s53-s80_ck-ck_o0-o0
1809	between	53	80	k	k	1	1	172.89726547212845	s53-s80_ck-ck_o1-o1
1810	between	53	80	s	s	0	0	156.85349877595877	s53-s80_cs-cs_o0-o0
1811	between	53	80	s	s	1	1	152.63505124574354	s53-s80_cs-cs_o1-o1
1812	between	53	81	h	h	0	0	100.66721153449686	s53-s81_ch-ch_o0-o0
1813	between	53	81	h	h	1	1	125.38651484823207	s53-s81_ch-ch_o1-o1
1814	between	53	81	k	k	0	0	125.57923397308409	s53-s81_ck-ck_o0-o0
1815	between	53	81	k	k	1	1	123.13477380897162	s53-s81_ck-ck_o1-o1
1816	between	53	81	s	s	0	0	164.50675186767864	s53-s81_cs-cs_o0-o0
1817	between	53	81	s	s	1	1	188.1477309441588	s53-s81_cs-cs_o1-o1
1818	between	53	87	h	h	0	0	104.39436405443601	s53-s87_ch-ch_o0-o0
1819	between	53	87	h	h	1	1	95.07570304863282	s53-s87_ch-ch_o1-o1
1820	between	53	87	k	k	0	0	122.77474030135195	s53-s87_ck-ck_o0-o0
1821	between	53	87	k	k	1	1	101.4576286425706	s53-s87_ck-ck_o1-o1
1822	between	53	87	s	s	0	0	151.52794415047742	s53-s87_cs-cs_o0-o0
1823	between	53	87	s	s	1	1	188.45887923980965	s53-s87_cs-cs_o1-o1
1824	between	53	88	h	h	0	0	125.79597824130948	s53-s88_ch-ch_o0-o0
1825	between	53	88	h	h	1	1	136.9241646308569	s53-s88_ch-ch_o1-o1
1826	between	53	88	k	k	0	0	174.0926625623414	s53-s88_ck-ck_o0-o0
1827	between	53	88	k	k	1	1	175.37486468765738	s53-s88_ck-ck_o1-o1
1828	between	53	88	s	s	0	0	224.5398607417195	s53-s88_cs-cs_o0-o0
1829	between	53	88	s	s	1	1	201.59518526103275	s53-s88_cs-cs_o1-o1
1830	between	53	89	h	h	0	0	76.4870530360999	s53-s89_ch-ch_o0-o0
1831	between	53	89	h	h	1	1	102.09698071507849	s53-s89_ch-ch_o1-o1
1832	between	53	89	k	k	0	0	102.26378652088695	s53-s89_ck-ck_o0-o0
1833	between	53	89	k	k	1	1	92.45780949054864	s53-s89_ck-ck_o1-o1
1834	between	53	89	s	s	0	0	140.27476484397093	s53-s89_cs-cs_o0-o0
1835	between	53	89	s	s	1	1	114.66165194832732	s53-s89_cs-cs_o1-o1
1836	between	53	90	h	h	0	0	116.4308252139038	s53-s90_ch-ch_o0-o0
1837	between	53	90	h	h	1	1	108.68381578138384	s53-s90_ch-ch_o1-o1
1838	between	53	90	k	k	0	0	132.6375223514618	s53-s90_ck-ck_o0-o0
1839	between	53	90	k	k	1	1	160.8611717387311	s53-s90_ck-ck_o1-o1
1840	between	53	90	s	s	0	0	140.32354296688197	s53-s90_cs-cs_o0-o0
1841	between	53	90	s	s	1	1	181.39775201623448	s53-s90_cs-cs_o1-o1
1842	between	53	91	h	h	0	0	92.41655190380612	s53-s91_ch-ch_o0-o0
1843	between	53	91	h	h	1	1	89.97559733187204	s53-s91_ch-ch_o1-o1
1844	between	53	91	k	k	0	0	113.81191779680825	s53-s91_ck-ck_o0-o0
1845	between	53	91	k	k	1	1	123.9457560473645	s53-s91_ck-ck_o1-o1
1846	between	53	91	s	s	0	0	202.22793288180242	s53-s91_cs-cs_o0-o0
1847	between	53	91	s	s	1	1	202.01624050931147	s53-s91_cs-cs_o1-o1
1848	between	53	92	h	h	0	0	115.38498059822395	s53-s92_ch-ch_o0-o0
1849	between	53	92	h	h	1	1	103.81610379490242	s53-s92_ch-ch_o1-o1
1850	between	53	92	k	k	0	0	126.59945009063284	s53-s92_ck-ck_o0-o0
1851	between	53	92	k	k	1	1	111.17687966707675	s53-s92_ck-ck_o1-o1
1852	between	53	92	s	s	0	0	241.2594422867521	s53-s92_cs-cs_o0-o0
1853	between	53	92	s	s	1	1	131.13514042092646	s53-s92_cs-cs_o1-o1
1854	between	53	94	h	h	0	0	102.54136551735424	s53-s94_ch-ch_o0-o0
1855	between	53	94	h	h	1	1	113.45277906360131	s53-s94_ch-ch_o1-o1
1856	between	53	94	k	k	0	0	130.29050435987295	s53-s94_ck-ck_o0-o0
1857	between	53	94	k	k	1	1	125.93863859417196	s53-s94_ck-ck_o1-o1
1858	between	53	94	s	s	0	0	271.81055312906415	s53-s94_cs-cs_o0-o0
1859	between	53	94	s	s	1	1	187.7400145439264	s53-s94_cs-cs_o1-o1
1860	between	53	95	h	h	0	0	77.0686490084388	s53-s95_ch-ch_o0-o0
1861	between	53	95	h	h	1	1	85.81146037885411	s53-s95_ch-ch_o1-o1
1862	between	53	95	k	k	0	0	82.44251126986522	s53-s95_ck-ck_o0-o0
1863	between	53	95	k	k	1	1	73.42185462860334	s53-s95_ck-ck_o1-o1
1864	between	53	95	s	s	0	0	116.92399093929326	s53-s95_cs-cs_o0-o0
1865	between	53	95	s	s	1	1	118.38429661771619	s53-s95_cs-cs_o1-o1
1866	between	53	97	h	h	0	0	104.85747871658909	s53-s97_ch-ch_o0-o0
1867	between	53	97	h	h	1	1	125.65287305195915	s53-s97_ch-ch_o1-o1
1868	between	53	97	k	k	0	0	128.5846889267858	s53-s97_ck-ck_o0-o0
1869	between	53	97	k	k	1	1	139.53318156191872	s53-s97_ck-ck_o1-o1
1870	between	53	97	s	s	0	0	122.33169978497294	s53-s97_cs-cs_o0-o0
1871	between	53	97	s	s	1	1	131.18601878731837	s53-s97_cs-cs_o1-o1
1872	between	53	99	h	h	0	0	75.9930083699803	s53-s99_ch-ch_o0-o0
1873	between	53	99	h	h	1	1	103.01829261363751	s53-s99_ch-ch_o1-o1
1874	between	53	99	k	k	0	0	91.84510794113956	s53-s99_ck-ck_o0-o0
1875	between	53	99	k	k	1	1	130.94392301578037	s53-s99_ck-ck_o1-o1
1876	between	53	99	s	s	0	0	113.6966450511735	s53-s99_cs-cs_o0-o0
1877	between	53	99	s	s	1	1	112.82800198126125	s53-s99_cs-cs_o1-o1
1878	between	57	58	h	h	0	0	126.66482288353573	s57-s58_ch-ch_o0-o0
1879	between	57	58	h	h	1	1	130.45798420488518	s57-s58_ch-ch_o1-o1
1880	between	57	58	k	k	0	0	119.78617394504269	s57-s58_ck-ck_o0-o0
1881	between	57	58	k	k	1	1	142.78233525628505	s57-s58_ck-ck_o1-o1
1882	between	57	58	s	s	0	0	192.62778191508505	s57-s58_cs-cs_o0-o0
1883	between	57	58	s	s	1	1	170.6631492034326	s57-s58_cs-cs_o1-o1
1884	between	57	59	h	h	0	0	124.41670311544965	s57-s59_ch-ch_o0-o0
1885	between	57	59	h	h	1	1	120.93175623554929	s57-s59_ch-ch_o1-o1
1886	between	57	59	k	k	0	0	130.8915598315491	s57-s59_ck-ck_o0-o0
1887	between	57	59	k	k	1	1	172.17160281246257	s57-s59_ck-ck_o1-o1
1888	between	57	59	s	s	0	0	135.5668461202791	s57-s59_cs-cs_o0-o0
1889	between	57	59	s	s	1	1	137.52976444514516	s57-s59_cs-cs_o1-o1
1890	between	57	60	h	h	0	0	119.64644875235008	s57-s60_ch-ch_o0-o0
1891	between	57	60	h	h	1	1	125.82207271339588	s57-s60_ch-ch_o1-o1
1892	between	57	60	k	k	0	0	139.0108859176547	s57-s60_ck-ck_o0-o0
1893	between	57	60	k	k	1	1	161.937525509143	s57-s60_ck-ck_o1-o1
1894	between	57	60	s	s	0	0	134.2858251938294	s57-s60_cs-cs_o0-o0
1895	between	57	60	s	s	1	1	126.49251654338286	s57-s60_cs-cs_o1-o1
1896	between	57	61	h	h	0	0	117.97370357546205	s57-s61_ch-ch_o0-o0
1897	between	57	61	h	h	1	1	134.53923696985586	s57-s61_ch-ch_o1-o1
1898	between	57	61	k	k	0	0	130.1559132933433	s57-s61_ck-ck_o0-o0
1899	between	57	61	k	k	1	1	151.3794099809332	s57-s61_ck-ck_o1-o1
1900	between	57	61	s	s	0	0	142.23691177009758	s57-s61_cs-cs_o0-o0
1901	between	57	61	s	s	1	1	146.97486493767755	s57-s61_cs-cs_o1-o1
1902	between	57	65	h	h	0	0	122.32365177495097	s57-s65_ch-ch_o0-o0
1903	between	57	65	h	h	1	1	133.03123685909605	s57-s65_ch-ch_o1-o1
1904	between	57	65	k	k	0	0	144.79641526451852	s57-s65_ck-ck_o0-o0
1905	between	57	65	k	k	1	1	149.13536421805776	s57-s65_ck-ck_o1-o1
1906	between	57	65	s	s	0	0	156.93896095360077	s57-s65_cs-cs_o0-o0
1907	between	57	65	s	s	1	1	150.54429828529683	s57-s65_cs-cs_o1-o1
1908	between	57	67	h	h	0	0	112.162313097595	s57-s67_ch-ch_o0-o0
1909	between	57	67	h	h	1	1	129.5033497485459	s57-s67_ch-ch_o1-o1
1910	between	57	67	k	k	0	0	130.430574587779	s57-s67_ck-ck_o0-o0
1911	between	57	67	k	k	1	1	158.87449894148338	s57-s67_ck-ck_o1-o1
1912	between	57	67	s	s	0	0	172.48804655125488	s57-s67_cs-cs_o0-o0
1913	between	57	67	s	s	1	1	139.4580645338167	s57-s67_cs-cs_o1-o1
1914	between	57	74	h	h	0	0	143.07308694435832	s57-s74_ch-ch_o0-o0
1915	between	57	74	h	h	1	1	179.64630960864426	s57-s74_ch-ch_o1-o1
1916	between	57	74	k	k	0	0	154.948383647837	s57-s74_ck-ck_o0-o0
1917	between	57	74	k	k	1	1	161.7201610389555	s57-s74_ck-ck_o1-o1
1918	between	57	74	s	s	0	0	194.81740566386569	s57-s74_cs-cs_o0-o0
1919	between	57	74	s	s	1	1	181.429888315344	s57-s74_cs-cs_o1-o1
1920	between	57	76	h	h	0	0	156.18778972422578	s57-s76_ch-ch_o0-o0
1921	between	57	76	h	h	1	1	117.05212805164004	s57-s76_ch-ch_o1-o1
1922	between	57	76	k	k	0	0	124.50087051955677	s57-s76_ck-ck_o0-o0
1923	between	57	76	k	k	1	1	139.48213841122129	s57-s76_ck-ck_o1-o1
1924	between	57	76	s	s	0	0	149.61078592662005	s57-s76_cs-cs_o0-o0
1925	between	57	76	s	s	1	1	154.09021270976487	s57-s76_cs-cs_o1-o1
1926	between	57	79	h	h	0	0	140.59625196562655	s57-s79_ch-ch_o0-o0
1927	between	57	79	h	h	1	1	150.41384310014672	s57-s79_ch-ch_o1-o1
1928	between	57	79	k	k	0	0	143.61344260508494	s57-s79_ck-ck_o0-o0
1929	between	57	79	k	k	1	1	172.3044428092388	s57-s79_ck-ck_o1-o1
1930	between	57	79	s	s	0	0	175.21397111370638	s57-s79_cs-cs_o0-o0
1931	between	57	79	s	s	1	1	137.6650324452132	s57-s79_cs-cs_o1-o1
1932	between	57	80	h	h	0	0	179.55328801897562	s57-s80_ch-ch_o0-o0
1933	between	57	80	h	h	1	1	159.38289537017712	s57-s80_ch-ch_o1-o1
1934	between	57	80	k	k	0	0	179.38728149335614	s57-s80_ck-ck_o0-o0
1935	between	57	80	k	k	1	1	201.62771510316793	s57-s80_ck-ck_o1-o1
1936	between	57	80	s	s	0	0	179.05855668639163	s57-s80_cs-cs_o0-o0
1937	between	57	80	s	s	1	1	159.55939271476996	s57-s80_cs-cs_o1-o1
1938	between	57	81	h	h	0	0	127.61056096985172	s57-s81_ch-ch_o0-o0
1939	between	57	81	h	h	1	1	141.96092139052018	s57-s81_ch-ch_o1-o1
1940	between	57	81	k	k	0	0	133.37956504935204	s57-s81_ck-ck_o0-o0
1941	between	57	81	k	k	1	1	173.53217944552665	s57-s81_ck-ck_o1-o1
1942	between	57	81	s	s	0	0	222.4589860465419	s57-s81_cs-cs_o0-o0
1943	between	57	81	s	s	1	1	202.42984765448938	s57-s81_cs-cs_o1-o1
1944	between	57	87	h	h	0	0	128.22503886647763	s57-s87_ch-ch_o0-o0
1945	between	57	87	h	h	1	1	106.7718428611145	s57-s87_ch-ch_o1-o1
1946	between	57	87	k	k	0	0	138.78092374630174	s57-s87_ck-ck_o0-o0
1947	between	57	87	k	k	1	1	155.61882478022684	s57-s87_ck-ck_o1-o1
1948	between	57	87	s	s	0	0	185.39109677081638	s57-s87_cs-cs_o0-o0
1949	between	57	87	s	s	1	1	177.15885186176644	s57-s87_cs-cs_o1-o1
1950	between	57	88	h	h	0	0	150.29906283245134	s57-s88_ch-ch_o0-o0
1951	between	57	88	h	h	1	1	165.73376985272165	s57-s88_ch-ch_o1-o1
1952	between	57	88	k	k	0	0	173.98850807145715	s57-s88_ck-ck_o0-o0
1953	between	57	88	k	k	1	1	194.28808996921714	s57-s88_ck-ck_o1-o1
1954	between	57	88	s	s	0	0	210.91374515119387	s57-s88_cs-cs_o0-o0
1955	between	57	88	s	s	1	1	181.73630279183632	s57-s88_cs-cs_o1-o1
1956	between	57	89	h	h	0	0	103.35202182072467	s57-s89_ch-ch_o0-o0
1957	between	57	89	h	h	1	1	107.98950018554446	s57-s89_ch-ch_o1-o1
1958	between	57	89	k	k	0	0	110.7780559002059	s57-s89_ck-ck_o0-o0
1959	between	57	89	k	k	1	1	145.56913475908564	s57-s89_ck-ck_o1-o1
1960	between	57	89	s	s	0	0	164.8437451442414	s57-s89_cs-cs_o0-o0
1961	between	57	89	s	s	1	1	112.75068482491154	s57-s89_cs-cs_o1-o1
1962	between	57	90	h	h	0	0	145.81481151018752	s57-s90_ch-ch_o0-o0
1963	between	57	90	h	h	1	1	142.31875324405647	s57-s90_ch-ch_o1-o1
1964	between	57	90	k	k	0	0	150.93394074840242	s57-s90_ck-ck_o0-o0
1965	between	57	90	k	k	1	1	186.33393155802332	s57-s90_ck-ck_o1-o1
1966	between	57	90	s	s	0	0	160.2006001067811	s57-s90_cs-cs_o0-o0
1967	between	57	90	s	s	1	1	158.96900920459717	s57-s90_cs-cs_o1-o1
1968	between	57	91	h	h	0	0	105.544824126216	s57-s91_ch-ch_o0-o0
1969	between	57	91	h	h	1	1	121.1792014771845	s57-s91_ch-ch_o1-o1
1970	between	57	91	k	k	0	0	117.47654591117991	s57-s91_ck-ck_o0-o0
1971	between	57	91	k	k	1	1	173.31422657209447	s57-s91_ck-ck_o1-o1
1972	between	57	91	s	s	0	0	201.96408803132337	s57-s91_cs-cs_o0-o0
1973	between	57	91	s	s	1	1	201.82863332225702	s57-s91_cs-cs_o1-o1
1974	between	57	92	h	h	0	0	139.76312957569633	s57-s92_ch-ch_o0-o0
1975	between	57	92	h	h	1	1	116.08316231105768	s57-s92_ch-ch_o1-o1
1976	between	57	92	k	k	0	0	135.61855827496814	s57-s92_ck-ck_o0-o0
1977	between	57	92	k	k	1	1	151.61121213688546	s57-s92_ck-ck_o1-o1
1978	between	57	92	s	s	0	0	231.4518237732191	s57-s92_cs-cs_o0-o0
1979	between	57	92	s	s	1	1	133.89222916877128	s57-s92_cs-cs_o1-o1
1980	between	57	94	h	h	0	0	122.29718615337767	s57-s94_ch-ch_o0-o0
1981	between	57	94	h	h	1	1	129.74617353272768	s57-s94_ch-ch_o1-o1
1982	between	57	94	k	k	0	0	147.69839349806873	s57-s94_ck-ck_o0-o0
1983	between	57	94	k	k	1	1	175.59251072381332	s57-s94_ck-ck_o1-o1
1984	between	57	94	s	s	0	0	284.3293354991211	s57-s94_cs-cs_o0-o0
1985	between	57	94	s	s	1	1	217.9719500347397	s57-s94_cs-cs_o1-o1
1986	between	57	95	h	h	0	0	106.2162250957007	s57-s95_ch-ch_o0-o0
1987	between	57	95	h	h	1	1	116.360123630692	s57-s95_ch-ch_o1-o1
1988	between	57	95	k	k	0	0	114.54385107875916	s57-s95_ck-ck_o0-o0
1989	between	57	95	k	k	1	1	138.2049010016061	s57-s95_ck-ck_o1-o1
1990	between	57	95	s	s	0	0	134.8836508948806	s57-s95_cs-cs_o0-o0
1991	between	57	95	s	s	1	1	125.38099956521583	s57-s95_cs-cs_o1-o1
1992	between	57	97	h	h	0	0	134.31440599461268	s57-s97_ch-ch_o0-o0
1993	between	57	97	h	h	1	1	139.63422257500156	s57-s97_ch-ch_o1-o1
1994	between	57	97	k	k	0	0	145.87273236225383	s57-s97_ck-ck_o0-o0
1995	between	57	97	k	k	1	1	168.0612101101032	s57-s97_ck-ck_o1-o1
1996	between	57	97	s	s	0	0	143.65701241689473	s57-s97_cs-cs_o0-o0
1997	between	57	97	s	s	1	1	142.70691553940503	s57-s97_cs-cs_o1-o1
1998	between	57	99	h	h	0	0	106.15039915176799	s57-s99_ch-ch_o0-o0
1999	between	57	99	h	h	1	1	129.3283697673212	s57-s99_ch-ch_o1-o1
2000	between	57	99	k	k	0	0	124.62442624780194	s57-s99_ck-ck_o0-o0
2001	between	57	99	k	k	1	1	153.34819260532439	s57-s99_ck-ck_o1-o1
2002	between	57	99	s	s	0	0	161.39061734276967	s57-s99_cs-cs_o0-o0
2003	between	57	99	s	s	1	1	143.13993526900762	s57-s99_cs-cs_o1-o1
2004	between	58	59	h	h	0	0	88.87645220957769	s58-s59_ch-ch_o0-o0
2005	between	58	59	h	h	1	1	100.13718081141278	s58-s59_ch-ch_o1-o1
2006	between	58	59	k	k	0	0	98.22751779416296	s58-s59_ck-ck_o0-o0
2007	between	58	59	k	k	1	1	116.09628995536558	s58-s59_ck-ck_o1-o1
2008	between	58	59	s	s	0	0	147.41406496300053	s58-s59_cs-cs_o0-o0
2009	between	58	59	s	s	1	1	153.83730125344508	s58-s59_cs-cs_o1-o1
2010	between	58	60	h	h	0	0	123.92249507352203	s58-s60_ch-ch_o0-o0
2011	between	58	60	h	h	1	1	109.09158551996019	s58-s60_ch-ch_o1-o1
2012	between	58	60	k	k	0	0	125.96831741676063	s58-s60_ck-ck_o0-o0
2013	between	58	60	k	k	1	1	140.64077093392706	s58-s60_ck-ck_o1-o1
2014	between	58	60	s	s	0	0	160.81982969625517	s58-s60_cs-cs_o0-o0
2015	between	58	60	s	s	1	1	163.0720401170421	s58-s60_cs-cs_o1-o1
2016	between	58	61	h	h	0	0	111.89349932726039	s58-s61_ch-ch_o0-o0
2017	between	58	61	h	h	1	1	106.99697009723204	s58-s61_ch-ch_o1-o1
2018	between	58	61	k	k	0	0	100.0597371330724	s58-s61_ck-ck_o0-o0
2019	between	58	61	k	k	1	1	133.5910838333315	s58-s61_ck-ck_o1-o1
2020	between	58	61	s	s	0	0	173.6042920076035	s58-s61_cs-cs_o0-o0
2021	between	58	61	s	s	1	1	177.44215752597984	s58-s61_cs-cs_o1-o1
2022	between	58	65	h	h	0	0	116.11312999562284	s58-s65_ch-ch_o0-o0
2023	between	58	65	h	h	1	1	107.6557679232808	s58-s65_ch-ch_o1-o1
2024	between	58	65	k	k	0	0	115.44718821745758	s58-s65_ck-ck_o0-o0
2025	between	58	65	k	k	1	1	115.79518922812379	s58-s65_ck-ck_o1-o1
2026	between	58	65	s	s	0	0	180.37929510423925	s58-s65_cs-cs_o0-o0
2027	between	58	65	s	s	1	1	164.7236550457372	s58-s65_cs-cs_o1-o1
2028	between	58	67	h	h	0	0	107.95333691579386	s58-s67_ch-ch_o0-o0
2029	between	58	67	h	h	1	1	124.76978927465113	s58-s67_ch-ch_o1-o1
2030	between	58	67	k	k	0	0	130.086313009972	s58-s67_ck-ck_o0-o0
2031	between	58	67	k	k	1	1	123.22643385486698	s58-s67_ck-ck_o1-o1
2032	between	58	67	s	s	0	0	190.54740134306275	s58-s67_cs-cs_o0-o0
2033	between	58	67	s	s	1	1	153.6739220461578	s58-s67_cs-cs_o1-o1
2034	between	58	74	h	h	0	0	114.12185709626472	s58-s74_ch-ch_o0-o0
2035	between	58	74	h	h	1	1	115.38884633545318	s58-s74_ch-ch_o1-o1
2036	between	58	74	k	k	0	0	101.28965347467249	s58-s74_ck-ck_o0-o0
2037	between	58	74	k	k	1	1	127.90579294414434	s58-s74_ck-ck_o1-o1
2038	between	58	74	s	s	0	0	199.17706433020146	s58-s74_cs-cs_o0-o0
2039	between	58	74	s	s	1	1	182.38370362729972	s58-s74_cs-cs_o1-o1
2040	between	58	76	h	h	0	0	159.91704388744026	s58-s76_ch-ch_o0-o0
2041	between	58	76	h	h	1	1	107.35528991790035	s58-s76_ch-ch_o1-o1
2042	between	58	76	k	k	0	0	115.28888855094357	s58-s76_ck-ck_o0-o0
2043	between	58	76	k	k	1	1	109.89384625061308	s58-s76_ck-ck_o1-o1
2044	between	58	76	s	s	0	0	167.7557202910978	s58-s76_cs-cs_o0-o0
2045	between	58	76	s	s	1	1	179.7136796533966	s58-s76_cs-cs_o1-o1
2046	between	58	79	h	h	0	0	110.60461541556002	s58-s79_ch-ch_o0-o0
2047	between	58	79	h	h	1	1	115.45704138810714	s58-s79_ch-ch_o1-o1
2048	between	58	79	k	k	0	0	104.97751354995678	s58-s79_ck-ck_o0-o0
2049	between	58	79	k	k	1	1	113.20274889899778	s58-s79_ck-ck_o1-o1
2050	between	58	79	s	s	0	0	154.04229254759719	s58-s79_cs-cs_o0-o0
2051	between	58	79	s	s	1	1	141.42425310316028	s58-s79_cs-cs_o1-o1
2052	between	58	80	h	h	0	0	134.5932319208336	s58-s80_ch-ch_o0-o0
2053	between	58	80	h	h	1	1	134.20057471160428	s58-s80_ch-ch_o1-o1
2054	between	58	80	k	k	0	0	134.36854502088124	s58-s80_ck-ck_o0-o0
2055	between	58	80	k	k	1	1	137.2092297022625	s58-s80_ck-ck_o1-o1
2056	between	58	80	s	s	0	0	168.3133578341138	s58-s80_cs-cs_o0-o0
2057	between	58	80	s	s	1	1	167.51869171546372	s58-s80_cs-cs_o1-o1
2058	between	58	81	h	h	0	0	115.96231608871152	s58-s81_ch-ch_o0-o0
2059	between	58	81	h	h	1	1	136.64254527263682	s58-s81_ch-ch_o1-o1
2060	between	58	81	k	k	0	0	132.1530619527997	s58-s81_ck-ck_o0-o0
2061	between	58	81	k	k	1	1	141.5699577319642	s58-s81_ck-ck_o1-o1
2062	between	58	81	s	s	0	0	263.4771059798479	s58-s81_cs-cs_o0-o0
2063	between	58	81	s	s	1	1	226.14016184855822	s58-s81_cs-cs_o1-o1
2064	between	58	87	h	h	0	0	123.91917739724846	s58-s87_ch-ch_o0-o0
2065	between	58	87	h	h	1	1	116.97377909917599	s58-s87_ch-ch_o1-o1
2066	between	58	87	k	k	0	0	141.6382738484699	s58-s87_ck-ck_o0-o0
2067	between	58	87	k	k	1	1	126.89636324083473	s58-s87_ck-ck_o1-o1
2068	between	58	87	s	s	0	0	204.6532556076677	s58-s87_cs-cs_o0-o0
2069	between	58	87	s	s	1	1	229.58221754510393	s58-s87_cs-cs_o1-o1
2070	between	58	88	h	h	0	0	126.94619485333013	s58-s88_ch-ch_o0-o0
2071	between	58	88	h	h	1	1	125.67878058226272	s58-s88_ch-ch_o1-o1
2072	between	58	88	k	k	0	0	145.94199361214692	s58-s88_ck-ck_o0-o0
2073	between	58	88	k	k	1	1	139.08391525810572	s58-s88_ck-ck_o1-o1
2074	between	58	88	s	s	0	0	210.85802253113553	s58-s88_cs-cs_o0-o0
2075	between	58	88	s	s	1	1	197.91772224276966	s58-s88_cs-cs_o1-o1
2076	between	58	89	h	h	0	0	106.76282627663414	s58-s89_ch-ch_o0-o0
2077	between	58	89	h	h	1	1	114.10868171489399	s58-s89_ch-ch_o1-o1
2078	between	58	89	k	k	0	0	108.82680179771988	s58-s89_ck-ck_o0-o0
2079	between	58	89	k	k	1	1	105.0621694222257	s58-s89_ck-ck_o1-o1
2080	between	58	89	s	s	0	0	167.2168318735182	s58-s89_cs-cs_o0-o0
2081	between	58	89	s	s	1	1	154.37849100290157	s58-s89_cs-cs_o1-o1
2082	between	58	90	h	h	0	0	118.30329279097572	s58-s90_ch-ch_o0-o0
2083	between	58	90	h	h	1	1	120.48913162309724	s58-s90_ch-ch_o1-o1
2084	between	58	90	k	k	0	0	120.18722760893512	s58-s90_ck-ck_o0-o0
2085	between	58	90	k	k	1	1	138.6436798056329	s58-s90_ck-ck_o1-o1
2086	between	58	90	s	s	0	0	185.0414240853452	s58-s90_cs-cs_o0-o0
2087	between	58	90	s	s	1	1	197.2804993070704	s58-s90_cs-cs_o1-o1
2088	between	58	91	h	h	0	0	109.81726357453505	s58-s91_ch-ch_o0-o0
2089	between	58	91	h	h	1	1	104.02190833453544	s58-s91_ch-ch_o1-o1
2090	between	58	91	k	k	0	0	106.22261852982824	s58-s91_ck-ck_o0-o0
2091	between	58	91	k	k	1	1	139.94921394073492	s58-s91_ck-ck_o1-o1
2092	between	58	91	s	s	0	0	217.2103070372484	s58-s91_cs-cs_o0-o0
2093	between	58	91	s	s	1	1	205.85242296461135	s58-s91_cs-cs_o1-o1
2094	between	58	92	h	h	0	0	107.53101363708994	s58-s92_ch-ch_o0-o0
2095	between	58	92	h	h	1	1	115.11750868789191	s58-s92_ch-ch_o1-o1
2096	between	58	92	k	k	0	0	127.47079530579276	s58-s92_ck-ck_o0-o0
2097	between	58	92	k	k	1	1	120.75606195939294	s58-s92_ck-ck_o1-o1
2098	between	58	92	s	s	0	0	271.0741899117496	s58-s92_cs-cs_o0-o0
2099	between	58	92	s	s	1	1	160.1771540234118	s58-s92_cs-cs_o1-o1
2100	between	58	94	h	h	0	0	114.94782137729521	s58-s94_ch-ch_o0-o0
2101	between	58	94	h	h	1	1	122.38076362312835	s58-s94_ch-ch_o1-o1
2102	between	58	94	k	k	0	0	133.12862603459786	s58-s94_ck-ck_o0-o0
2103	between	58	94	k	k	1	1	134.892832196064	s58-s94_ck-ck_o1-o1
2104	between	58	94	s	s	0	0	316.16856417276864	s58-s94_cs-cs_o0-o0
2105	between	58	94	s	s	1	1	185.21274299486143	s58-s94_cs-cs_o1-o1
2106	between	58	95	h	h	0	0	105.06172354980585	s58-s95_ch-ch_o0-o0
2107	between	58	95	h	h	1	1	99.59025045837822	s58-s95_ch-ch_o1-o1
2108	between	58	95	k	k	0	0	82.75411382392599	s58-s95_ck-ck_o0-o0
2109	between	58	95	k	k	1	1	101.38145227660405	s58-s95_ck-ck_o1-o1
2110	between	58	95	s	s	0	0	157.50423259784057	s58-s95_cs-cs_o0-o0
2111	between	58	95	s	s	1	1	153.4522727565391	s58-s95_cs-cs_o1-o1
2112	between	58	97	h	h	0	0	120.27172754152134	s58-s97_ch-ch_o0-o0
2113	between	58	97	h	h	1	1	127.91701827026088	s58-s97_ch-ch_o1-o1
2114	between	58	97	k	k	0	0	139.5735669105275	s58-s97_ck-ck_o0-o0
2115	between	58	97	k	k	1	1	137.66398365396427	s58-s97_ck-ck_o1-o1
2116	between	58	97	s	s	0	0	149.8227355172756	s58-s97_cs-cs_o0-o0
2117	between	58	97	s	s	1	1	158.1752996409139	s58-s97_cs-cs_o1-o1
2118	between	58	99	h	h	0	0	90.70429148387473	s58-s99_ch-ch_o0-o0
2119	between	58	99	h	h	1	1	117.4458453157537	s58-s99_ch-ch_o1-o1
2120	between	58	99	k	k	0	0	105.74631335752318	s58-s99_ck-ck_o0-o0
2121	between	58	99	k	k	1	1	126.6650944348413	s58-s99_ck-ck_o1-o1
2122	between	58	99	s	s	0	0	166.59531757581672	s58-s99_cs-cs_o0-o0
2123	between	58	99	s	s	1	1	150.92202007466278	s58-s99_cs-cs_o1-o1
2124	between	59	60	h	h	0	0	106.54698132579638	s59-s60_ch-ch_o0-o0
2125	between	59	60	h	h	1	1	90.78001445700357	s59-s60_ch-ch_o1-o1
2126	between	59	60	k	k	0	0	123.20096005110759	s59-s60_ck-ck_o0-o0
2127	between	59	60	k	k	1	1	129.4447384182936	s59-s60_ck-ck_o1-o1
2128	between	59	60	s	s	0	0	99.5942771198142	s59-s60_cs-cs_o0-o0
2129	between	59	60	s	s	1	1	104.43573651933208	s59-s60_cs-cs_o1-o1
2130	between	59	61	h	h	0	0	105.2792626042551	s59-s61_ch-ch_o0-o0
2131	between	59	61	h	h	1	1	103.39253546928002	s59-s61_ch-ch_o1-o1
2132	between	59	61	k	k	0	0	106.84018118191248	s59-s61_ck-ck_o0-o0
2133	between	59	61	k	k	1	1	148.54139540007733	s59-s61_ck-ck_o1-o1
2134	between	59	61	s	s	0	0	108.87442734505136	s59-s61_cs-cs_o0-o0
2135	between	59	61	s	s	1	1	144.95119881589537	s59-s61_cs-cs_o1-o1
2136	between	59	65	h	h	0	0	102.49461938984562	s59-s65_ch-ch_o0-o0
2137	between	59	65	h	h	1	1	93.48294641083395	s59-s65_ch-ch_o1-o1
2138	between	59	65	k	k	0	0	92.9739436538251	s59-s65_ck-ck_o0-o0
2139	between	59	65	k	k	1	1	115.15420684423883	s59-s65_ck-ck_o1-o1
2140	between	59	65	s	s	0	0	112.26864614153341	s59-s65_cs-cs_o0-o0
2141	between	59	65	s	s	1	1	111.09099662185416	s59-s65_cs-cs_o1-o1
2142	between	59	67	h	h	0	0	103.32674196481784	s59-s67_ch-ch_o0-o0
2143	between	59	67	h	h	1	1	88.46637239431847	s59-s67_ch-ch_o1-o1
2144	between	59	67	k	k	0	0	113.17563368866567	s59-s67_ck-ck_o0-o0
2145	between	59	67	k	k	1	1	94.9502710579506	s59-s67_ck-ck_o1-o1
2146	between	59	67	s	s	0	0	137.7767201907906	s59-s67_cs-cs_o0-o0
2147	between	59	67	s	s	1	1	117.09689529473758	s59-s67_cs-cs_o1-o1
2148	between	59	74	h	h	0	0	108.66351891248412	s59-s74_ch-ch_o0-o0
2149	between	59	74	h	h	1	1	118.45435961073167	s59-s74_ch-ch_o1-o1
2150	between	59	74	k	k	0	0	102.26320157992626	s59-s74_ck-ck_o0-o0
2151	between	59	74	k	k	1	1	145.06527593025328	s59-s74_ck-ck_o1-o1
2152	between	59	74	s	s	0	0	144.06824789989145	s59-s74_cs-cs_o0-o0
2153	between	59	74	s	s	1	1	152.95930939104903	s59-s74_cs-cs_o1-o1
2154	between	59	76	h	h	0	0	150.31728045995527	s59-s76_ch-ch_o0-o0
2155	between	59	76	h	h	1	1	87.39818341309945	s59-s76_ch-ch_o1-o1
2156	between	59	76	k	k	0	0	98.20633660836256	s59-s76_ck-ck_o0-o0
2157	between	59	76	k	k	1	1	111.23496577062737	s59-s76_ck-ck_o1-o1
2158	between	59	76	s	s	0	0	116.7960314230313	s59-s76_cs-cs_o0-o0
2159	between	59	76	s	s	1	1	107.56567630433588	s59-s76_cs-cs_o1-o1
2160	between	59	79	h	h	0	0	98.24444294076272	s59-s79_ch-ch_o0-o0
2161	between	59	79	h	h	1	1	98.0110510549786	s59-s79_ch-ch_o1-o1
2162	between	59	79	k	k	0	0	98.92634902285228	s59-s79_ck-ck_o0-o0
2163	between	59	79	k	k	1	1	121.55514284155102	s59-s79_ck-ck_o1-o1
2164	between	59	79	s	s	0	0	118.87824855417921	s59-s79_cs-cs_o0-o0
2165	between	59	79	s	s	1	1	104.12178867956173	s59-s79_cs-cs_o1-o1
2166	between	59	80	h	h	0	0	111.46674477374756	s59-s80_ch-ch_o0-o0
2167	between	59	80	h	h	1	1	104.5372309929239	s59-s80_ch-ch_o1-o1
2168	between	59	80	k	k	0	0	128.46492676343124	s59-s80_ck-ck_o0-o0
2169	between	59	80	k	k	1	1	150.5121514562721	s59-s80_ck-ck_o1-o1
2170	between	59	80	s	s	0	0	120.40381512198216	s59-s80_cs-cs_o0-o0
2171	between	59	80	s	s	1	1	106.05531126441078	s59-s80_cs-cs_o1-o1
2172	between	59	81	h	h	0	0	106.01672220036917	s59-s81_ch-ch_o0-o0
2173	between	59	81	h	h	1	1	100.94726754482828	s59-s81_ch-ch_o1-o1
2174	between	59	81	k	k	0	0	131.63875255338866	s59-s81_ck-ck_o0-o0
2175	between	59	81	k	k	1	1	142.2841741560872	s59-s81_ck-ck_o1-o1
2176	between	59	81	s	s	0	0	162.20510756276516	s59-s81_cs-cs_o0-o0
2177	between	59	81	s	s	1	1	142.47634777846073	s59-s81_cs-cs_o1-o1
2178	between	59	87	h	h	0	0	123.04603647087546	s59-s87_ch-ch_o0-o0
2179	between	59	87	h	h	1	1	98.91365000661774	s59-s87_ch-ch_o1-o1
2180	between	59	87	k	k	0	0	129.90651119929225	s59-s87_ck-ck_o0-o0
2181	between	59	87	k	k	1	1	98.91172045725911	s59-s87_ck-ck_o1-o1
2182	between	59	87	s	s	0	0	135.9179132880539	s59-s87_cs-cs_o0-o0
2183	between	59	87	s	s	1	1	199.35480053867016	s59-s87_cs-cs_o1-o1
2184	between	59	88	h	h	0	0	122.8281933924369	s59-s88_ch-ch_o0-o0
2185	between	59	88	h	h	1	1	114.13694399646437	s59-s88_ch-ch_o1-o1
2186	between	59	88	k	k	0	0	119.93931849272468	s59-s88_ck-ck_o0-o0
2187	between	59	88	k	k	1	1	126.88287131601588	s59-s88_ck-ck_o1-o1
2188	between	59	88	s	s	0	0	187.7089074189228	s59-s88_cs-cs_o0-o0
2189	between	59	88	s	s	1	1	163.33720354426742	s59-s88_cs-cs_o1-o1
2190	between	59	89	h	h	0	0	101.63911393021952	s59-s89_ch-ch_o0-o0
2191	between	59	89	h	h	1	1	94.4280517220972	s59-s89_ch-ch_o1-o1
2192	between	59	89	k	k	0	0	90.16034704761543	s59-s89_ck-ck_o0-o0
2193	between	59	89	k	k	1	1	94.93697270183081	s59-s89_ck-ck_o1-o1
2194	between	59	89	s	s	0	0	110.28659082451053	s59-s89_cs-cs_o0-o0
2195	between	59	89	s	s	1	1	83.31444809147516	s59-s89_cs-cs_o1-o1
2196	between	59	90	h	h	0	0	108.32631951353171	s59-s90_ch-ch_o0-o0
2197	between	59	90	h	h	1	1	106.09926259474791	s59-s90_ch-ch_o1-o1
2198	between	59	90	k	k	0	0	133.3153057179052	s59-s90_ck-ck_o0-o0
2199	between	59	90	k	k	1	1	152.642211879133	s59-s90_ck-ck_o1-o1
2200	between	59	90	s	s	0	0	130.56686609869396	s59-s90_cs-cs_o0-o0
2201	between	59	90	s	s	1	1	142.58648990740306	s59-s90_cs-cs_o1-o1
2202	between	59	91	h	h	0	0	111.45764530555861	s59-s91_ch-ch_o0-o0
2203	between	59	91	h	h	1	1	89.52370906583502	s59-s91_ch-ch_o1-o1
2204	between	59	91	k	k	0	0	93.47934028262118	s59-s91_ck-ck_o0-o0
2205	between	59	91	k	k	1	1	109.48471582950354	s59-s91_ck-ck_o1-o1
2206	between	59	91	s	s	0	0	178.99285013590614	s59-s91_cs-cs_o0-o0
2207	between	59	91	s	s	1	1	195.3372389268696	s59-s91_cs-cs_o1-o1
2208	between	59	92	h	h	0	0	100.8386761176255	s59-s92_ch-ch_o0-o0
2209	between	59	92	h	h	1	1	81.03041225834859	s59-s92_ch-ch_o1-o1
2210	between	59	92	k	k	0	0	122.54550250685378	s59-s92_ck-ck_o0-o0
2211	between	59	92	k	k	1	1	114.64156956364535	s59-s92_ck-ck_o1-o1
2212	between	59	92	s	s	0	0	221.95858192476013	s59-s92_cs-cs_o0-o0
2213	between	59	92	s	s	1	1	104.11158249318804	s59-s92_cs-cs_o1-o1
2214	between	59	94	h	h	0	0	102.5706888382681	s59-s94_ch-ch_o0-o0
2215	between	59	94	h	h	1	1	97.6289724181291	s59-s94_ch-ch_o1-o1
2216	between	59	94	k	k	0	0	108.28192109651793	s59-s94_ck-ck_o0-o0
2217	between	59	94	k	k	1	1	115.78767014490444	s59-s94_ck-ck_o1-o1
2218	between	59	94	s	s	0	0	272.4019351428822	s59-s94_cs-cs_o0-o0
2219	between	59	94	s	s	1	1	218.66396903580508	s59-s94_cs-cs_o1-o1
2220	between	59	95	h	h	0	0	96.60613735585727	s59-s95_ch-ch_o0-o0
2221	between	59	95	h	h	1	1	84.98398330557478	s59-s95_ch-ch_o1-o1
2222	between	59	95	k	k	0	0	88.88767847910063	s59-s95_ck-ck_o0-o0
2223	between	59	95	k	k	1	1	101.01598364793813	s59-s95_ck-ck_o1-o1
2224	between	59	95	s	s	0	0	110.50292402902865	s59-s95_cs-cs_o0-o0
2225	between	59	95	s	s	1	1	121.17380369657798	s59-s95_cs-cs_o1-o1
2226	between	59	97	h	h	0	0	107.0602472138414	s59-s97_ch-ch_o0-o0
2227	between	59	97	h	h	1	1	98.40029975493051	s59-s97_ch-ch_o1-o1
2228	between	59	97	k	k	0	0	123.92531848164337	s59-s97_ck-ck_o0-o0
2229	between	59	97	k	k	1	1	120.70393627471402	s59-s97_ck-ck_o1-o1
2230	between	59	97	s	s	0	0	108.21508360790664	s59-s97_cs-cs_o0-o0
2231	between	59	97	s	s	1	1	89.36062562143924	s59-s97_cs-cs_o1-o1
2232	between	59	99	h	h	0	0	95.75946734815354	s59-s99_ch-ch_o0-o0
2233	between	59	99	h	h	1	1	89.31839585692191	s59-s99_ch-ch_o1-o1
2234	between	59	99	k	k	0	0	87.38008763597685	s59-s99_ck-ck_o0-o0
2235	between	59	99	k	k	1	1	141.82125309914971	s59-s99_ck-ck_o1-o1
2236	between	59	99	s	s	0	0	116.26155497181065	s59-s99_cs-cs_o0-o0
2237	between	59	99	s	s	1	1	103.74831735440019	s59-s99_cs-cs_o1-o1
2238	between	60	61	h	h	0	0	105.07669703161227	s60-s61_ch-ch_o0-o0
2239	between	60	61	h	h	1	1	117.90786749938029	s60-s61_ch-ch_o1-o1
2240	between	60	61	k	k	0	0	147.25338223181913	s60-s61_ck-ck_o0-o0
2241	between	60	61	k	k	1	1	129.8206166561807	s60-s61_ck-ck_o1-o1
2242	between	60	61	s	s	0	0	133.9543313620338	s60-s61_cs-cs_o0-o0
2243	between	60	61	s	s	1	1	155.1521991649449	s60-s61_cs-cs_o1-o1
2244	between	60	65	h	h	0	0	91.78305744814921	s60-s65_ch-ch_o0-o0
2245	between	60	65	h	h	1	1	103.20977482090414	s60-s65_ch-ch_o1-o1
2246	between	60	65	k	k	0	0	153.1105786800969	s60-s65_ck-ck_o0-o0
2247	between	60	65	k	k	1	1	135.89590771404932	s60-s65_ck-ck_o1-o1
2248	between	60	65	s	s	0	0	130.2718684843691	s60-s65_cs-cs_o0-o0
2249	between	60	65	s	s	1	1	125.37066806015142	s60-s65_cs-cs_o1-o1
2250	between	60	67	h	h	0	0	119.49787410718196	s60-s67_ch-ch_o0-o0
2251	between	60	67	h	h	1	1	106.77735124956877	s60-s67_ch-ch_o1-o1
2252	between	60	67	k	k	0	0	143.50814425728564	s60-s67_ck-ck_o0-o0
2253	between	60	67	k	k	1	1	137.30836364169164	s60-s67_ck-ck_o1-o1
2254	between	60	67	s	s	0	0	159.38665794130242	s60-s67_cs-cs_o0-o0
2255	between	60	67	s	s	1	1	131.02960203944988	s60-s67_cs-cs_o1-o1
2256	between	60	74	h	h	0	0	135.17844384061627	s60-s74_ch-ch_o0-o0
2257	between	60	74	h	h	1	1	133.26858983376377	s60-s74_ch-ch_o1-o1
2258	between	60	74	k	k	0	0	160.13310112043575	s60-s74_ck-ck_o0-o0
2259	between	60	74	k	k	1	1	159.29463979807645	s60-s74_ck-ck_o1-o1
2260	between	60	74	s	s	0	0	192.67231278349385	s60-s74_cs-cs_o0-o0
2261	between	60	74	s	s	1	1	165.86733848694598	s60-s74_cs-cs_o1-o1
2262	between	60	76	h	h	0	0	134.56765951810772	s60-s76_ch-ch_o0-o0
2263	between	60	76	h	h	1	1	96.7508186292063	s60-s76_ch-ch_o1-o1
2264	between	60	76	k	k	0	0	135.23367486442856	s60-s76_ck-ck_o0-o0
2265	between	60	76	k	k	1	1	135.68552000627523	s60-s76_ck-ck_o1-o1
2266	between	60	76	s	s	0	0	138.73807576853915	s60-s76_cs-cs_o0-o0
2267	between	60	76	s	s	1	1	124.83624974837376	s60-s76_cs-cs_o1-o1
2268	between	60	79	h	h	0	0	120.76386067335815	s60-s79_ch-ch_o0-o0
2269	between	60	79	h	h	1	1	113.11594590920477	s60-s79_ch-ch_o1-o1
2270	between	60	79	k	k	0	0	141.35604505614634	s60-s79_ck-ck_o0-o0
2271	between	60	79	k	k	1	1	151.15850523958287	s60-s79_ck-ck_o1-o1
2272	between	60	79	s	s	0	0	147.05802625035736	s60-s79_cs-cs_o0-o0
2273	between	60	79	s	s	1	1	106.81717911494636	s60-s79_cs-cs_o1-o1
2274	between	60	80	h	h	0	0	142.04539797135456	s60-s80_ch-ch_o0-o0
2275	between	60	80	h	h	1	1	127.13668525240276	s60-s80_ch-ch_o1-o1
2276	between	60	80	k	k	0	0	178.1066615054015	s60-s80_ck-ck_o0-o0
2277	between	60	80	k	k	1	1	197.68186029537793	s60-s80_ck-ck_o1-o1
2278	between	60	80	s	s	0	0	153.0349035765882	s60-s80_cs-cs_o0-o0
2279	between	60	80	s	s	1	1	123.27682862064474	s60-s80_cs-cs_o1-o1
2280	between	60	81	h	h	0	0	124.36522497777655	s60-s81_ch-ch_o0-o0
2281	between	60	81	h	h	1	1	125.4156388906944	s60-s81_ch-ch_o1-o1
2282	between	60	81	k	k	0	0	150.56294716063627	s60-s81_ck-ck_o0-o0
2283	between	60	81	k	k	1	1	161.1788016539339	s60-s81_ck-ck_o1-o1
2284	between	60	81	s	s	0	0	189.39890483215476	s60-s81_cs-cs_o0-o0
2285	between	60	81	s	s	1	1	181.46855948251405	s60-s81_cs-cs_o1-o1
2286	between	60	87	h	h	0	0	133.78971000409587	s60-s87_ch-ch_o0-o0
2287	between	60	87	h	h	1	1	100.28269627467732	s60-s87_ch-ch_o1-o1
2288	between	60	87	k	k	0	0	143.00996034803853	s60-s87_ck-ck_o0-o0
2289	between	60	87	k	k	1	1	120.43763100108484	s60-s87_ck-ck_o1-o1
2290	between	60	87	s	s	0	0	152.94843494241883	s60-s87_cs-cs_o0-o0
2291	between	60	87	s	s	1	1	201.77072510844852	s60-s87_cs-cs_o1-o1
2292	between	60	88	h	h	0	0	133.13175811057388	s60-s88_ch-ch_o0-o0
2293	between	60	88	h	h	1	1	136.01428586854965	s60-s88_ch-ch_o1-o1
2294	between	60	88	k	k	0	0	162.37319520976914	s60-s88_ck-ck_o0-o0
2295	between	60	88	k	k	1	1	156.22609618984652	s60-s88_ck-ck_o1-o1
2296	between	60	88	s	s	0	0	209.33978394328386	s60-s88_cs-cs_o0-o0
2297	between	60	88	s	s	1	1	171.96012171686178	s60-s88_cs-cs_o1-o1
2298	between	60	89	h	h	0	0	102.3216613469491	s60-s89_ch-ch_o0-o0
2299	between	60	89	h	h	1	1	100.45575467062284	s60-s89_ch-ch_o1-o1
2300	between	60	89	k	k	0	0	128.26645064159595	s60-s89_ck-ck_o0-o0
2301	between	60	89	k	k	1	1	120.90683111716095	s60-s89_ck-ck_o1-o1
2302	between	60	89	s	s	0	0	142.06929185537516	s60-s89_cs-cs_o0-o0
2303	between	60	89	s	s	1	1	100.72038803741536	s60-s89_cs-cs_o1-o1
2304	between	60	90	h	h	0	0	135.45812473567278	s60-s90_ch-ch_o0-o0
2305	between	60	90	h	h	1	1	119.08397400744445	s60-s90_ch-ch_o1-o1
2306	between	60	90	k	k	0	0	164.20045250066448	s60-s90_ck-ck_o0-o0
2307	between	60	90	k	k	1	1	183.37261828051695	s60-s90_ck-ck_o1-o1
2308	between	60	90	s	s	0	0	155.54987113748345	s60-s90_cs-cs_o0-o0
2309	between	60	90	s	s	1	1	160.39103886587677	s60-s90_cs-cs_o1-o1
2310	between	60	91	h	h	0	0	100.05447170890133	s60-s91_ch-ch_o0-o0
2311	between	60	91	h	h	1	1	95.03801928458763	s60-s91_ch-ch_o1-o1
2312	between	60	91	k	k	0	0	130.202205596325	s60-s91_ck-ck_o0-o0
2313	between	60	91	k	k	1	1	127.66280320624772	s60-s91_ck-ck_o1-o1
2314	between	60	91	s	s	0	0	196.7265343762275	s60-s91_cs-cs_o0-o0
2315	between	60	91	s	s	1	1	198.88406263909303	s60-s91_cs-cs_o1-o1
2316	between	60	92	h	h	0	0	135.50591639373224	s60-s92_ch-ch_o0-o0
2317	between	60	92	h	h	1	1	99.07550207189473	s60-s92_ch-ch_o1-o1
2318	between	60	92	k	k	0	0	139.5653120797834	s60-s92_ck-ck_o0-o0
2319	between	60	92	k	k	1	1	127.38489017392885	s60-s92_ck-ck_o1-o1
2320	between	60	92	s	s	0	0	218.80603395022237	s60-s92_cs-cs_o0-o0
2321	between	60	92	s	s	1	1	131.4374103545688	s60-s92_cs-cs_o1-o1
2322	between	60	94	h	h	0	0	117.50114617723291	s60-s94_ch-ch_o0-o0
2323	between	60	94	h	h	1	1	109.59245138401016	s60-s94_ch-ch_o1-o1
2324	between	60	94	k	k	0	0	150.46224895614498	s60-s94_ck-ck_o0-o0
2325	between	60	94	k	k	1	1	135.19138500605752	s60-s94_ck-ck_o1-o1
2326	between	60	94	s	s	0	0	269.1271094334758	s60-s94_cs-cs_o0-o0
2327	between	60	94	s	s	1	1	235.7525082060744	s60-s94_cs-cs_o1-o1
2328	between	60	95	h	h	0	0	92.27033275748988	s60-s95_ch-ch_o0-o0
2329	between	60	95	h	h	1	1	99.63288150862947	s60-s95_ch-ch_o1-o1
2330	between	60	95	k	k	0	0	121.1205906065523	s60-s95_ck-ck_o0-o0
2331	between	60	95	k	k	1	1	112.3656545879784	s60-s95_ck-ck_o1-o1
2332	between	60	95	s	s	0	0	131.2513026332069	s60-s95_cs-cs_o0-o0
2333	between	60	95	s	s	1	1	132.43396695289456	s60-s95_cs-cs_o1-o1
2334	between	60	97	h	h	0	0	128.88349352440827	s60-s97_ch-ch_o0-o0
2335	between	60	97	h	h	1	1	114.5811889915412	s60-s97_ch-ch_o1-o1
2336	between	60	97	k	k	0	0	148.27183286888678	s60-s97_ck-ck_o0-o0
2337	between	60	97	k	k	1	1	152.58607081561766	s60-s97_ck-ck_o1-o1
2338	between	60	97	s	s	0	0	117.90659501216425	s60-s97_cs-cs_o0-o0
2339	between	60	97	s	s	1	1	118.79838830444649	s60-s97_cs-cs_o1-o1
2340	between	60	99	h	h	0	0	94.80766472942854	s60-s99_ch-ch_o0-o0
2341	between	60	99	h	h	1	1	112.88014421417326	s60-s99_ch-ch_o1-o1
2342	between	60	99	k	k	0	0	135.53103442941807	s60-s99_ck-ck_o0-o0
2343	between	60	99	k	k	1	1	160.50308417704784	s60-s99_ck-ck_o1-o1
2344	between	60	99	s	s	0	0	149.13746111124755	s60-s99_cs-cs_o0-o0
2345	between	60	99	s	s	1	1	134.43803216609004	s60-s99_cs-cs_o1-o1
2346	between	61	65	h	h	0	0	87.98044016074249	s61-s65_ch-ch_o0-o0
2347	between	61	65	h	h	1	1	89.07475500468473	s61-s65_ch-ch_o1-o1
2348	between	61	65	k	k	0	0	118.24004055842654	s61-s65_ck-ck_o0-o0
2349	between	61	65	k	k	1	1	138.61662648980501	s61-s65_ck-ck_o1-o1
2350	between	61	65	s	s	0	0	119.91312564289484	s61-s65_cs-cs_o0-o0
2351	between	61	65	s	s	1	1	148.02746538548377	s61-s65_cs-cs_o1-o1
2352	between	61	67	h	h	0	0	111.88064964998867	s61-s67_ch-ch_o0-o0
2353	between	61	67	h	h	1	1	133.2387747514903	s61-s67_ch-ch_o1-o1
2354	between	61	67	k	k	0	0	123.40294253618043	s61-s67_ck-ck_o0-o0
2355	between	61	67	k	k	1	1	148.07379821024617	s61-s67_ck-ck_o1-o1
2356	between	61	67	s	s	0	0	189.47967272466323	s61-s67_cs-cs_o0-o0
2357	between	61	67	s	s	1	1	163.326790603592	s61-s67_cs-cs_o1-o1
2358	between	61	74	h	h	0	0	112.67533938092886	s61-s74_ch-ch_o0-o0
2359	between	61	74	h	h	1	1	116.65626523718011	s61-s74_ch-ch_o1-o1
2360	between	61	74	k	k	0	0	101.7590658400376	s61-s74_ck-ck_o0-o0
2361	between	61	74	k	k	1	1	128.24954882332563	s61-s74_ck-ck_o1-o1
2362	between	61	74	s	s	0	0	152.43408008942018	s61-s74_cs-cs_o0-o0
2363	between	61	74	s	s	1	1	135.48522500071803	s61-s74_cs-cs_o1-o1
2364	between	61	76	h	h	0	0	156.49299623512783	s61-s76_ch-ch_o0-o0
2365	between	61	76	h	h	1	1	111.07101149632592	s61-s76_ch-ch_o1-o1
2366	between	61	76	k	k	0	0	124.93140315867028	s61-s76_ck-ck_o0-o0
2367	between	61	76	k	k	1	1	136.13916495917124	s61-s76_ck-ck_o1-o1
2368	between	61	76	s	s	0	0	147.96342204089112	s61-s76_cs-cs_o0-o0
2369	between	61	76	s	s	1	1	184.438177166615	s61-s76_cs-cs_o1-o1
2370	between	61	79	h	h	0	0	126.32706011370085	s61-s79_ch-ch_o0-o0
2371	between	61	79	h	h	1	1	109.84400950334805	s61-s79_ch-ch_o1-o1
2372	between	61	79	k	k	0	0	131.6567303485129	s61-s79_ck-ck_o0-o0
2373	between	61	79	k	k	1	1	157.25329794266875	s61-s79_ck-ck_o1-o1
2374	between	61	79	s	s	0	0	144.88124297627783	s61-s79_cs-cs_o0-o0
2375	between	61	79	s	s	1	1	144.6680796359847	s61-s79_cs-cs_o1-o1
2376	between	61	80	h	h	0	0	156.00854359172186	s61-s80_ch-ch_o0-o0
2377	between	61	80	h	h	1	1	145.84132670695294	s61-s80_ch-ch_o1-o1
2378	between	61	80	k	k	0	0	164.82948296501414	s61-s80_ck-ck_o0-o0
2379	between	61	80	k	k	1	1	210.13709580619724	s61-s80_ck-ck_o1-o1
2380	between	61	80	s	s	0	0	162.6373044948495	s61-s80_cs-cs_o0-o0
2381	between	61	80	s	s	1	1	181.5385391030757	s61-s80_cs-cs_o1-o1
2382	between	61	81	h	h	0	0	131.45585956453496	s61-s81_ch-ch_o0-o0
2383	between	61	81	h	h	1	1	142.15697738692285	s61-s81_ch-ch_o1-o1
2384	between	61	81	k	k	0	0	135.89573804788685	s61-s81_ck-ck_o0-o0
2385	between	61	81	k	k	1	1	174.23540631564126	s61-s81_ck-ck_o1-o1
2386	between	61	81	s	s	0	0	194.0737499351638	s61-s81_cs-cs_o0-o0
2387	between	61	81	s	s	1	1	194.18460172452487	s61-s81_cs-cs_o1-o1
2388	between	61	87	h	h	0	0	114.82557332188628	s61-s87_ch-ch_o0-o0
2389	between	61	87	h	h	1	1	119.01639078414809	s61-s87_ch-ch_o1-o1
2390	between	61	87	k	k	0	0	136.26068321242445	s61-s87_ck-ck_o0-o0
2391	between	61	87	k	k	1	1	131.89059108027487	s61-s87_ck-ck_o1-o1
2392	between	61	87	s	s	0	0	167.99589682507707	s61-s87_cs-cs_o0-o0
2393	between	61	87	s	s	1	1	189.2178229265208	s61-s87_cs-cs_o1-o1
2394	between	61	88	h	h	0	0	138.24332090352826	s61-s88_ch-ch_o0-o0
2395	between	61	88	h	h	1	1	135.48967801292244	s61-s88_ch-ch_o1-o1
2396	between	61	88	k	k	0	0	159.00930757065635	s61-s88_ck-ck_o0-o0
2397	between	61	88	k	k	1	1	172.2787275643043	s61-s88_ck-ck_o1-o1
2398	between	61	88	s	s	0	0	194.10007293399372	s61-s88_cs-cs_o0-o0
2399	between	61	88	s	s	1	1	183.03719257183195	s61-s88_cs-cs_o1-o1
2400	between	61	89	h	h	0	0	76.83713923151704	s61-s89_ch-ch_o0-o0
2401	between	61	89	h	h	1	1	104.84777182059173	s61-s89_ch-ch_o1-o1
2402	between	61	89	k	k	0	0	102.22765973312146	s61-s89_ck-ck_o0-o0
2403	between	61	89	k	k	1	1	125.43754433439128	s61-s89_ck-ck_o1-o1
2404	between	61	89	s	s	0	0	158.23228668409297	s61-s89_cs-cs_o0-o0
2405	between	61	89	s	s	1	1	134.54638211801503	s61-s89_cs-cs_o1-o1
2406	between	61	90	h	h	0	0	139.9727999513985	s61-s90_ch-ch_o0-o0
2407	between	61	90	h	h	1	1	114.95615322276501	s61-s90_ch-ch_o1-o1
2408	between	61	90	k	k	0	0	149.7669989256688	s61-s90_ck-ck_o0-o0
2409	between	61	90	k	k	1	1	177.4819514194181	s61-s90_ck-ck_o1-o1
2410	between	61	90	s	s	0	0	148.57545756595215	s61-s90_cs-cs_o0-o0
2411	between	61	90	s	s	1	1	179.4392299777355	s61-s90_cs-cs_o1-o1
2412	between	61	91	h	h	0	0	100.40501616066116	s61-s91_ch-ch_o0-o0
2413	between	61	91	h	h	1	1	91.76951270763311	s61-s91_ch-ch_o1-o1
2414	between	61	91	k	k	0	0	104.13918364437586	s61-s91_ck-ck_o0-o0
2415	between	61	91	k	k	1	1	151.65928317717004	s61-s91_ck-ck_o1-o1
2416	between	61	91	s	s	0	0	186.9872440937994	s61-s91_cs-cs_o0-o0
2417	between	61	91	s	s	1	1	206.76961284846635	s61-s91_cs-cs_o1-o1
2418	between	61	92	h	h	0	0	124.28085841189402	s61-s92_ch-ch_o0-o0
2419	between	61	92	h	h	1	1	119.5662999793059	s61-s92_ch-ch_o1-o1
2420	between	61	92	k	k	0	0	129.47165057573787	s61-s92_ck-ck_o0-o0
2421	between	61	92	k	k	1	1	139.13301872760567	s61-s92_ck-ck_o1-o1
2422	between	61	92	s	s	0	0	240.9255495374713	s61-s92_cs-cs_o0-o0
2423	between	61	92	s	s	1	1	145.4640700972735	s61-s92_cs-cs_o1-o1
2424	between	61	94	h	h	0	0	101.97455566897597	s61-s94_ch-ch_o0-o0
2425	between	61	94	h	h	1	1	115.68023141890744	s61-s94_ch-ch_o1-o1
2426	between	61	94	k	k	0	0	116.67824662080906	s61-s94_ck-ck_o0-o0
2427	between	61	94	k	k	1	1	137.09222568857865	s61-s94_ck-ck_o1-o1
2428	between	61	94	s	s	0	0	280.0993991143568	s61-s94_cs-cs_o0-o0
2429	between	61	94	s	s	1	1	220.36928816651061	s61-s94_cs-cs_o1-o1
2430	between	61	95	h	h	0	0	91.06895829548137	s61-s95_ch-ch_o0-o0
2431	between	61	95	h	h	1	1	99.03078652677415	s61-s95_ch-ch_o1-o1
2432	between	61	95	k	k	0	0	94.83215092325392	s61-s95_ck-ck_o0-o0
2433	between	61	95	k	k	1	1	117.70896090689665	s61-s95_ck-ck_o1-o1
2434	between	61	95	s	s	0	0	129.34962920205226	s61-s95_cs-cs_o0-o0
2435	between	61	95	s	s	1	1	135.10367229860378	s61-s95_cs-cs_o1-o1
2436	between	61	97	h	h	0	0	115.23333168772332	s61-s97_ch-ch_o0-o0
2437	between	61	97	h	h	1	1	145.19193942623147	s61-s97_ch-ch_o1-o1
2438	between	61	97	k	k	0	0	125.03200289922796	s61-s97_ck-ck_o0-o0
2439	between	61	97	k	k	1	1	165.32121312410888	s61-s97_ck-ck_o1-o1
2440	between	61	97	s	s	0	0	140.13092136852939	s61-s97_cs-cs_o0-o0
2441	between	61	97	s	s	1	1	143.66356973823292	s61-s97_cs-cs_o1-o1
2442	between	61	99	h	h	0	0	92.62498486871252	s61-s99_ch-ch_o0-o0
2443	between	61	99	h	h	1	1	111.95827024514989	s61-s99_ch-ch_o1-o1
2444	between	61	99	k	k	0	0	96.02015111213828	s61-s99_ck-ck_o0-o0
2445	between	61	99	k	k	1	1	151.6695368658059	s61-s99_ck-ck_o1-o1
2446	between	61	99	s	s	0	0	152.88468677225038	s61-s99_cs-cs_o0-o0
2447	between	61	99	s	s	1	1	141.18768191973544	s61-s99_cs-cs_o1-o1
2448	between	65	67	h	h	0	0	114.93270169353968	s65-s67_ch-ch_o0-o0
2449	between	65	67	h	h	1	1	121.26468961040857	s65-s67_ch-ch_o1-o1
2450	between	65	67	k	k	0	0	130.24206397876372	s65-s67_ck-ck_o0-o0
2451	between	65	67	k	k	1	1	109.03065132334213	s65-s67_ck-ck_o1-o1
2452	between	65	67	s	s	0	0	208.24614814336027	s65-s67_cs-cs_o0-o0
2453	between	65	67	s	s	1	1	149.10503208417956	s65-s67_cs-cs_o1-o1
2454	between	65	74	h	h	0	0	109.33628310788619	s65-s74_ch-ch_o0-o0
2455	between	65	74	h	h	1	1	99.05951190928589	s65-s74_ch-ch_o1-o1
2456	between	65	74	k	k	0	0	102.78437612337558	s65-s74_ck-ck_o0-o0
2457	between	65	74	k	k	1	1	124.28374724967443	s65-s74_ck-ck_o1-o1
2458	between	65	74	s	s	0	0	176.50601303374995	s65-s74_cs-cs_o0-o0
2459	between	65	74	s	s	1	1	156.93558859562887	s65-s74_cs-cs_o1-o1
2460	between	65	76	h	h	0	0	130.3136608631975	s65-s76_ch-ch_o0-o0
2461	between	65	76	h	h	1	1	94.99930102470917	s65-s76_ch-ch_o1-o1
2462	between	65	76	k	k	0	0	113.22238603964661	s65-s76_ck-ck_o0-o0
2463	between	65	76	k	k	1	1	117.38423139189888	s65-s76_ck-ck_o1-o1
2464	between	65	76	s	s	0	0	145.63489330258875	s65-s76_cs-cs_o0-o0
2465	between	65	76	s	s	1	1	142.28966730609835	s65-s76_cs-cs_o1-o1
2466	between	65	79	h	h	0	0	114.18218742449614	s65-s79_ch-ch_o0-o0
2467	between	65	79	h	h	1	1	112.98204296394866	s65-s79_ch-ch_o1-o1
2468	between	65	79	k	k	0	0	112.82327099467169	s65-s79_ck-ck_o0-o0
2469	between	65	79	k	k	1	1	128.51569886107515	s65-s79_ck-ck_o1-o1
2470	between	65	79	s	s	0	0	145.4767695578783	s65-s79_cs-cs_o0-o0
2471	between	65	79	s	s	1	1	122.21871916596818	s65-s79_cs-cs_o1-o1
2472	between	65	80	h	h	0	0	132.36658430413584	s65-s80_ch-ch_o0-o0
2473	between	65	80	h	h	1	1	131.37011214462026	s65-s80_ch-ch_o1-o1
2474	between	65	80	k	k	0	0	132.42116868663965	s65-s80_ck-ck_o0-o0
2475	between	65	80	k	k	1	1	156.56299351035952	s65-s80_ck-ck_o1-o1
2476	between	65	80	s	s	0	0	153.75569939979079	s65-s80_cs-cs_o0-o0
2477	between	65	80	s	s	1	1	134.7321268583304	s65-s80_cs-cs_o1-o1
2478	between	65	81	h	h	0	0	137.12515105503027	s65-s81_ch-ch_o0-o0
2479	between	65	81	h	h	1	1	144.8572685544465	s65-s81_ch-ch_o1-o1
2480	between	65	81	k	k	0	0	147.33116041836303	s65-s81_ck-ck_o0-o0
2481	between	65	81	k	k	1	1	167.36114717114756	s65-s81_ck-ck_o1-o1
2482	between	65	81	s	s	0	0	153.47678057456267	s65-s81_cs-cs_o0-o0
2483	between	65	81	s	s	1	1	143.13829495275408	s65-s81_cs-cs_o1-o1
2484	between	65	87	h	h	0	0	126.76706100917261	s65-s87_ch-ch_o0-o0
2485	between	65	87	h	h	1	1	113.06789703657843	s65-s87_ch-ch_o1-o1
2486	between	65	87	k	k	0	0	136.5477023579452	s65-s87_ck-ck_o0-o0
2487	between	65	87	k	k	1	1	117.69687198822099	s65-s87_ck-ck_o1-o1
2488	between	65	87	s	s	0	0	158.9303539464676	s65-s87_cs-cs_o0-o0
2489	between	65	87	s	s	1	1	207.9781292652051	s65-s87_cs-cs_o1-o1
2490	between	65	88	h	h	0	0	118.23323779760017	s65-s88_ch-ch_o0-o0
2491	between	65	88	h	h	1	1	118.8411830630072	s65-s88_ch-ch_o1-o1
2492	between	65	88	k	k	0	0	144.07353256962207	s65-s88_ck-ck_o0-o0
2493	between	65	88	k	k	1	1	144.66584814866877	s65-s88_ck-ck_o1-o1
2494	between	65	88	s	s	0	0	201.65238453995133	s65-s88_cs-cs_o0-o0
2495	between	65	88	s	s	1	1	174.7657654805673	s65-s88_cs-cs_o1-o1
2496	between	65	89	h	h	0	0	89.3382886079125	s65-s89_ch-ch_o0-o0
2497	between	65	89	h	h	1	1	96.42156474365147	s65-s89_ch-ch_o1-o1
2498	between	65	89	k	k	0	0	92.50738412100803	s65-s89_ck-ck_o0-o0
2499	between	65	89	k	k	1	1	88.69557657034125	s65-s89_ck-ck_o1-o1
2500	between	65	89	s	s	0	0	148.47214973516836	s65-s89_cs-cs_o0-o0
2501	between	65	89	s	s	1	1	116.88066589508631	s65-s89_cs-cs_o1-o1
2502	between	65	90	h	h	0	0	138.67813248337862	s65-s90_ch-ch_o0-o0
2503	between	65	90	h	h	1	1	112.00069835400363	s65-s90_ch-ch_o1-o1
2504	between	65	90	k	k	0	0	155.26267222425483	s65-s90_ck-ck_o0-o0
2505	between	65	90	k	k	1	1	162.9027505886765	s65-s90_ck-ck_o1-o1
2506	between	65	90	s	s	0	0	181.0052661413833	s65-s90_cs-cs_o0-o0
2507	between	65	90	s	s	1	1	210.05202653119713	s65-s90_cs-cs_o1-o1
2508	between	65	91	h	h	0	0	93.67013389166934	s65-s91_ch-ch_o0-o0
2509	between	65	91	h	h	1	1	90.30079306766525	s65-s91_ch-ch_o1-o1
2510	between	65	91	k	k	0	0	109.46331350672375	s65-s91_ck-ck_o0-o0
2511	between	65	91	k	k	1	1	128.8123168084833	s65-s91_ck-ck_o1-o1
2512	between	65	91	s	s	0	0	207.01437525299752	s65-s91_cs-cs_o0-o0
2513	between	65	91	s	s	1	1	204.28249436293393	s65-s91_cs-cs_o1-o1
2514	between	65	92	h	h	0	0	121.85683037464015	s65-s92_ch-ch_o0-o0
2515	between	65	92	h	h	1	1	114.48116567576373	s65-s92_ch-ch_o1-o1
2516	between	65	92	k	k	0	0	137.59462641125276	s65-s92_ck-ck_o0-o0
2517	between	65	92	k	k	1	1	124.38747104967655	s65-s92_ck-ck_o1-o1
2518	between	65	92	s	s	0	0	263.0227006629048	s65-s92_cs-cs_o0-o0
2519	between	65	92	s	s	1	1	139.4723508393154	s65-s92_cs-cs_o1-o1
2520	between	65	94	h	h	0	0	109.24243280110582	s65-s94_ch-ch_o0-o0
2521	between	65	94	h	h	1	1	116.99425317873384	s65-s94_ch-ch_o1-o1
2522	between	65	94	k	k	0	0	126.91527338149221	s65-s94_ck-ck_o0-o0
2523	between	65	94	k	k	1	1	136.1976567290872	s65-s94_ck-ck_o1-o1
2524	between	65	94	s	s	0	0	272.3408188959803	s65-s94_cs-cs_o0-o0
2525	between	65	94	s	s	1	1	233.38182622970555	s65-s94_cs-cs_o1-o1
2526	between	65	95	h	h	0	0	97.37332913945548	s65-s95_ch-ch_o0-o0
2527	between	65	95	h	h	1	1	95.43756585443177	s65-s95_ch-ch_o1-o1
2528	between	65	95	k	k	0	0	102.79764813614257	s65-s95_ck-ck_o0-o0
2529	between	65	95	k	k	1	1	97.60910424334536	s65-s95_ck-ck_o1-o1
2530	between	65	95	s	s	0	0	137.38114469882078	s65-s95_cs-cs_o0-o0
2531	between	65	95	s	s	1	1	137.42429106229218	s65-s95_cs-cs_o1-o1
2532	between	65	97	h	h	0	0	123.71994346216314	s65-s97_ch-ch_o0-o0
2533	between	65	97	h	h	1	1	123.91188676055475	s65-s97_ch-ch_o1-o1
2534	between	65	97	k	k	0	0	140.78446979249435	s65-s97_ck-ck_o0-o0
2535	between	65	97	k	k	1	1	139.70918459951727	s65-s97_ck-ck_o1-o1
2536	between	65	97	s	s	0	0	137.29356673045433	s65-s97_cs-cs_o0-o0
2537	between	65	97	s	s	1	1	128.84591188612683	s65-s97_cs-cs_o1-o1
2538	between	65	99	h	h	0	0	103.3802236745215	s65-s99_ch-ch_o0-o0
2539	between	65	99	h	h	1	1	118.15020595676013	s65-s99_ch-ch_o1-o1
2540	between	65	99	k	k	0	0	113.36729718548045	s65-s99_ck-ck_o0-o0
2541	between	65	99	k	k	1	1	140.14467235084362	s65-s99_ck-ck_o1-o1
2542	between	65	99	s	s	0	0	126.10700454365528	s65-s99_cs-cs_o0-o0
2543	between	65	99	s	s	1	1	141.07808326990713	s65-s99_cs-cs_o1-o1
2544	between	67	74	h	h	0	0	145.24209887022394	s67-s74_ch-ch_o0-o0
2545	between	67	74	h	h	1	1	139.26570722225898	s67-s74_ch-ch_o1-o1
2546	between	67	74	k	k	0	0	131.9607350040137	s67-s74_ck-ck_o0-o0
2547	between	67	74	k	k	1	1	134.97147783531014	s67-s74_ck-ck_o1-o1
2548	between	67	74	s	s	0	0	233.7293432777666	s67-s74_cs-cs_o0-o0
2549	between	67	74	s	s	1	1	182.14828475905745	s67-s74_cs-cs_o1-o1
2550	between	67	76	h	h	0	0	130.40464524787524	s67-s76_ch-ch_o0-o0
2551	between	67	76	h	h	1	1	81.171168058186	s67-s76_ch-ch_o1-o1
2552	between	67	76	k	k	0	0	103.1924329671784	s67-s76_ck-ck_o0-o0
2553	between	67	76	k	k	1	1	109.23889729251513	s67-s76_ck-ck_o1-o1
2554	between	67	76	s	s	0	0	139.64068223893506	s67-s76_cs-cs_o0-o0
2555	between	67	76	s	s	1	1	139.63674781188683	s67-s76_cs-cs_o1-o1
2556	between	67	79	h	h	0	0	132.67205423841713	s67-s79_ch-ch_o0-o0
2557	between	67	79	h	h	1	1	115.61518373292057	s67-s79_ch-ch_o1-o1
2558	between	67	79	k	k	0	0	126.46416201193163	s67-s79_ck-ck_o0-o0
2559	between	67	79	k	k	1	1	121.71358695478139	s67-s79_ck-ck_o1-o1
2560	between	67	79	s	s	0	0	162.43953896916307	s67-s79_cs-cs_o0-o0
2561	between	67	79	s	s	1	1	125.32708498757135	s67-s79_cs-cs_o1-o1
2562	between	67	80	h	h	0	0	143.93212617772932	s67-s80_ch-ch_o0-o0
2563	between	67	80	h	h	1	1	96.72823119581034	s67-s80_ch-ch_o1-o1
2564	between	67	80	k	k	0	0	153.7549264181197	s67-s80_ck-ck_o0-o0
2565	between	67	80	k	k	1	1	151.81503580944312	s67-s80_ck-ck_o1-o1
2566	between	67	80	s	s	0	0	147.84496659942323	s67-s80_cs-cs_o0-o0
2567	between	67	80	s	s	1	1	137.06128320599757	s67-s80_cs-cs_o1-o1
2568	between	67	81	h	h	0	0	94.65212850316207	s67-s81_ch-ch_o0-o0
2569	between	67	81	h	h	1	1	74.66893477775531	s67-s81_ch-ch_o1-o1
2570	between	67	81	k	k	0	0	94.64288805692998	s67-s81_ck-ck_o0-o0
2571	between	67	81	k	k	1	1	151.52387878711832	s67-s81_ck-ck_o1-o1
2572	between	67	81	s	s	0	0	214.31694261405448	s67-s81_cs-cs_o0-o0
2573	between	67	81	s	s	1	1	182.0311904836732	s67-s81_cs-cs_o1-o1
2574	between	67	87	h	h	0	0	113.35100782111347	s67-s87_ch-ch_o0-o0
2575	between	67	87	h	h	1	1	94.25997659484968	s67-s87_ch-ch_o1-o1
2576	between	67	87	k	k	0	0	94.85572500376917	s67-s87_ck-ck_o0-o0
2577	between	67	87	k	k	1	1	98.47750201529189	s67-s87_ck-ck_o1-o1
2578	between	67	87	s	s	0	0	208.81795249383634	s67-s87_cs-cs_o0-o0
2579	between	67	87	s	s	1	1	203.61329191814735	s67-s87_cs-cs_o1-o1
2580	between	67	88	h	h	0	0	143.07405023399858	s67-s88_ch-ch_o0-o0
2581	between	67	88	h	h	1	1	145.46797522783518	s67-s88_ch-ch_o1-o1
2582	between	67	88	k	k	0	0	171.2339438619449	s67-s88_ck-ck_o0-o0
2583	between	67	88	k	k	1	1	162.21044707306234	s67-s88_ck-ck_o1-o1
2584	between	67	88	s	s	0	0	227.25375432416922	s67-s88_cs-cs_o0-o0
2585	between	67	88	s	s	1	1	186.07344976710925	s67-s88_cs-cs_o1-o1
2586	between	67	89	h	h	0	0	94.74363502715246	s67-s89_ch-ch_o0-o0
2587	between	67	89	h	h	1	1	101.11077720299372	s67-s89_ch-ch_o1-o1
2588	between	67	89	k	k	0	0	80.86312107279774	s67-s89_ck-ck_o0-o0
2589	between	67	89	k	k	1	1	89.67903120398267	s67-s89_ck-ck_o1-o1
2590	between	67	89	s	s	0	0	148.31138499669404	s67-s89_cs-cs_o0-o0
2591	between	67	89	s	s	1	1	106.78855067033399	s67-s89_cs-cs_o1-o1
2592	between	67	90	h	h	0	0	117.73342044540739	s67-s90_ch-ch_o0-o0
2593	between	67	90	h	h	1	1	108.9464997689929	s67-s90_ch-ch_o1-o1
2594	between	67	90	k	k	0	0	132.1356135485297	s67-s90_ck-ck_o0-o0
2595	between	67	90	k	k	1	1	153.97730105341387	s67-s90_ck-ck_o1-o1
2596	between	67	90	s	s	0	0	134.39905197925455	s67-s90_cs-cs_o0-o0
2597	between	67	90	s	s	1	1	158.48935040335286	s67-s90_cs-cs_o1-o1
2598	between	67	91	h	h	0	0	109.58206233947861	s67-s91_ch-ch_o0-o0
2599	between	67	91	h	h	1	1	103.72690071257516	s67-s91_ch-ch_o1-o1
2600	between	67	91	k	k	0	0	107.5245362316786	s67-s91_ck-ck_o0-o0
2601	between	67	91	k	k	1	1	116.44261824771652	s67-s91_ck-ck_o1-o1
2602	between	67	91	s	s	0	0	209.69931631226078	s67-s91_cs-cs_o0-o0
2603	between	67	91	s	s	1	1	185.82301041375428	s67-s91_cs-cs_o1-o1
2604	between	67	92	h	h	0	0	102.08705547095272	s67-s92_ch-ch_o0-o0
2605	between	67	92	h	h	1	1	80.32154877765043	s67-s92_ch-ch_o1-o1
2606	between	67	92	k	k	0	0	106.61589589905003	s67-s92_ck-ck_o0-o0
2607	between	67	92	k	k	1	1	108.64888227270488	s67-s92_ck-ck_o1-o1
2608	between	67	92	s	s	0	0	252.3477684464965	s67-s92_cs-cs_o0-o0
2609	between	67	92	s	s	1	1	124.91806050908954	s67-s92_cs-cs_o1-o1
2610	between	67	94	h	h	0	0	116.94633198552152	s67-s94_ch-ch_o0-o0
2611	between	67	94	h	h	1	1	118.33500551123375	s67-s94_ch-ch_o1-o1
2612	between	67	94	k	k	0	0	119.85151394991203	s67-s94_ck-ck_o0-o0
2613	between	67	94	k	k	1	1	128.47192998390344	s67-s94_ck-ck_o1-o1
2614	between	67	94	s	s	0	0	302.074211259808	s67-s94_cs-cs_o0-o0
2615	between	67	94	s	s	1	1	224.65029041410548	s67-s94_cs-cs_o1-o1
2616	between	67	95	h	h	0	0	90.86613802278642	s67-s95_ch-ch_o0-o0
2617	between	67	95	h	h	1	1	99.70362672618309	s67-s95_ch-ch_o1-o1
2618	between	67	95	k	k	0	0	97.88719997776046	s67-s95_ck-ck_o0-o0
2619	between	67	95	k	k	1	1	89.28820157468968	s67-s95_ck-ck_o1-o1
2620	between	67	95	s	s	0	0	145.72900095220362	s67-s95_cs-cs_o0-o0
2621	between	67	95	s	s	1	1	123.30392742565299	s67-s95_cs-cs_o1-o1
2622	between	67	97	h	h	0	0	89.09255592697265	s67-s97_ch-ch_o0-o0
2623	between	67	97	h	h	1	1	105.60771341265617	s67-s97_ch-ch_o1-o1
2624	between	67	97	k	k	0	0	97.94908375569435	s67-s97_ck-ck_o0-o0
2625	between	67	97	k	k	1	1	120.67922320185863	s67-s97_ck-ck_o1-o1
2626	between	67	97	s	s	0	0	145.38409156686137	s67-s97_cs-cs_o0-o0
2627	between	67	97	s	s	1	1	146.81361383289004	s67-s97_cs-cs_o1-o1
2628	between	67	99	h	h	0	0	100.14422655102547	s67-s99_ch-ch_o0-o0
2629	between	67	99	h	h	1	1	96.49353937143594	s67-s99_ch-ch_o1-o1
2630	between	67	99	k	k	0	0	95.97452123845835	s67-s99_ck-ck_o0-o0
2631	between	67	99	k	k	1	1	144.16048051041136	s67-s99_ck-ck_o1-o1
2632	between	67	99	s	s	0	0	149.82706036082018	s67-s99_cs-cs_o0-o0
2633	between	67	99	s	s	1	1	136.8417621452008	s67-s99_cs-cs_o1-o1
2634	between	74	76	h	h	0	0	187.58558609415846	s74-s76_ch-ch_o0-o0
2635	between	74	76	h	h	1	1	114.15801274147312	s74-s76_ch-ch_o1-o1
2636	between	74	76	k	k	0	0	113.98455477181018	s74-s76_ck-ck_o0-o0
2637	between	74	76	k	k	1	1	136.07134185134285	s74-s76_ck-ck_o1-o1
2638	between	74	76	s	s	0	0	185.32992167701008	s74-s76_cs-cs_o0-o0
2639	between	74	76	s	s	1	1	204.54151028340092	s74-s76_cs-cs_o1-o1
2640	between	74	79	h	h	0	0	121.85080871940583	s74-s79_ch-ch_o0-o0
2641	between	74	79	h	h	1	1	107.70429710092752	s74-s79_ch-ch_o1-o1
2642	between	74	79	k	k	0	0	111.29285013205804	s74-s79_ck-ck_o0-o0
2643	between	74	79	k	k	1	1	157.28029365867408	s74-s79_ck-ck_o1-o1
2644	between	74	79	s	s	0	0	173.10752912923036	s74-s79_cs-cs_o0-o0
2645	between	74	79	s	s	1	1	138.29093580987063	s74-s79_cs-cs_o1-o1
2646	between	74	80	h	h	0	0	138.3277372924262	s74-s80_ch-ch_o0-o0
2647	between	74	80	h	h	1	1	142.7215171054003	s74-s80_ch-ch_o1-o1
2648	between	74	80	k	k	0	0	142.28433642471344	s74-s80_ck-ck_o0-o0
2649	between	74	80	k	k	1	1	196.99555675458083	s74-s80_ck-ck_o1-o1
2650	between	74	80	s	s	0	0	196.93720082930423	s74-s80_cs-cs_o0-o0
2651	between	74	80	s	s	1	1	194.23888074542785	s74-s80_cs-cs_o1-o1
2652	between	74	81	h	h	0	0	140.4080878528322	s74-s81_ch-ch_o0-o0
2653	between	74	81	h	h	1	1	152.7785491904668	s74-s81_ch-ch_o1-o1
2654	between	74	81	k	k	0	0	142.86842378453522	s74-s81_ck-ck_o0-o0
2655	between	74	81	k	k	1	1	180.90937317793893	s74-s81_ck-ck_o1-o1
2656	between	74	81	s	s	0	0	254.344566552704	s74-s81_cs-cs_o0-o0
2657	between	74	81	s	s	1	1	212.93481378690777	s74-s81_cs-cs_o1-o1
2658	between	74	87	h	h	0	0	137.85682375048057	s74-s87_ch-ch_o0-o0
2659	between	74	87	h	h	1	1	153.3505386496416	s74-s87_ch-ch_o1-o1
2660	between	74	87	k	k	0	0	141.71219995574796	s74-s87_ck-ck_o0-o0
2661	between	74	87	k	k	1	1	122.87043545820185	s74-s87_ck-ck_o1-o1
2662	between	74	87	s	s	0	0	223.50050052266099	s74-s87_cs-cs_o0-o0
2663	between	74	87	s	s	1	1	214.7771513807887	s74-s87_cs-cs_o1-o1
2664	between	74	88	h	h	0	0	154.1367442486345	s74-s88_ch-ch_o0-o0
2665	between	74	88	h	h	1	1	128.38754724795467	s74-s88_ch-ch_o1-o1
2666	between	74	88	k	k	0	0	157.21904477333013	s74-s88_ck-ck_o0-o0
2667	between	74	88	k	k	1	1	187.0453787630619	s74-s88_ck-ck_o1-o1
2668	between	74	88	s	s	0	0	196.3364997632346	s74-s88_cs-cs_o0-o0
2669	between	74	88	s	s	1	1	188.3294627787581	s74-s88_cs-cs_o1-o1
2670	between	74	89	h	h	0	0	113.57474153782415	s74-s89_ch-ch_o0-o0
2671	between	74	89	h	h	1	1	142.59957666988038	s74-s89_ch-ch_o1-o1
2672	between	74	89	k	k	0	0	117.42686515335029	s74-s89_ck-ck_o0-o0
2673	between	74	89	k	k	1	1	118.58074589008727	s74-s89_ck-ck_o1-o1
2674	between	74	89	s	s	0	0	198.12345656807204	s74-s89_cs-cs_o0-o0
2675	between	74	89	s	s	1	1	164.9805268622664	s74-s89_cs-cs_o1-o1
2676	between	74	90	h	h	0	0	126.18953292960481	s74-s90_ch-ch_o0-o0
2677	between	74	90	h	h	1	1	105.49823376896951	s74-s90_ch-ch_o1-o1
2678	between	74	90	k	k	0	0	142.64222136568645	s74-s90_ck-ck_o0-o0
2679	between	74	90	k	k	1	1	183.13825722547557	s74-s90_ck-ck_o1-o1
2680	between	74	90	s	s	0	0	211.23903170328464	s74-s90_cs-cs_o0-o0
2681	between	74	90	s	s	1	1	196.86304327232858	s74-s90_cs-cs_o1-o1
2682	between	74	91	h	h	0	0	136.43903147624644	s74-s91_ch-ch_o0-o0
2683	between	74	91	h	h	1	1	128.04792064993626	s74-s91_ch-ch_o1-o1
2684	between	74	91	k	k	0	0	122.7542439566599	s74-s91_ck-ck_o0-o0
2685	between	74	91	k	k	1	1	147.89786511571702	s74-s91_ck-ck_o1-o1
2686	between	74	91	s	s	0	0	213.43185052847954	s74-s91_cs-cs_o0-o0
2687	between	74	91	s	s	1	1	214.35213926816752	s74-s91_cs-cs_o1-o1
2688	between	74	92	h	h	0	0	121.62095494131806	s74-s92_ch-ch_o0-o0
2689	between	74	92	h	h	1	1	130.56853922123872	s74-s92_ch-ch_o1-o1
2690	between	74	92	k	k	0	0	137.78197676405793	s74-s92_ck-ck_o0-o0
2691	between	74	92	k	k	1	1	143.4472137157364	s74-s92_ck-ck_o1-o1
2692	between	74	92	s	s	0	0	293.8313481056236	s74-s92_cs-cs_o0-o0
2693	between	74	92	s	s	1	1	155.91683199150964	s74-s92_cs-cs_o1-o1
2694	between	74	94	h	h	0	0	119.32385382962963	s74-s94_ch-ch_o0-o0
2695	between	74	94	h	h	1	1	145.12406545593043	s74-s94_ch-ch_o1-o1
2696	between	74	94	k	k	0	0	138.27223594278246	s74-s94_ck-ck_o0-o0
2697	between	74	94	k	k	1	1	129.9942574016226	s74-s94_ck-ck_o1-o1
2698	between	74	94	s	s	0	0	329.60793363594314	s74-s94_cs-cs_o0-o0
2699	between	74	94	s	s	1	1	209.45422690969707	s74-s94_cs-cs_o1-o1
2700	between	74	95	h	h	0	0	109.9391151639364	s74-s95_ch-ch_o0-o0
2701	between	74	95	h	h	1	1	116.21201868541387	s74-s95_ch-ch_o1-o1
2702	between	74	95	k	k	0	0	100.07614642373784	s74-s95_ck-ck_o0-o0
2703	between	74	95	k	k	1	1	125.43867612046397	s74-s95_ck-ck_o1-o1
2704	between	74	95	s	s	0	0	156.1314037623979	s74-s95_cs-cs_o0-o0
2705	between	74	95	s	s	1	1	152.99303456165126	s74-s95_cs-cs_o1-o1
2706	between	74	97	h	h	0	0	138.21098810106886	s74-s97_ch-ch_o0-o0
2707	between	74	97	h	h	1	1	158.08580836118787	s74-s97_ch-ch_o1-o1
2708	between	74	97	k	k	0	0	134.402824869635	s74-s97_ck-ck_o0-o0
2709	between	74	97	k	k	1	1	147.1284406271113	s74-s97_ck-ck_o1-o1
2710	between	74	97	s	s	0	0	182.91087995265812	s74-s97_cs-cs_o0-o0
2711	between	74	97	s	s	1	1	150.9179184316562	s74-s97_cs-cs_o1-o1
2712	between	74	99	h	h	0	0	117.38828263795537	s74-s99_ch-ch_o0-o0
2713	between	74	99	h	h	1	1	115.88217684197399	s74-s99_ch-ch_o1-o1
2714	between	74	99	k	k	0	0	103.26729825711386	s74-s99_ck-ck_o0-o0
2715	between	74	99	k	k	1	1	158.65990081366235	s74-s99_ck-ck_o1-o1
2716	between	74	99	s	s	0	0	206.1319047149536	s74-s99_cs-cs_o0-o0
2717	between	74	99	s	s	1	1	152.76103039559226	s74-s99_cs-cs_o1-o1
2718	between	76	79	h	h	0	0	167.55004245142067	s76-s79_ch-ch_o0-o0
2719	between	76	79	h	h	1	1	110.44281840767131	s76-s79_ch-ch_o1-o1
2720	between	76	79	k	k	0	0	118.22477113950474	s76-s79_ck-ck_o0-o0
2721	between	76	79	k	k	1	1	137.46272661707047	s76-s79_ck-ck_o1-o1
2722	between	76	79	s	s	0	0	145.52198880617215	s76-s79_cs-cs_o0-o0
2723	between	76	79	s	s	1	1	146.71516436936568	s76-s79_cs-cs_o1-o1
2724	between	76	80	h	h	0	0	176.65528176312299	s76-s80_ch-ch_o0-o0
2725	between	76	80	h	h	1	1	101.65457599148546	s76-s80_ch-ch_o1-o1
2726	between	76	80	k	k	0	0	160.00672254899982	s76-s80_ck-ck_o0-o0
2727	between	76	80	k	k	1	1	160.43358421444515	s76-s80_ck-ck_o1-o1
2728	between	76	80	s	s	0	0	129.12379377689703	s76-s80_cs-cs_o0-o0
2729	between	76	80	s	s	1	1	114.98593268951998	s76-s80_cs-cs_o1-o1
2730	between	76	81	h	h	0	0	153.2917531383221	s76-s81_ch-ch_o0-o0
2731	between	76	81	h	h	1	1	98.34688164098726	s76-s81_ch-ch_o1-o1
2732	between	76	81	k	k	0	0	118.00365020878074	s76-s81_ck-ck_o0-o0
2733	between	76	81	k	k	1	1	143.72518961040734	s76-s81_ck-ck_o1-o1
2734	between	76	81	s	s	0	0	156.36986888747404	s76-s81_cs-cs_o0-o0
2735	between	76	81	s	s	1	1	177.89585292594646	s76-s81_cs-cs_o1-o1
2736	between	76	87	h	h	0	0	159.4163453630839	s76-s87_ch-ch_o0-o0
2737	between	76	87	h	h	1	1	86.31967237068785	s76-s87_ch-ch_o1-o1
2738	between	76	87	k	k	0	0	101.67633545100885	s76-s87_ck-ck_o0-o0
2739	between	76	87	k	k	1	1	111.91589537234822	s76-s87_ck-ck_o1-o1
2740	between	76	87	s	s	0	0	185.67992814525692	s76-s87_cs-cs_o0-o0
2741	between	76	87	s	s	1	1	227.26267515440497	s76-s87_cs-cs_o1-o1
2742	between	76	88	h	h	0	0	166.04576004214604	s76-s88_ch-ch_o0-o0
2743	between	76	88	h	h	1	1	123.18481190009113	s76-s88_ch-ch_o1-o1
2744	between	76	88	k	k	0	0	154.2187582003388	s76-s88_ck-ck_o0-o0
2745	between	76	88	k	k	1	1	153.09461638530374	s76-s88_ck-ck_o1-o1
2746	between	76	88	s	s	0	0	204.54640052726094	s76-s88_cs-cs_o0-o0
2747	between	76	88	s	s	1	1	191.03241577758686	s76-s88_cs-cs_o1-o1
2748	between	76	89	h	h	0	0	139.38668191563085	s76-s89_ch-ch_o0-o0
2749	between	76	89	h	h	1	1	85.70458281240151	s76-s89_ch-ch_o1-o1
2750	between	76	89	k	k	0	0	88.60949270581605	s76-s89_ck-ck_o0-o0
2751	between	76	89	k	k	1	1	90.29177029943033	s76-s89_ck-ck_o1-o1
2752	between	76	89	s	s	0	0	131.27041698407967	s76-s89_cs-cs_o0-o0
2753	between	76	89	s	s	1	1	110.45062048002741	s76-s89_cs-cs_o1-o1
2754	between	76	90	h	h	0	0	173.29115034631167	s76-s90_ch-ch_o0-o0
2755	between	76	90	h	h	1	1	93.32362124835552	s76-s90_ch-ch_o1-o1
2756	between	76	90	k	k	0	0	145.05612357330125	s76-s90_ck-ck_o0-o0
2757	between	76	90	k	k	1	1	151.05835943997758	s76-s90_ck-ck_o1-o1
2758	between	76	90	s	s	0	0	150.7428128475617	s76-s90_cs-cs_o0-o0
2759	between	76	90	s	s	1	1	183.79454973935623	s76-s90_cs-cs_o1-o1
2760	between	76	91	h	h	0	0	137.98735415683328	s76-s91_ch-ch_o0-o0
2761	between	76	91	h	h	1	1	88.12910894422104	s76-s91_ch-ch_o1-o1
2762	between	76	91	k	k	0	0	104.68410858564657	s76-s91_ck-ck_o0-o0
2763	between	76	91	k	k	1	1	130.08011617039412	s76-s91_ck-ck_o1-o1
2764	between	76	91	s	s	0	0	200.3268185628239	s76-s91_cs-cs_o0-o0
2765	between	76	91	s	s	1	1	225.32783718071525	s76-s91_cs-cs_o1-o1
2766	between	76	92	h	h	0	0	160.91585443430324	s76-s92_ch-ch_o0-o0
2767	between	76	92	h	h	1	1	84.15287468106196	s76-s92_ch-ch_o1-o1
2768	between	76	92	k	k	0	0	124.75691957272919	s76-s92_ck-ck_o0-o0
2769	between	76	92	k	k	1	1	122.77282504115121	s76-s92_ck-ck_o1-o1
2770	between	76	92	s	s	0	0	234.47685664959448	s76-s92_cs-cs_o0-o0
2771	between	76	92	s	s	1	1	133.8930805632457	s76-s92_cs-cs_o1-o1
2772	between	76	94	h	h	0	0	158.66869809758322	s76-s94_ch-ch_o0-o0
2773	between	76	94	h	h	1	1	114.68747216074047	s76-s94_ch-ch_o1-o1
2774	between	76	94	k	k	0	0	121.79186676057427	s76-s94_ck-ck_o0-o0
2775	between	76	94	k	k	1	1	132.6321460504368	s76-s94_ck-ck_o1-o1
2776	between	76	94	s	s	0	0	272.977613456191	s76-s94_cs-cs_o0-o0
2777	between	76	94	s	s	1	1	252.33809650129885	s76-s94_cs-cs_o1-o1
2778	between	76	95	h	h	0	0	142.18294484859473	s76-s95_ch-ch_o0-o0
2779	between	76	95	h	h	1	1	77.54378730990108	s76-s95_ch-ch_o1-o1
2780	between	76	95	k	k	0	0	107.71983569870466	s76-s95_ck-ck_o0-o0
2781	between	76	95	k	k	1	1	95.8870733821447	s76-s95_ck-ck_o1-o1
2782	between	76	95	s	s	0	0	125.01440823443728	s76-s95_cs-cs_o0-o0
2783	between	76	95	s	s	1	1	149.94247727739318	s76-s95_cs-cs_o1-o1
2784	between	76	97	h	h	0	0	144.56261209975742	s76-s97_ch-ch_o0-o0
2785	between	76	97	h	h	1	1	111.19479974097742	s76-s97_ch-ch_o1-o1
2786	between	76	97	k	k	0	0	131.3233947643311	s76-s97_ck-ck_o0-o0
2787	between	76	97	k	k	1	1	134.543861158521	s76-s97_ck-ck_o1-o1
2788	between	76	97	s	s	0	0	137.69936918779004	s76-s97_cs-cs_o0-o0
2789	between	76	97	s	s	1	1	139.94982164253372	s76-s97_cs-cs_o1-o1
2790	between	76	99	h	h	0	0	149.30435378193434	s76-s99_ch-ch_o0-o0
2791	between	76	99	h	h	1	1	90.27107559227649	s76-s99_ch-ch_o1-o1
2792	between	76	99	k	k	0	0	91.60480011617572	s76-s99_ck-ck_o0-o0
2793	between	76	99	k	k	1	1	146.10770168428346	s76-s99_ck-ck_o1-o1
2794	between	76	99	s	s	0	0	139.34781409010748	s76-s99_cs-cs_o0-o0
2795	between	76	99	s	s	1	1	146.67112984372153	s76-s99_cs-cs_o1-o1
2796	between	79	80	h	h	0	0	116.70761706143647	s79-s80_ch-ch_o0-o0
2797	between	79	80	h	h	1	1	114.13528015795788	s79-s80_ch-ch_o1-o1
2798	between	79	80	k	k	0	0	108.71297875698437	s79-s80_ck-ck_o0-o0
2799	between	79	80	k	k	1	1	132.31914594859384	s79-s80_ck-ck_o1-o1
2800	between	79	80	s	s	0	0	133.9524689520544	s79-s80_cs-cs_o0-o0
2801	between	79	80	s	s	1	1	118.11130025326052	s79-s80_cs-cs_o1-o1
2802	between	79	81	h	h	0	0	123.01079511055424	s79-s81_ch-ch_o0-o0
2803	between	79	81	h	h	1	1	122.26195937245653	s79-s81_ch-ch_o1-o1
2804	between	79	81	k	k	0	0	126.27345349257205	s79-s81_ck-ck_o0-o0
2805	between	79	81	k	k	1	1	148.09434599336336	s79-s81_ck-ck_o1-o1
2806	between	79	81	s	s	0	0	186.4298357740183	s79-s81_cs-cs_o0-o0
2807	between	79	81	s	s	1	1	173.34328667436793	s79-s81_cs-cs_o1-o1
2808	between	79	87	h	h	0	0	133.02676862724357	s79-s87_ch-ch_o0-o0
2809	between	79	87	h	h	1	1	135.0589511448242	s79-s87_ch-ch_o1-o1
2810	between	79	87	k	k	0	0	135.89301833252446	s79-s87_ck-ck_o0-o0
2811	between	79	87	k	k	1	1	151.24793593888765	s79-s87_ck-ck_o1-o1
2812	between	79	87	s	s	0	0	190.2093035546655	s79-s87_cs-cs_o0-o0
2813	between	79	87	s	s	1	1	194.18514000932598	s79-s87_cs-cs_o1-o1
2814	between	79	88	h	h	0	0	121.01714606994828	s79-s88_ch-ch_o0-o0
2815	between	79	88	h	h	1	1	123.6134876095727	s79-s88_ch-ch_o1-o1
2816	between	79	88	k	k	0	0	135.28514188403724	s79-s88_ck-ck_o0-o0
2817	between	79	88	k	k	1	1	134.68201808427548	s79-s88_ck-ck_o1-o1
2818	between	79	88	s	s	0	0	196.8897754306833	s79-s88_cs-cs_o0-o0
2819	between	79	88	s	s	1	1	162.60503164523348	s79-s88_cs-cs_o1-o1
2820	between	79	89	h	h	0	0	118.40061352097851	s79-s89_ch-ch_o0-o0
2821	between	79	89	h	h	1	1	118.26594711932339	s79-s89_ch-ch_o1-o1
2822	between	79	89	k	k	0	0	102.10217374890581	s79-s89_ck-ck_o0-o0
2823	between	79	89	k	k	1	1	121.11115073793997	s79-s89_ck-ck_o1-o1
2824	between	79	89	s	s	0	0	133.5179112630425	s79-s89_cs-cs_o0-o0
2825	between	79	89	s	s	1	1	101.58132838263238	s79-s89_cs-cs_o1-o1
2826	between	79	90	h	h	0	0	109.95587630358584	s79-s90_ch-ch_o0-o0
2827	between	79	90	h	h	1	1	119.68315910607703	s79-s90_ch-ch_o1-o1
2828	between	79	90	k	k	0	0	127.57769293800796	s79-s90_ck-ck_o0-o0
2829	between	79	90	k	k	1	1	147.71485891669644	s79-s90_ck-ck_o1-o1
2830	between	79	90	s	s	0	0	161.2544105508851	s79-s90_cs-cs_o0-o0
2831	between	79	90	s	s	1	1	153.94200897303975	s79-s90_cs-cs_o1-o1
2832	between	79	91	h	h	0	0	128.20240248484882	s79-s91_ch-ch_o0-o0
2833	between	79	91	h	h	1	1	112.53542287755498	s79-s91_ch-ch_o1-o1
2834	between	79	91	k	k	0	0	124.30127461909753	s79-s91_ck-ck_o0-o0
2835	between	79	91	k	k	1	1	154.78815860627824	s79-s91_ck-ck_o1-o1
2836	between	79	91	s	s	0	0	210.46874553609024	s79-s91_cs-cs_o0-o0
2837	between	79	91	s	s	1	1	187.68771785910107	s79-s91_cs-cs_o1-o1
2838	between	79	92	h	h	0	0	115.3184480609156	s79-s92_ch-ch_o0-o0
2839	between	79	92	h	h	1	1	108.62084469360525	s79-s92_ch-ch_o1-o1
2840	between	79	92	k	k	0	0	130.80062104887025	s79-s92_ck-ck_o0-o0
2841	between	79	92	k	k	1	1	134.03884508127194	s79-s92_ck-ck_o1-o1
2842	between	79	92	s	s	0	0	261.3938192435051	s79-s92_cs-cs_o0-o0
2843	between	79	92	s	s	1	1	129.34260332522243	s79-s92_cs-cs_o1-o1
2844	between	79	94	h	h	0	0	128.09713506643428	s79-s94_ch-ch_o0-o0
2845	between	79	94	h	h	1	1	126.47721511226636	s79-s94_ch-ch_o1-o1
2846	between	79	94	k	k	0	0	131.58541225605168	s79-s94_ck-ck_o0-o0
2847	between	79	94	k	k	1	1	154.25578729915415	s79-s94_ck-ck_o1-o1
2848	between	79	94	s	s	0	0	283.745560033364	s79-s94_cs-cs_o0-o0
2849	between	79	94	s	s	1	1	197.87918385623553	s79-s94_cs-cs_o1-o1
2850	between	79	95	h	h	0	0	106.01572810589474	s79-s95_ch-ch_o0-o0
2851	between	79	95	h	h	1	1	107.7032879004155	s79-s95_ch-ch_o1-o1
2852	between	79	95	k	k	0	0	101.66028907714387	s79-s95_ck-ck_o0-o0
2853	between	79	95	k	k	1	1	111.79761321760378	s79-s95_ck-ck_o1-o1
2854	between	79	95	s	s	0	0	124.27423826502793	s79-s95_cs-cs_o0-o0
2855	between	79	95	s	s	1	1	124.79179395553196	s79-s95_cs-cs_o1-o1
2856	between	79	97	h	h	0	0	137.692126885779	s79-s97_ch-ch_o0-o0
2857	between	79	97	h	h	1	1	134.81153438240284	s79-s97_ch-ch_o1-o1
2858	between	79	97	k	k	0	0	142.98908219995326	s79-s97_ck-ck_o0-o0
2859	between	79	97	k	k	1	1	151.98370721697486	s79-s97_ck-ck_o1-o1
2860	between	79	97	s	s	0	0	140.31604701098155	s79-s97_cs-cs_o0-o0
2861	between	79	97	s	s	1	1	128.3182350960063	s79-s97_cs-cs_o1-o1
2862	between	79	99	h	h	0	0	111.73476540381037	s79-s99_ch-ch_o0-o0
2863	between	79	99	h	h	1	1	96.93721782780895	s79-s99_ch-ch_o1-o1
2864	between	79	99	k	k	0	0	115.85039557837992	s79-s99_ck-ck_o0-o0
2865	between	79	99	k	k	1	1	135.7948581438191	s79-s99_ck-ck_o1-o1
2866	between	79	99	s	s	0	0	132.02168896887838	s79-s99_cs-cs_o0-o0
2867	between	79	99	s	s	1	1	121.81636191688374	s79-s99_cs-cs_o1-o1
2868	between	80	81	h	h	0	0	117.67557774572724	s80-s81_ch-ch_o0-o0
2869	between	80	81	h	h	1	1	111.45617901203342	s80-s81_ch-ch_o1-o1
2870	between	80	81	k	k	0	0	157.6348806882577	s80-s81_ck-ck_o0-o0
2871	between	80	81	k	k	1	1	206.89994129273313	s80-s81_ck-ck_o1-o1
2872	between	80	81	s	s	0	0	172.78743001935786	s80-s81_cs-cs_o0-o0
2873	between	80	81	s	s	1	1	180.71031294598095	s80-s81_cs-cs_o1-o1
2874	between	80	87	h	h	0	0	173.86186467477293	s80-s87_ch-ch_o0-o0
2875	between	80	87	h	h	1	1	142.537988980628	s80-s87_ch-ch_o1-o1
2876	between	80	87	k	k	0	0	168.0372550423742	s80-s87_ck-ck_o0-o0
2877	between	80	87	k	k	1	1	181.6437211066767	s80-s87_ck-ck_o1-o1
2878	between	80	87	s	s	0	0	190.5799326875058	s80-s87_cs-cs_o0-o0
2879	between	80	87	s	s	1	1	228.88521693179314	s80-s87_cs-cs_o1-o1
2880	between	80	88	h	h	0	0	156.15437394590862	s80-s88_ch-ch_o0-o0
2881	between	80	88	h	h	1	1	141.09844926086896	s80-s88_ch-ch_o1-o1
2882	between	80	88	k	k	0	0	173.87465735843276	s80-s88_ck-ck_o0-o0
2883	between	80	88	k	k	1	1	183.50055709408437	s80-s88_ck-ck_o1-o1
2884	between	80	88	s	s	0	0	208.01595779547625	s80-s88_cs-cs_o0-o0
2885	between	80	88	s	s	1	1	180.38343297476487	s80-s88_cs-cs_o1-o1
2886	between	80	89	h	h	0	0	161.6340656827777	s80-s89_ch-ch_o0-o0
2887	between	80	89	h	h	1	1	139.23834140304797	s80-s89_ch-ch_o1-o1
2888	between	80	89	k	k	0	0	146.13601392877266	s80-s89_ck-ck_o0-o0
2889	between	80	89	k	k	1	1	148.4068809549339	s80-s89_ck-ck_o1-o1
2890	between	80	89	s	s	0	0	131.71055772443572	s80-s89_cs-cs_o0-o0
2891	between	80	89	s	s	1	1	106.24883764636209	s80-s89_cs-cs_o1-o1
2892	between	80	90	h	h	0	0	122.22080724163102	s80-s90_ch-ch_o0-o0
2893	between	80	90	h	h	1	1	134.59611013643593	s80-s90_ch-ch_o1-o1
2894	between	80	90	k	k	0	0	133.8806618794926	s80-s90_ck-ck_o0-o0
2895	between	80	90	k	k	1	1	177.92366810084724	s80-s90_ck-ck_o1-o1
2896	between	80	90	s	s	0	0	164.97956486218663	s80-s90_cs-cs_o0-o0
2897	between	80	90	s	s	1	1	191.9865172114877	s80-s90_cs-cs_o1-o1
2898	between	80	91	h	h	0	0	162.54377314728893	s80-s91_ch-ch_o0-o0
2899	between	80	91	h	h	1	1	126.91698725477838	s80-s91_ch-ch_o1-o1
2900	between	80	91	k	k	0	0	165.65395467631336	s80-s91_ck-ck_o0-o0
2901	between	80	91	k	k	1	1	190.9239505917387	s80-s91_ck-ck_o1-o1
2902	between	80	91	s	s	0	0	219.14300038712523	s80-s91_cs-cs_o0-o0
2903	between	80	91	s	s	1	1	217.27019432403392	s80-s91_cs-cs_o1-o1
2904	between	80	92	h	h	0	0	126.37198974892789	s80-s92_ch-ch_o0-o0
2905	between	80	92	h	h	1	1	113.84853676979745	s80-s92_ch-ch_o1-o1
2906	between	80	92	k	k	0	0	159.69009408906388	s80-s92_ck-ck_o0-o0
2907	between	80	92	k	k	1	1	174.49848547738813	s80-s92_ck-ck_o1-o1
2908	between	80	92	s	s	0	0	266.4072146748622	s80-s92_cs-cs_o0-o0
2909	between	80	92	s	s	1	1	134.98592592280863	s80-s92_cs-cs_o1-o1
2910	between	80	94	h	h	0	0	174.11774225715988	s80-s94_ch-ch_o0-o0
2911	between	80	94	h	h	1	1	143.1363447188931	s80-s94_ch-ch_o1-o1
2912	between	80	94	k	k	0	0	176.21160288560228	s80-s94_ck-ck_o0-o0
2913	between	80	94	k	k	1	1	201.2357991007986	s80-s94_ck-ck_o1-o1
2914	between	80	94	s	s	0	0	292.95979072171656	s80-s94_cs-cs_o0-o0
2915	between	80	94	s	s	1	1	229.4120759546531	s80-s94_cs-cs_o1-o1
2916	between	80	95	h	h	0	0	135.20608801151226	s80-s95_ch-ch_o0-o0
2917	between	80	95	h	h	1	1	118.25463433520879	s80-s95_ch-ch_o1-o1
2918	between	80	95	k	k	0	0	136.4455985706389	s80-s95_ck-ck_o0-o0
2919	between	80	95	k	k	1	1	150.54802421652815	s80-s95_ck-ck_o1-o1
2920	between	80	95	s	s	0	0	131.32364560073503	s80-s95_cs-cs_o0-o0
2921	between	80	95	s	s	1	1	154.12244260098217	s80-s95_cs-cs_o1-o1
2922	between	80	97	h	h	0	0	149.74906373791006	s80-s97_ch-ch_o0-o0
2923	between	80	97	h	h	1	1	122.21096529804251	s80-s97_ch-ch_o1-o1
2924	between	80	97	k	k	0	0	157.70423339810833	s80-s97_ck-ck_o0-o0
2925	between	80	97	k	k	1	1	174.0600169920591	s80-s97_ck-ck_o1-o1
2926	between	80	97	s	s	0	0	148.25518927010899	s80-s97_cs-cs_o0-o0
2927	between	80	97	s	s	1	1	118.28228045258088	s80-s97_cs-cs_o1-o1
2928	between	80	99	h	h	0	0	142.48959759838533	s80-s99_ch-ch_o0-o0
2929	between	80	99	h	h	1	1	110.42025336135323	s80-s99_ch-ch_o1-o1
2930	between	80	99	k	k	0	0	158.17482067548082	s80-s99_ck-ck_o0-o0
2931	between	80	99	k	k	1	1	178.8476011289702	s80-s99_ck-ck_o1-o1
2932	between	80	99	s	s	0	0	136.54090259065023	s80-s99_cs-cs_o0-o0
2933	between	80	99	s	s	1	1	142.29972619946014	s80-s99_cs-cs_o1-o1
2934	between	81	87	h	h	0	0	129.65749110126654	s81-s87_ch-ch_o0-o0
2935	between	81	87	h	h	1	1	111.25128572984772	s81-s87_ch-ch_o1-o1
2936	between	81	87	k	k	0	0	110.97620882021573	s81-s87_ck-ck_o0-o0
2937	between	81	87	k	k	1	1	138.49452482913313	s81-s87_ck-ck_o1-o1
2938	between	81	87	s	s	0	0	203.356451573748	s81-s87_cs-cs_o0-o0
2939	between	81	87	s	s	1	1	228.75462020295615	s81-s87_cs-cs_o1-o1
2940	between	81	88	h	h	0	0	147.47545123619517	s81-s88_ch-ch_o0-o0
2941	between	81	88	h	h	1	1	156.73216485034888	s81-s88_ch-ch_o1-o1
2942	between	81	88	k	k	0	0	181.26415896372166	s81-s88_ck-ck_o0-o0
2943	between	81	88	k	k	1	1	174.34785928859714	s81-s88_ck-ck_o1-o1
2944	between	81	88	s	s	0	0	282.8610503317249	s81-s88_cs-cs_o0-o0
2945	between	81	88	s	s	1	1	217.4520765170678	s81-s88_cs-cs_o1-o1
2946	between	81	89	h	h	0	0	123.39894126922876	s81-s89_ch-ch_o0-o0
2947	between	81	89	h	h	1	1	120.07025028996155	s81-s89_ch-ch_o1-o1
2948	between	81	89	k	k	0	0	111.51507511592408	s81-s89_ck-ck_o0-o0
2949	between	81	89	k	k	1	1	137.7721789648712	s81-s89_ck-ck_o1-o1
2950	between	81	89	s	s	0	0	157.7994050321197	s81-s89_cs-cs_o0-o0
2951	between	81	89	s	s	1	1	149.90790519533653	s81-s89_cs-cs_o1-o1
2952	between	81	90	h	h	0	0	111.91039268937065	s81-s90_ch-ch_o0-o0
2953	between	81	90	h	h	1	1	121.10202205045069	s81-s90_ch-ch_o1-o1
2954	between	81	90	k	k	0	0	137.83521294928406	s81-s90_ck-ck_o0-o0
2955	between	81	90	k	k	1	1	181.5286406415642	s81-s90_ck-ck_o1-o1
2956	between	81	90	s	s	0	0	209.40854907817229	s81-s90_cs-cs_o0-o0
2957	between	81	90	s	s	1	1	256.7650104874132	s81-s90_cs-cs_o1-o1
2958	between	81	91	h	h	0	0	125.44198184173882	s81-s91_ch-ch_o0-o0
2959	between	81	91	h	h	1	1	119.46057704668974	s81-s91_ch-ch_o1-o1
2960	between	81	91	k	k	0	0	125.2607501816434	s81-s91_ck-ck_o0-o0
2961	between	81	91	k	k	1	1	148.60377940159876	s81-s91_ck-ck_o1-o1
2962	between	81	91	s	s	0	0	275.60139408623155	s81-s91_cs-cs_o0-o0
2963	between	81	91	s	s	1	1	267.10687890835345	s81-s91_cs-cs_o1-o1
2964	between	81	92	h	h	0	0	106.0861335944161	s81-s92_ch-ch_o0-o0
2965	between	81	92	h	h	1	1	101.17507508054106	s81-s92_ch-ch_o1-o1
2966	between	81	92	k	k	0	0	121.0648085003347	s81-s92_ck-ck_o0-o0
2967	between	81	92	k	k	1	1	136.77732014875625	s81-s92_ck-ck_o1-o1
2968	between	81	92	s	s	0	0	284.6243453682099	s81-s92_cs-cs_o0-o0
2969	between	81	92	s	s	1	1	176.84063910756203	s81-s92_cs-cs_o1-o1
2970	between	81	94	h	h	0	0	139.50137438237857	s81-s94_ch-ch_o0-o0
2971	between	81	94	h	h	1	1	132.63632471883378	s81-s94_ch-ch_o1-o1
2972	between	81	94	k	k	0	0	135.1327527556237	s81-s94_ck-ck_o0-o0
2973	between	81	94	k	k	1	1	148.782881292735	s81-s94_ck-ck_o1-o1
2974	between	81	94	s	s	0	0	277.89581282431254	s81-s94_cs-cs_o0-o0
2975	between	81	94	s	s	1	1	292.7474091795069	s81-s94_cs-cs_o1-o1
2976	between	81	95	h	h	0	0	110.18645244563972	s81-s95_ch-ch_o0-o0
2977	between	81	95	h	h	1	1	110.7275275004737	s81-s95_ch-ch_o1-o1
2978	between	81	95	k	k	0	0	121.7640982207731	s81-s95_ck-ck_o0-o0
2979	between	81	95	k	k	1	1	134.60001474378637	s81-s95_ck-ck_o1-o1
2980	between	81	95	s	s	0	0	171.50353515113562	s81-s95_cs-cs_o0-o0
2981	between	81	95	s	s	1	1	175.44075947516097	s81-s95_cs-cs_o1-o1
2982	between	81	97	h	h	0	0	114.68846106380781	s81-s97_ch-ch_o0-o0
2983	between	81	97	h	h	1	1	125.52430836476522	s81-s97_ch-ch_o1-o1
2984	between	81	97	k	k	0	0	118.75284019350347	s81-s97_ck-ck_o0-o0
2985	between	81	97	k	k	1	1	149.74525139986275	s81-s97_ck-ck_o1-o1
2986	between	81	97	s	s	0	0	196.2513244785454	s81-s97_cs-cs_o0-o0
2987	between	81	97	s	s	1	1	168.42989601282298	s81-s97_cs-cs_o1-o1
2988	between	81	99	h	h	0	0	110.52128970088708	s81-s99_ch-ch_o0-o0
2989	between	81	99	h	h	1	1	101.35066693955233	s81-s99_ch-ch_o1-o1
2990	between	81	99	k	k	0	0	121.07403891072777	s81-s99_ck-ck_o0-o0
2991	between	81	99	k	k	1	1	148.4464752909641	s81-s99_ck-ck_o1-o1
2992	between	81	99	s	s	0	0	133.0031033979438	s81-s99_cs-cs_o0-o0
2993	between	81	99	s	s	1	1	170.45562877276285	s81-s99_cs-cs_o1-o1
2994	between	87	88	h	h	0	0	157.38525931039328	s87-s88_ch-ch_o0-o0
2995	between	87	88	h	h	1	1	157.83474086703137	s87-s88_ch-ch_o1-o1
2996	between	87	88	k	k	0	0	178.81749449092706	s87-s88_ck-ck_o0-o0
2997	between	87	88	k	k	1	1	150.84321485060195	s87-s88_ck-ck_o1-o1
2998	between	87	88	s	s	0	0	271.94087792262945	s87-s88_cs-cs_o0-o0
2999	between	87	88	s	s	1	1	241.77145167401983	s87-s88_cs-cs_o1-o1
3000	between	87	89	h	h	0	0	97.98848823007236	s87-s89_ch-ch_o0-o0
3001	between	87	89	h	h	1	1	73.29806672876552	s87-s89_ch-ch_o1-o1
3002	between	87	89	k	k	0	0	93.27950207090711	s87-s89_ck-ck_o0-o0
3003	between	87	89	k	k	1	1	94.41561931225597	s87-s89_ck-ck_o1-o1
3004	between	87	89	s	s	0	0	180.7735895775641	s87-s89_cs-cs_o0-o0
3005	between	87	89	s	s	1	1	183.28387161130004	s87-s89_cs-cs_o1-o1
3006	between	87	90	h	h	0	0	145.33846091241958	s87-s90_ch-ch_o0-o0
3007	between	87	90	h	h	1	1	105.03989864521009	s87-s90_ch-ch_o1-o1
3008	between	87	90	k	k	0	0	136.7700296275835	s87-s90_ck-ck_o0-o0
3009	between	87	90	k	k	1	1	161.67199611311798	s87-s90_ck-ck_o1-o1
3010	between	87	90	s	s	0	0	181.90069209299585	s87-s90_cs-cs_o0-o0
3011	between	87	90	s	s	1	1	200.87780198736758	s87-s90_cs-cs_o1-o1
3012	between	87	91	h	h	0	0	125.51751185183714	s87-s91_ch-ch_o0-o0
3013	between	87	91	h	h	1	1	92.35577845570192	s87-s91_ch-ch_o1-o1
3014	between	87	91	k	k	0	0	118.41554601794691	s87-s91_ck-ck_o0-o0
3015	between	87	91	k	k	1	1	108.27531188866055	s87-s91_ck-ck_o1-o1
3016	between	87	91	s	s	0	0	242.2012033851678	s87-s91_cs-cs_o0-o0
3017	between	87	91	s	s	1	1	268.1610016758937	s87-s91_cs-cs_o1-o1
3018	between	87	92	h	h	0	0	118.61916456682907	s87-s92_ch-ch_o0-o0
3019	between	87	92	h	h	1	1	80.48002773327957	s87-s92_ch-ch_o1-o1
3020	between	87	92	k	k	0	0	122.33063532401711	s87-s92_ck-ck_o0-o0
3021	between	87	92	k	k	1	1	105.6509873258677	s87-s92_ck-ck_o1-o1
3022	between	87	92	s	s	0	0	234.96048409583273	s87-s92_cs-cs_o0-o0
3023	between	87	92	s	s	1	1	193.50307879494633	s87-s92_cs-cs_o1-o1
3024	between	87	94	h	h	0	0	118.4543842703806	s87-s94_ch-ch_o0-o0
3025	between	87	94	h	h	1	1	107.93032832625924	s87-s94_ch-ch_o1-o1
3026	between	87	94	k	k	0	0	132.1273460406541	s87-s94_ck-ck_o0-o0
3027	between	87	94	k	k	1	1	100.47218883748292	s87-s94_ck-ck_o1-o1
3028	between	87	94	s	s	0	0	286.6407531691744	s87-s94_cs-cs_o0-o0
3029	between	87	94	s	s	1	1	257.6306386866377	s87-s94_cs-cs_o1-o1
3030	between	87	95	h	h	0	0	105.48121170203784	s87-s95_ch-ch_o0-o0
3031	between	87	95	h	h	1	1	96.77792459300062	s87-s95_ch-ch_o1-o1
3032	between	87	95	k	k	0	0	116.70496618950332	s87-s95_ck-ck_o0-o0
3033	between	87	95	k	k	1	1	101.8002119474005	s87-s95_ck-ck_o1-o1
3034	between	87	95	s	s	0	0	184.77213813625642	s87-s95_cs-cs_o0-o0
3035	between	87	95	s	s	1	1	190.7724784589071	s87-s95_cs-cs_o1-o1
3036	between	87	97	h	h	0	0	119.90144791141896	s87-s97_ch-ch_o0-o0
3037	between	87	97	h	h	1	1	117.07892894458767	s87-s97_ch-ch_o1-o1
3038	between	87	97	k	k	0	0	116.60454573217902	s87-s97_ck-ck_o0-o0
3039	between	87	97	k	k	1	1	125.35604601560595	s87-s97_ck-ck_o1-o1
3040	between	87	97	s	s	0	0	160.41120569239592	s87-s97_cs-cs_o0-o0
3041	between	87	97	s	s	1	1	200.08461291455603	s87-s97_cs-cs_o1-o1
3042	between	87	99	h	h	0	0	123.40243725566364	s87-s99_ch-ch_o0-o0
3043	between	87	99	h	h	1	1	104.41369524836956	s87-s99_ch-ch_o1-o1
3044	between	87	99	k	k	0	0	105.83121268834988	s87-s99_ck-ck_o0-o0
3045	between	87	99	k	k	1	1	150.14621358689124	s87-s99_ck-ck_o1-o1
3046	between	87	99	s	s	0	0	160.77245408863007	s87-s99_cs-cs_o0-o0
3047	between	87	99	s	s	1	1	196.385029499366	s87-s99_cs-cs_o1-o1
3048	between	88	89	h	h	0	0	138.33133377345493	s88-s89_ch-ch_o0-o0
3049	between	88	89	h	h	1	1	143.6256710567643	s88-s89_ch-ch_o1-o1
3050	between	88	89	k	k	0	0	147.2646986545692	s88-s89_ck-ck_o0-o0
3051	between	88	89	k	k	1	1	132.79834590601817	s88-s89_ck-ck_o1-o1
3052	between	88	89	s	s	0	0	227.70366202290253	s88-s89_cs-cs_o0-o0
3053	between	88	89	s	s	1	1	162.14678262901188	s88-s89_cs-cs_o1-o1
3054	between	88	90	h	h	0	0	150.80089354750544	s88-s90_ch-ch_o0-o0
3055	between	88	90	h	h	1	1	131.25733827310415	s88-s90_ch-ch_o1-o1
3056	between	88	90	k	k	0	0	183.57933355235014	s88-s90_ck-ck_o0-o0
3057	between	88	90	k	k	1	1	181.63714672624664	s88-s90_ck-ck_o1-o1
3058	between	88	90	s	s	0	0	221.79509757529996	s88-s90_cs-cs_o0-o0
3059	between	88	90	s	s	1	1	195.27240550985903	s88-s90_cs-cs_o1-o1
3060	between	88	91	h	h	0	0	122.20054026274235	s88-s91_ch-ch_o0-o0
3061	between	88	91	h	h	1	1	128.63757266715092	s88-s91_ch-ch_o1-o1
3062	between	88	91	k	k	0	0	145.3572460640042	s88-s91_ck-ck_o0-o0
3063	between	88	91	k	k	1	1	153.4906398234821	s88-s91_ck-ck_o1-o1
3064	between	88	91	s	s	0	0	231.59193104389826	s88-s91_cs-cs_o0-o0
3065	between	88	91	s	s	1	1	213.44304349008468	s88-s91_cs-cs_o1-o1
3066	between	88	92	h	h	0	0	142.0155229521143	s88-s92_ch-ch_o0-o0
3067	between	88	92	h	h	1	1	140.7337509818058	s88-s92_ch-ch_o1-o1
3068	between	88	92	k	k	0	0	162.2356125382695	s88-s92_ck-ck_o0-o0
3069	between	88	92	k	k	1	1	159.9872521590696	s88-s92_ck-ck_o1-o1
3070	between	88	92	s	s	0	0	275.6388761981371	s88-s92_cs-cs_o0-o0
3071	between	88	92	s	s	1	1	176.45395520664272	s88-s92_cs-cs_o1-o1
3072	between	88	94	h	h	0	0	136.65349147646648	s88-s94_ch-ch_o0-o0
3073	between	88	94	h	h	1	1	146.74733267033793	s88-s94_ch-ch_o1-o1
3074	between	88	94	k	k	0	0	160.45640989750825	s88-s94_ck-ck_o0-o0
3075	between	88	94	k	k	1	1	158.68023410394503	s88-s94_ck-ck_o1-o1
3076	between	88	94	s	s	0	0	341.91470010189937	s88-s94_cs-cs_o0-o0
3077	between	88	94	s	s	1	1	229.42912708348672	s88-s94_cs-cs_o1-o1
3078	between	88	95	h	h	0	0	134.55805412974576	s88-s95_ch-ch_o0-o0
3079	between	88	95	h	h	1	1	122.99577816468233	s88-s95_ch-ch_o1-o1
3080	between	88	95	k	k	0	0	137.87798381727544	s88-s95_ck-ck_o0-o0
3081	between	88	95	k	k	1	1	142.0266526607156	s88-s95_ck-ck_o1-o1
3082	between	88	95	s	s	0	0	202.66107178033724	s88-s95_cs-cs_o0-o0
3083	between	88	95	s	s	1	1	175.98540252298216	s88-s95_cs-cs_o1-o1
3084	between	88	97	h	h	0	0	142.81071316503557	s88-s97_ch-ch_o0-o0
3085	between	88	97	h	h	1	1	154.20853796641032	s88-s97_ch-ch_o1-o1
3086	between	88	97	k	k	0	0	172.41078965754036	s88-s97_ck-ck_o0-o0
3087	between	88	97	k	k	1	1	165.7937045029347	s88-s97_ck-ck_o1-o1
3088	between	88	97	s	s	0	0	193.44860542039802	s88-s97_cs-cs_o0-o0
3089	between	88	97	s	s	1	1	171.84428717545956	s88-s97_cs-cs_o1-o1
3090	between	88	99	h	h	0	0	125.69986585648103	s88-s99_ch-ch_o0-o0
3091	between	88	99	h	h	1	1	126.44732169412165	s88-s99_ch-ch_o1-o1
3092	between	88	99	k	k	0	0	152.84017313148755	s88-s99_ck-ck_o0-o0
3093	between	88	99	k	k	1	1	174.02721258908446	s88-s99_ck-ck_o1-o1
3094	between	88	99	s	s	0	0	215.49649798947166	s88-s99_cs-cs_o0-o0
3095	between	88	99	s	s	1	1	172.55675928226603	s88-s99_cs-cs_o1-o1
3096	between	89	90	h	h	0	0	130.7819685199786	s89-s90_ch-ch_o0-o0
3097	between	89	90	h	h	1	1	102.96589174506818	s89-s90_ch-ch_o1-o1
3098	between	89	90	k	k	0	0	128.5489274335152	s89-s90_ck-ck_o0-o0
3099	between	89	90	k	k	1	1	146.2298985040683	s89-s90_ck-ck_o1-o1
3100	between	89	90	s	s	0	0	156.08148099263528	s89-s90_cs-cs_o0-o0
3101	between	89	90	s	s	1	1	136.92406175793917	s89-s90_cs-cs_o1-o1
3102	between	89	91	h	h	0	0	97.58828871166786	s89-s91_ch-ch_o0-o0
3103	between	89	91	h	h	1	1	94.89176419355873	s89-s91_ch-ch_o1-o1
3104	between	89	91	k	k	0	0	82.01394838320125	s89-s91_ck-ck_o0-o0
3105	between	89	91	k	k	1	1	107.93160601755324	s89-s91_ck-ck_o1-o1
3106	between	89	91	s	s	0	0	230.0586375302886	s89-s91_cs-cs_o0-o0
3107	between	89	91	s	s	1	1	191.51933109592144	s89-s91_cs-cs_o1-o1
3108	between	89	92	h	h	0	0	116.89763588563413	s89-s92_ch-ch_o0-o0
3109	between	89	92	h	h	1	1	84.04866744870687	s89-s92_ch-ch_o1-o1
3110	between	89	92	k	k	0	0	108.31405200546264	s89-s92_ck-ck_o0-o0
3111	between	89	92	k	k	1	1	94.69804501698104	s89-s92_ck-ck_o1-o1
3112	between	89	92	s	s	0	0	261.86153366066293	s89-s92_cs-cs_o0-o0
3113	between	89	92	s	s	1	1	97.020542974217	s89-s92_cs-cs_o1-o1
3114	between	89	94	h	h	0	0	85.61939567265621	s89-s94_ch-ch_o0-o0
3115	between	89	94	h	h	1	1	102.41589256188398	s89-s94_ch-ch_o1-o1
3116	between	89	94	k	k	0	0	92.08090608331273	s89-s94_ck-ck_o0-o0
3117	between	89	94	k	k	1	1	117.60514219211986	s89-s94_ck-ck_o1-o1
3118	between	89	94	s	s	0	0	292.41288597054216	s89-s94_cs-cs_o0-o0
3119	between	89	94	s	s	1	1	211.61603291228676	s89-s94_cs-cs_o1-o1
3120	between	89	95	h	h	0	0	71.77454367536369	s89-s95_ch-ch_o0-o0
3121	between	89	95	h	h	1	1	98.4674158667295	s89-s95_ch-ch_o1-o1
3122	between	89	95	k	k	0	0	90.75557091975529	s89-s95_ck-ck_o0-o0
3123	between	89	95	k	k	1	1	76.57694527381422	s89-s95_ck-ck_o1-o1
3124	between	89	95	s	s	0	0	122.99785064540626	s89-s95_cs-cs_o0-o0
3125	between	89	95	s	s	1	1	119.608311743888	s89-s95_cs-cs_o1-o1
3126	between	89	97	h	h	0	0	106.20529674967014	s89-s97_ch-ch_o0-o0
3127	between	89	97	h	h	1	1	113.56424882076892	s89-s97_ch-ch_o1-o1
3128	between	89	97	k	k	0	0	99.31691685550939	s89-s97_ck-ck_o0-o0
3129	between	89	97	k	k	1	1	113.72324912978522	s89-s97_ck-ck_o1-o1
3130	between	89	97	s	s	0	0	149.614263479195	s89-s97_cs-cs_o0-o0
3131	between	89	97	s	s	1	1	86.8776554361119	s89-s97_cs-cs_o1-o1
3132	between	89	99	h	h	0	0	96.25017243368072	s89-s99_ch-ch_o0-o0
3133	between	89	99	h	h	1	1	105.51250954057943	s89-s99_ch-ch_o1-o1
3134	between	89	99	k	k	0	0	86.77478751625448	s89-s99_ck-ck_o0-o0
3135	between	89	99	k	k	1	1	137.19886756181742	s89-s99_ck-ck_o1-o1
3136	between	89	99	s	s	0	0	110.74166454384932	s89-s99_cs-cs_o0-o0
3137	between	89	99	s	s	1	1	104.67369805629522	s89-s99_cs-cs_o1-o1
3138	between	90	91	h	h	0	0	132.5765581048883	s90-s91_ch-ch_o0-o0
3139	between	90	91	h	h	1	1	105.00657029633632	s90-s91_ch-ch_o1-o1
3140	between	90	91	k	k	0	0	149.74212864864347	s90-s91_ck-ck_o0-o0
3141	between	90	91	k	k	1	1	184.5436017410141	s90-s91_ck-ck_o1-o1
3142	between	90	91	s	s	0	0	203.3934678549786	s90-s91_cs-cs_o0-o0
3143	between	90	91	s	s	1	1	216.20626332616172	s90-s91_cs-cs_o1-o1
3144	between	90	92	h	h	0	0	119.47132101819598	s90-s92_ch-ch_o0-o0
3145	between	90	92	h	h	1	1	101.4020517180236	s90-s92_ch-ch_o1-o1
3146	between	90	92	k	k	0	0	144.85793826524488	s90-s92_ck-ck_o0-o0
3147	between	90	92	k	k	1	1	155.59258309844975	s90-s92_ck-ck_o1-o1
3148	between	90	92	s	s	0	0	216.31448829753072	s90-s92_cs-cs_o0-o0
3149	between	90	92	s	s	1	1	151.97920939848134	s90-s92_cs-cs_o1-o1
3150	between	90	94	h	h	0	0	130.95132349858335	s90-s94_ch-ch_o0-o0
3151	between	90	94	h	h	1	1	126.51869956142276	s90-s94_ch-ch_o1-o1
3152	between	90	94	k	k	0	0	176.3081554728532	s90-s94_ck-ck_o0-o0
3153	between	90	94	k	k	1	1	171.46909688883744	s90-s94_ck-ck_o1-o1
3154	between	90	94	s	s	0	0	272.2503988373743	s90-s94_cs-cs_o0-o0
3155	between	90	94	s	s	1	1	230.65699541936706	s90-s94_cs-cs_o1-o1
3156	between	90	95	h	h	0	0	114.8974020823257	s90-s95_ch-ch_o0-o0
3157	between	90	95	h	h	1	1	107.46420877442524	s90-s95_ch-ch_o1-o1
3158	between	90	95	k	k	0	0	119.91014607497745	s90-s95_ck-ck_o0-o0
3159	between	90	95	k	k	1	1	141.02024182821845	s90-s95_ck-ck_o1-o1
3160	between	90	95	s	s	0	0	147.29347070603916	s90-s95_cs-cs_o0-o0
3161	between	90	95	s	s	1	1	154.94117190532606	s90-s95_cs-cs_o1-o1
3162	between	90	97	h	h	0	0	122.13336502691855	s90-s97_ch-ch_o0-o0
3163	between	90	97	h	h	1	1	130.7184180413471	s90-s97_ch-ch_o1-o1
3164	between	90	97	k	k	0	0	160.07933690709973	s90-s97_ck-ck_o0-o0
3165	between	90	97	k	k	1	1	173.9810506341719	s90-s97_ck-ck_o1-o1
3166	between	90	97	s	s	0	0	147.47440062211308	s90-s97_cs-cs_o0-o0
3167	between	90	97	s	s	1	1	155.17603742644832	s90-s97_cs-cs_o1-o1
3168	between	90	99	h	h	0	0	113.45881894613251	s90-s99_ch-ch_o0-o0
3169	between	90	99	h	h	1	1	111.84091238333329	s90-s99_ch-ch_o1-o1
3170	between	90	99	k	k	0	0	136.1759558748141	s90-s99_ck-ck_o0-o0
3171	between	90	99	k	k	1	1	155.74718912422475	s90-s99_ck-ck_o1-o1
3172	between	90	99	s	s	0	0	161.62671420068017	s90-s99_cs-cs_o0-o0
3173	between	90	99	s	s	1	1	164.19844152619984	s90-s99_cs-cs_o1-o1
3174	between	91	92	h	h	0	0	131.45215951299602	s91-s92_ch-ch_o0-o0
3175	between	91	92	h	h	1	1	95.14312332692262	s91-s92_ch-ch_o1-o1
3176	between	91	92	k	k	0	0	121.87540586538975	s91-s92_ck-ck_o0-o0
3177	between	91	92	k	k	1	1	117.42282997380704	s91-s92_ck-ck_o1-o1
3178	between	91	92	s	s	0	0	290.1030666933109	s91-s92_cs-cs_o0-o0
3179	between	91	92	s	s	1	1	203.5686936473127	s91-s92_cs-cs_o1-o1
3180	between	91	94	h	h	0	0	106.4410558146152	s91-s94_ch-ch_o0-o0
3181	between	91	94	h	h	1	1	110.98458236900825	s91-s94_ch-ch_o1-o1
3182	between	91	94	k	k	0	0	116.35384224433398	s91-s94_ck-ck_o0-o0
3183	between	91	94	k	k	1	1	117.89234721345196	s91-s94_ck-ck_o1-o1
3184	between	91	94	s	s	0	0	313.23077509586227	s91-s94_cs-cs_o0-o0
3185	between	91	94	s	s	1	1	246.309742621808	s91-s94_cs-cs_o1-o1
3186	between	91	95	h	h	0	0	98.5867242866145	s91-s95_ch-ch_o0-o0
3187	between	91	95	h	h	1	1	85.13280980677663	s91-s95_ch-ch_o1-o1
3188	between	91	95	k	k	0	0	93.02295286374355	s91-s95_ck-ck_o0-o0
3189	between	91	95	k	k	1	1	113.23678413598576	s91-s95_ck-ck_o1-o1
3190	between	91	95	s	s	0	0	194.27946745793994	s91-s95_cs-cs_o0-o0
3191	between	91	95	s	s	1	1	178.37104297921186	s91-s95_cs-cs_o1-o1
3192	between	91	97	h	h	0	0	126.92173852767138	s91-s97_ch-ch_o0-o0
3193	between	91	97	h	h	1	1	120.32584651808041	s91-s97_ch-ch_o1-o1
3194	between	91	97	k	k	0	0	122.37381991993968	s91-s97_ck-ck_o0-o0
3195	between	91	97	k	k	1	1	143.3886102204148	s91-s97_ck-ck_o1-o1
3196	between	91	97	s	s	0	0	212.79028887848062	s91-s97_cs-cs_o0-o0
3197	between	91	97	s	s	1	1	207.9980599638057	s91-s97_cs-cs_o1-o1
3198	between	91	99	h	h	0	0	88.95730413642266	s91-s99_ch-ch_o0-o0
3199	between	91	99	h	h	1	1	105.21144011994214	s91-s99_ch-ch_o1-o1
3200	between	91	99	k	k	0	0	86.27908067395599	s91-s99_ck-ck_o0-o0
3201	between	91	99	k	k	1	1	159.24699691514647	s91-s99_ck-ck_o1-o1
3202	between	91	99	s	s	0	0	226.50788755748107	s91-s99_cs-cs_o0-o0
3203	between	91	99	s	s	1	1	183.4062804659853	s91-s99_cs-cs_o1-o1
3204	between	92	94	h	h	0	0	128.21478008489316	s92-s94_ch-ch_o0-o0
3205	between	92	94	h	h	1	1	104.69929101519396	s92-s94_ch-ch_o1-o1
3206	between	92	94	k	k	0	0	138.50518012050972	s92-s94_ck-ck_o0-o0
3207	between	92	94	k	k	1	1	122.47777682906164	s92-s94_ck-ck_o1-o1
3208	between	92	94	s	s	0	0	285.1241422380571	s92-s94_cs-cs_o0-o0
3209	between	92	94	s	s	1	1	215.76268495349527	s92-s94_cs-cs_o1-o1
3210	between	92	95	h	h	0	0	110.7565553439468	s92-s95_ch-ch_o0-o0
3211	between	92	95	h	h	1	1	99.52585018953347	s92-s95_ch-ch_o1-o1
3212	between	92	95	k	k	0	0	110.10658911757292	s92-s95_ck-ck_o0-o0
3213	between	92	95	k	k	1	1	99.85910461724086	s92-s95_ck-ck_o1-o1
3214	between	92	95	s	s	0	0	256.22000528555657	s92-s95_cs-cs_o0-o0
3215	between	92	95	s	s	1	1	129.4046772938981	s92-s95_cs-cs_o1-o1
3216	between	92	97	h	h	0	0	104.0665944018645	s92-s97_ch-ch_o0-o0
3217	between	92	97	h	h	1	1	89.86823722860352	s92-s97_ch-ch_o1-o1
3218	between	92	97	k	k	0	0	123.83527828610393	s92-s97_ck-ck_o0-o0
3219	between	92	97	k	k	1	1	123.85468193814495	s92-s97_ck-ck_o1-o1
3220	between	92	97	s	s	0	0	213.66150373521265	s92-s97_cs-cs_o0-o0
3221	between	92	97	s	s	1	1	110.00839882324323	s92-s97_cs-cs_o1-o1
3222	between	92	99	h	h	0	0	112.05811886832907	s92-s99_ch-ch_o0-o0
3223	between	92	99	h	h	1	1	94.89171845430589	s92-s99_ch-ch_o1-o1
3224	between	92	99	k	k	0	0	110.30050080586605	s92-s99_ck-ck_o0-o0
3225	between	92	99	k	k	1	1	148.1055122648061	s92-s99_ck-ck_o1-o1
3226	between	92	99	s	s	0	0	247.62834611279771	s92-s99_cs-cs_o0-o0
3227	between	92	99	s	s	1	1	127.11237312149834	s92-s99_cs-cs_o1-o1
3228	between	94	95	h	h	0	0	100.57888865543383	s94-s95_ch-ch_o0-o0
3229	between	94	95	h	h	1	1	117.91941560717207	s94-s95_ch-ch_o1-o1
3230	between	94	95	k	k	0	0	117.68155512919257	s94-s95_ck-ck_o0-o0
3231	between	94	95	k	k	1	1	116.3717279629189	s94-s95_ck-ck_o1-o1
3232	between	94	95	s	s	0	0	289.5211602732133	s94-s95_cs-cs_o0-o0
3233	between	94	95	s	s	1	1	216.59240384103794	s94-s95_cs-cs_o1-o1
3234	between	94	97	h	h	0	0	117.39877295505296	s94-s97_ch-ch_o0-o0
3235	between	94	97	h	h	1	1	119.84437189364924	s94-s97_ch-ch_o1-o1
3236	between	94	97	k	k	0	0	110.7744520504884	s94-s97_ck-ck_o0-o0
3237	between	94	97	k	k	1	1	125.5053597247945	s94-s97_ck-ck_o1-o1
3238	between	94	97	s	s	0	0	260.0626673120762	s94-s97_cs-cs_o0-o0
3239	between	94	97	s	s	1	1	215.00339917226623	s94-s97_cs-cs_o1-o1
3240	between	94	99	h	h	0	0	106.96771125691667	s94-s99_ch-ch_o0-o0
3241	between	94	99	h	h	1	1	117.21427077511527	s94-s99_ch-ch_o1-o1
3242	between	94	99	k	k	0	0	117.21457069499344	s94-s99_ck-ck_o0-o0
3243	between	94	99	k	k	1	1	168.7222880283979	s94-s99_ck-ck_o1-o1
3244	between	94	99	s	s	0	0	259.5594238338818	s94-s99_cs-cs_o0-o0
3245	between	94	99	s	s	1	1	192.52961548177754	s94-s99_cs-cs_o1-o1
3246	between	95	97	h	h	0	0	107.2911027025815	s95-s97_ch-ch_o0-o0
3247	between	95	97	h	h	1	1	123.13746438153571	s95-s97_ch-ch_o1-o1
3248	between	95	97	k	k	0	0	128.24913317049277	s95-s97_ck-ck_o0-o0
3249	between	95	97	k	k	1	1	130.65682642738423	s95-s97_ck-ck_o1-o1
3250	between	95	97	s	s	0	0	139.49742402198564	s95-s97_cs-cs_o0-o0
3251	between	95	97	s	s	1	1	131.50956727885418	s95-s97_cs-cs_o1-o1
3252	between	95	99	h	h	0	0	91.043404272058	s95-s99_ch-ch_o0-o0
3253	between	95	99	h	h	1	1	93.24013578141503	s95-s99_ch-ch_o1-o1
3254	between	95	99	k	k	0	0	86.04766605196434	s95-s99_ck-ck_o0-o0
3255	between	95	99	k	k	1	1	126.74745171402837	s95-s99_ck-ck_o1-o1
3256	between	95	99	s	s	0	0	132.03616471250194	s95-s99_cs-cs_o0-o0
3257	between	95	99	s	s	1	1	121.58471591117893	s95-s99_cs-cs_o1-o1
3258	between	97	99	h	h	0	0	111.47430071768173	s97-s99_ch-ch_o0-o0
3259	between	97	99	h	h	1	1	132.40189722043255	s97-s99_ch-ch_o1-o1
3260	between	97	99	k	k	0	0	123.44062831429278	s97-s99_ck-ck_o0-o0
3261	between	97	99	k	k	1	1	167.88847954258483	s97-s99_ck-ck_o1-o1
3262	between	97	99	s	s	0	0	132.379336383615	s97-s99_cs-cs_o0-o0
3263	between	97	99	s	s	1	1	115.25119401045204	s97-s99_cs-cs_o1-o1
